Property_ID,Listing_Date,Sale_Price,Bedrooms,Bathrooms,SqFt_Living,SqFt_Lot,Floors,Waterfront,Year_Built,Year_Renovated,City,Zip_Code
PROP_00001,2026-04-24,1948950,4,3.5,4260,12780,2.5,0,1956,2021,Tech Park District,30045
PROP_00002,2025-07-28,272580,4,2.5,1540,9240,1.0,0,1956,0,Greenwood Valley,40082
PROP_00003,2025-06-13,328556,4,1.5,1485,2970,2.0,0,2004,2019,Greenwood Valley,40082
PROP_00004,2025-10-19,175685,1,1.0,857,4285,1.5,0,1982,0,Coastal Suburbs,20011
PROP_00005,2025-10-04,754880,4,3.5,3370,10110,3.0,0,2007,0,Greenwood Valley,40081
PROP_00006,2025-09-23,834771,5,3.5,2667,10668,2.0,0,1957,0,Metro City,10001
PROP_00007,2025-08-11,394593,1,1.0,1403,7015,1.5,0,1979,2025,Greenwood Valley,40081
PROP_00008,2025-07-23,252655,4,1.0,1495,2990,1.5,0,1963,0,Metro City,10004
PROP_00009,2026-05-13,1206928,4,3.5,3856,23136,2.5,0,1973,0,Metro City,10002
PROP_00010,2026-03-07,225609,4,2.0,1437,8622,2.0,0,2010,0,Metro City,10001
PROP_00011,2025-07-15,121961,1,1.5,917,2751,2.0,0,2004,0,Tech Park District,30046
PROP_00012,2026-03-30,1266430,4,3.5,3176,25408,2.5,0,1992,2025,Coastal Suburbs,20013
PROP_00013,2026-01-03,207600,2,1.0,1730,3460,1.5,0,1978,0,Tech Park District,30046
PROP_00014,2025-06-17,147620,3,2.5,1220,6100,1.0,0,1996,0,Greenwood Valley,40081
PROP_00015,2025-06-16,450765,2,2.0,1701,5103,2.0,0,1955,2019,Tech Park District,30045
PROP_00016,2025-07-18,233593,3,1.5,1495,8970,1.0,0,1972,2017,Coastal Suburbs,20012
PROP_00017,2025-09-20,330562,1,2.0,1230,4920,1.5,0,1971,2025,Metro City,10002
PROP_00018,2025-09-28,299490,2,1.5,1192,7152,1.5,0,2004,2019,Greenwood Valley,40081
PROP_00019,2026-02-14,1267941,5,3.0,3743,14972,2.0,0,1966,2025,Metro City,10002
PROP_00020,2026-04-05,285500,4,1.0,1142,6852,1.5,0,1997,0,Greenwood Valley,40081
PROP_00021,2025-06-14,502830,3,2.5,2265,11325,1.5,0,1954,0,Greenwood Valley,40081
PROP_00022,2026-03-15,1077930,5,3.0,3654,21924,2.5,0,1982,0,Coastal Suburbs,20012
PROP_00023,2025-09-10,410970,3,1.5,1995,3990,1.5,0,2004,0,Coastal Suburbs,20011
PROP_00024,2026-04-29,243261,4,2.0,1359,6795,1.0,0,1983,0,Greenwood Valley,40082
PROP_00025,2026-05-26,163314,1,2.0,1266,2532,1.0,0,1975,0,Tech Park District,30045
PROP_00026,2026-03-07,584598,3,1.5,2245,13470,1.0,1,1951,0,Tech Park District,30046
PROP_00027,2026-01-01,582862,5,4.0,2449,14694,3.0,0,2000,0,Tech Park District,30046
PROP_00028,2025-09-21,342813,4,2.5,1497,2994,1.5,0,2003,0,Coastal Suburbs,20012
PROP_00029,2026-01-16,485310,2,2.0,2311,4622,1.5,0,1993,0,Greenwood Valley,40081
PROP_00030,2026-03-29,777088,6,3.5,3736,26152,2.0,0,1967,0,Greenwood Valley,40082
PROP_00031,2025-10-21,2166255,7,7.5,4761,61893,3.0,0,1992,0,Tech Park District,30046
PROP_00032,2025-06-04,183812,1,1.5,865,5190,1.5,0,1958,2022,Greenwood Valley,40082
PROP_00033,2025-08-21,186151,1,2.5,917,3668,2.0,0,2002,0,Tech Park District,30045
PROP_00034,2026-05-24,317604,4,1.0,1596,4788,1.0,0,2005,0,Metro City,10002
PROP_00035,2026-01-03,285324,3,1.5,1829,9145,1.5,0,2007,0,Greenwood Valley,40081
PROP_00036,2025-11-22,337171,4,2.5,1747,10482,1.0,0,2008,0,Greenwood Valley,40081
PROP_00037,2025-10-21,388087,2,2.5,1310,3930,2.0,0,1999,2018,Tech Park District,30046
PROP_00038,2025-08-19,192313,1,1.5,1123,4492,2.0,0,1977,2022,Metro City,10004
PROP_00039,2025-09-19,408111,1,2.0,1639,8195,1.0,0,1955,0,Metro City,10003
PROP_00040,2025-11-20,248248,4,1.5,1612,3224,1.0,0,1991,0,Metro City,10004
PROP_00041,2025-07-23,431851,1,1.5,2261,11305,1.0,0,1970,0,Greenwood Valley,40082
PROP_00042,2025-07-18,216216,1,2.5,1144,2288,2.0,0,1969,0,Metro City,10001
PROP_00043,2025-12-12,-150000,2,2.5,2226,4452,2.0,0,1999,0,Coastal Suburbs,20011
PROP_00044,2025-07-20,429151,1,2.5,2371,7113,1.0,0,1975,0,Greenwood Valley,40081
PROP_00045,2025-12-01,3271414,8,5.0,7286,109290,2.5,0,1971,0,Greenwood Valley,40081
PROP_00046,2025-11-24,431171,3,2.0,1951,5853,2.0,0,2004,0,Metro City,10004
PROP_00047,2026-04-06,384651,2,1.0,1623,6492,1.0,0,1978,0,Coastal Suburbs,20011
PROP_00048,2025-10-14,289634,2,2.5,1417,8502,1.5,1,1971,0,Tech Park District,30046
PROP_00049,2025-06-23,4611434,9,5.0,5861,41027,4.0,1,2011,0,Metro City,10003
PROP_00050,2026-01-22,192676,2,1.0,1276,2552,2.0,0,1989,0,Metro City,10004
PROP_00051,2026-03-02,338472,1,1.5,1567,7835,1.5,0,1976,0,Greenwood Valley,40081
PROP_00052,2025-08-03,139620,4,2.0,1074,4296,1.5,0,2003,0,Coastal Suburbs,20013
PROP_00053,2025-12-11,237168,3,2.0,1296,3888,2.0,0,1978,0,Tech Park District,30045
PROP_00054,2025-07-11,281736,1,1.0,1806,3612,1.0,0,1976,0,Greenwood Valley,40082
PROP_00055,2026-03-10,365961,2,1.5,1839,3678,1.5,0,1971,0,Coastal Suburbs,20013
PROP_00056,2025-10-29,295830,2,2.0,1384,8304,1.5,0,1984,2023,Coastal Suburbs,20012
PROP_00057,2026-04-18,391690,2,2.5,1703,8515,2.0,0,1969,0,Metro City,10003
PROP_00058,2026-04-13,885720,5,2.5,3630,25410,3.0,0,1982,0,Greenwood Valley,40081
PROP_00059,2025-12-03,235638,4,1.0,1482,4446,2.0,0,1974,0,Tech Park District,30046
PROP_00060,2026-03-23,400200,4,2.5,2320,9280,1.5,0,2002,2017,Tech Park District,30046
PROP_00061,2025-09-07,509106,4,2.0,2379,9516,2.0,0,1957,0,Greenwood Valley,40081
PROP_00062,2026-05-27,328444,1,2.0,2092,4184,2.0,0,1983,0,Greenwood Valley,40081
PROP_00063,2025-07-06,226502,2,1.0,1039,2078,2.0,0,2000,0,Coastal Suburbs,20012
PROP_00064,2025-06-24,1154496,4,4.0,3436,27488,2.5,0,1998,0,Metro City,10002
PROP_00065,2026-05-05,334125,3,1.5,1350,4050,2.0,0,1950,2023,Greenwood Valley,40081
PROP_00066,2025-09-25,353100,4,2.5,2140,8560,2.0,0,1997,0,Metro City,10001
PROP_00067,2025-10-27,325526,1,2.5,1961,5883,1.0,0,1974,0,Coastal Suburbs,20011
PROP_00068,2025-07-11,182970,1,1.5,963,3852,1.0,0,1958,0,Greenwood Valley,40082
PROP_00069,2025-09-28,120250,1,1.0,925,3700,1.0,0,1962,0,Coastal Suburbs,20012
PROP_00070,2025-07-22,473207,3,2.5,1769,7076,2.0,0,1993,2019,Metro City,10004
PROP_00071,2025-12-12,327672,1,2.0,1476,2952,1.0,0,1967,0,Tech Park District,30046
PROP_00072,2025-10-21,1364892,4,3.5,4252,29764,3.0,0,2015,0,Metro City,10003
PROP_00073,2026-01-19,5622870,8,4.5,7096,70960,2.5,1,2006,0,Coastal Suburbs,20011
PROP_00074,2026-04-22,243020,1,2.0,1676,8380,2.0,0,1999,0,Greenwood Valley,40082
PROP_00075,2025-12-04,543426,1,1.5,1819,3638,1.5,0,1971,2017,Coastal Suburbs,20013
PROP_00076,2025-08-23,206248,2,1.0,1016,5080,2.0,0,1999,0,Greenwood Valley,40081
PROP_00077,2025-12-07,529690,4,1.0,2162,6486,2.0,0,1961,0,Coastal Suburbs,20013
PROP_00078,2025-11-29,1130382,6,2.5,3806,22836,3.0,0,2005,0,Tech Park District,30045
PROP_00079,2025-09-16,164976,1,1.0,982,3928,2.0,0,1964,0,Coastal Suburbs,20012
PROP_00080,2026-05-10,1098526,6,2.5,3674,11022,3.0,0,2004,0,Coastal Suburbs,20012
PROP_00081,2025-10-15,321800,2,1.0,1609,3218,2.0,0,1968,0,Tech Park District,30045
PROP_00082,2026-05-26,259968,4,1.5,2031,8124,1.0,0,1990,0,Tech Park District,30045
PROP_00083,2026-05-16,3929855,9,5.0,6528,58752,4.0,1,1992,0,Metro City,10003
PROP_00084,2026-04-28,1441640,4,2.5,3134,18804,3.0,0,1970,2024,Coastal Suburbs,20013
PROP_00085,2025-07-07,451392,4,2.0,2351,11755,1.5,0,1986,0,Greenwood Valley,40082
PROP_00086,2026-04-08,625581,5,2.5,2937,14685,3.0,0,1988,0,Coastal Suburbs,20013
PROP_00087,2026-04-22,186320,4,2.0,1096,3288,1.0,0,1951,0,Coastal Suburbs,20013
PROP_00088,2025-08-27,150975,4,1.5,915,1830,1.5,0,1956,0,Metro City,10002
PROP_00089,2026-03-01,1106300,6,4.0,3404,10212,2.0,0,1988,0,Tech Park District,30046
PROP_00090,2025-10-04,496523,1,2.5,2131,10655,1.5,0,1997,0,Coastal Suburbs,20013
PROP_00091,2025-08-23,288144,2,1.0,2001,12006,2.0,0,1973,0,Metro City,10001
PROP_00092,2026-01-23,116250,1,2.0,930,5580,1.0,0,2000,0,Greenwood Valley,40082
PROP_00093,2025-12-12,356568,1,1.5,2148,4296,1.0,0,1950,0,Greenwood Valley,40081
PROP_00094,2025-10-17,156640,2,1.5,979,5874,1.5,0,1960,2024,Tech Park District,30045
PROP_00095,2026-04-24,797132,4,4.0,2401,9604,2.5,0,1987,0,Tech Park District,30046
PROP_00096,2026-05-19,295945,3,2.0,2041,12246,2.0,0,1955,0,Greenwood Valley,40081
PROP_00097,2026-03-13,388303,2,1.5,2033,12198,1.0,0,1966,0,Coastal Suburbs,20011
PROP_00098,2025-09-21,492562,3,2.5,2130,6390,1.5,0,2004,2018,Greenwood Valley,40081
PROP_00099,2026-05-17,565750,3,1.5,2263,9052,2.0,0,1970,0,Coastal Suburbs,20011
PROP_00100,2025-11-14,2133041,9,7.5,4607,64498,2.5,0,1964,0,Coastal Suburbs,20012
PROP_00101,2025-06-29,262491,1,2.0,1483,5932,1.0,0,1985,0,Greenwood Valley,40081
PROP_00102,2025-09-26,283955,1,1.0,1159,6954,2.0,0,1962,0,Greenwood Valley,40081
PROP_00103,2025-06-17,323573,1,1.5,1451,7255,1.0,0,2011,0,Tech Park District,30046
PROP_00104,2025-11-09,145236,2,1.5,1092,5460,2.0,0,1997,0,Tech Park District,30045
PROP_00105,2025-12-23,322620,4,1.5,1698,6792,1.5,0,2004,0,Coastal Suburbs,20013
PROP_00106,2025-10-16,283560,12,2.0,1632,6528,1.0,0,1980,2018,Coastal Suburbs,20012
PROP_00107,2025-07-04,411996,4,1.0,1668,10008,2.0,0,2015,0,Metro City,10001
PROP_00108,2025-09-17,588120,2,1.0,2262,11310,2.0,0,1981,2024,Metro City,10004
PROP_00109,2026-03-18,1289658,6,3.0,3117,9351,2.5,0,1995,2022,Metro City,10004
PROP_00110,2025-11-09,328500,1,2.0,2190,6570,2.0,0,1987,0,Greenwood Valley,40082
PROP_00111,2025-09-17,347456,4,1.5,1424,8544,1.0,0,1957,0,Tech Park District,30046
PROP_00112,2026-05-02,219820,1,1.0,1516,4548,1.5,0,2005,0,Greenwood Valley,40082
PROP_00113,2026-02-11,240370,4,1.0,1118,4472,1.0,0,1988,0,Metro City,10002
PROP_00114,2025-12-20,1306200,4,4.0,4200,16800,2.0,0,1950,0,Coastal Suburbs,20013
PROP_00115,2026-04-26,205824,1,1.5,1608,8040,2.0,0,1970,0,Coastal Suburbs,20011
PROP_00116,2026-01-21,487512,4,2.5,2196,6588,1.5,0,2014,0,Greenwood Valley,40082
PROP_00117,2025-08-13,190440,1,1.0,1058,3174,1.5,0,1956,0,Greenwood Valley,40081
PROP_00118,2025-10-14,4003073,6,7.5,6467,58203,3.0,0,1981,0,Tech Park District,30046
PROP_00119,2025-08-11,379950,1,2.0,2235,6705,2.0,0,2010,0,Coastal Suburbs,20011
PROP_00120,2025-10-05,176774,2,1.5,1046,3138,1.5,0,1968,0,Metro City,10002
PROP_00121,2026-03-15,1310310,5,4.0,3656,29248,3.0,1,1993,0,Coastal Suburbs,20011
PROP_00122,2026-03-03,306677,3,1.0,1351,5404,1.5,0,1981,0,Metro City,10004
PROP_00123,2025-10-13,178930,1,2.0,1234,4936,1.5,0,2005,0,Metro City,10002
PROP_00124,2026-03-27,332010,1,1.0,2170,4340,2.0,0,1992,0,Greenwood Valley,40082
PROP_00125,2026-01-06,305388,3,1.5,1996,9980,1.0,0,1965,0,Tech Park District,30046
PROP_00126,2026-03-26,462479,1,1.0,1919,11514,1.5,0,1975,0,Coastal Suburbs,20011
PROP_00127,2025-12-22,688837,4,2.0,2355,14130,1.5,0,1965,2017,Coastal Suburbs,20011
PROP_00128,2025-12-03,491547,1,1.5,2027,8108,2.0,0,1955,2016,Greenwood Valley,40082
PROP_00129,2025-09-21,920322,5,2.5,3078,18468,3.0,0,2001,0,Coastal Suburbs,20013
PROP_00130,2025-08-10,430125,2,1.0,1850,9250,2.0,0,1988,2020,Coastal Suburbs,20011
PROP_00131,2026-02-16,266827,1,1.5,1397,2794,2.0,0,1967,0,Tech Park District,30045
PROP_00132,2026-02-08,2649528,7,4.5,4506,67590,3.0,0,1991,0,Metro City,10002
PROP_00133,2025-07-17,175147,3,2.0,917,1834,1.5,0,1972,0,Tech Park District,30045
PROP_00134,2025-06-25,485106,4,2.0,2082,12492,2.0,0,1978,0,Metro City,10001
PROP_00135,2025-07-27,458227,4,1.5,1713,5139,2.0,0,1968,2017,Coastal Suburbs,20013
PROP_00136,2025-08-18,377472,2,1.5,1966,9830,2.0,0,1952,0,Greenwood Valley,40081
PROP_00137,2026-04-18,243739,2,1.0,1093,2186,1.5,0,1962,0,Coastal Suburbs,20012
PROP_00138,2025-08-21,801444,4,2.5,3948,23688,2.0,0,1955,0,Coastal Suburbs,20013
PROP_00139,2026-05-15,143397,1,1.0,1017,6102,2.0,0,1975,0,Metro City,10003
PROP_00140,2026-01-03,245186,4,1.5,1299,2598,2.0,0,1952,2017,Greenwood Valley,40081
PROP_00141,2026-04-02,174836,4,1.5,802,2406,1.0,0,1968,0,Tech Park District,30045
PROP_00142,2025-07-03,1286734,6,4.0,2861,17166,2.0,1,1963,2020,Tech Park District,30045
PROP_00143,2025-12-15,222817,1,2.0,973,1946,2.0,0,1992,0,Tech Park District,30045
PROP_00144,2025-12-13,1461690,6,3.5,3576,17880,2.0,0,1997,2017,Greenwood Valley,40081
PROP_00145,2026-04-02,967932,4,3.5,3006,18036,2.5,0,1958,0,Metro City,10002
PROP_00146,2026-01-26,267216,3,1.5,1172,5860,1.5,0,2011,0,Greenwood Valley,40082
PROP_00147,2026-02-26,407622,2,2.5,1657,9942,1.5,0,1979,0,Greenwood Valley,40082
PROP_00148,2025-10-07,242506,2,2.0,805,2415,1.0,0,1967,2016,Greenwood Valley,40081
PROP_00149,2026-03-11,1842122,4,3.5,4286,17144,3.0,1,1981,0,Tech Park District,30046
PROP_00150,2025-06-06,338195,1,1.5,1573,3146,2.0,0,1956,0,Coastal Suburbs,20011
PROP_00151,2026-05-15,657438,4,2.5,3002,15010,2.0,0,1951,0,Metro City,10004
PROP_00152,2025-07-29,1135251,5,3.0,3627,21762,2.5,0,1951,0,Greenwood Valley,40081
PROP_00153,2026-05-16,1374296,4,3.0,4462,17848,2.0,0,2008,0,Coastal Suburbs,20011
PROP_00154,2026-03-02,206112,4,1.5,1356,2712,2.0,0,1977,0,Tech Park District,30046
PROP_00155,2025-10-15,385609,1,2.5,1777,7108,2.0,0,1971,0,Metro City,10002
PROP_00156,2026-04-25,196595,1,1.0,959,3836,2.0,0,1953,0,Tech Park District,30046
PROP_00157,2025-11-22,300672,2,1.0,2349,9396,1.0,0,1980,0,Coastal Suburbs,20013
PROP_00158,2025-07-28,316472,3,1.0,1432,2864,1.5,0,2014,0,Metro City,10004
PROP_00159,2025-10-29,2936444,6,6.0,6169,80197,2.5,0,1953,0,Greenwood Valley,40082
PROP_00160,2026-01-09,201987,1,2.0,1130,3390,2.0,0,1979,2018,Greenwood Valley,40082
PROP_00161,2025-08-20,307050,3,2.5,1068,4272,1.5,0,1955,2022,Coastal Suburbs,20013
PROP_00162,2026-01-19,2776961,6,5.0,6823,102345,3.0,0,1968,0,Coastal Suburbs,20011
PROP_00163,2025-06-02,244311,4,2.0,1147,4588,1.0,0,1995,0,Tech Park District,30045
PROP_00164,2025-10-13,796719,5,4.0,3449,20694,3.0,0,2012,0,Coastal Suburbs,20013
PROP_00165,2026-02-12,333465,2,2.5,1551,9306,2.0,0,1960,0,Tech Park District,30046
PROP_00166,2025-08-31,903462,6,2.5,2634,21072,2.0,0,1951,0,Greenwood Valley,40082
PROP_00167,2026-02-15,262504,4,1.0,1256,6280,1.5,0,2009,0,Metro City,10003
PROP_00168,2025-07-25,322728,1,2.5,2373,11865,1.0,0,1990,0,Greenwood Valley,40081
PROP_00169,2026-04-17,328800,4,1.0,1370,6850,1.0,0,1968,0,Greenwood Valley,40081
PROP_00170,2025-10-31,5940233,9,4.5,8336,83360,3.0,1,1956,0,Tech Park District,30045
PROP_00171,2026-04-24,267050,2,1.0,1090,2180,1.5,0,2007,2024,Metro City,10004
PROP_00172,2026-02-15,1073805,4,2.5,2779,16674,2.5,1,1971,0,Coastal Suburbs,20013
PROP_00173,2026-04-08,259420,2,2.5,1526,9156,1.5,0,1959,0,Greenwood Valley,40082
PROP_00174,2025-09-10,222708,3,1.0,1108,5540,1.0,0,1964,0,Coastal Suburbs,20012
PROP_00175,2025-08-18,152208,1,2.5,1057,5285,2.0,0,1954,0,Greenwood Valley,40082
PROP_00176,2025-12-09,152766,2,2.5,1242,4968,1.0,0,1997,0,Coastal Suburbs,20012
PROP_00177,2025-08-22,1611312,6,2.5,4445,35560,2.5,0,1995,2022,Metro City,10003
PROP_00178,2026-03-04,1328002,5,4.0,3929,15716,3.0,0,2005,0,Tech Park District,30045
PROP_00179,2026-02-27,227700,1,1.0,1012,2024,2.0,0,1963,0,Greenwood Valley,40082
PROP_00180,2025-06-01,360437,1,2.0,1661,4983,1.0,0,1964,0,Metro City,10004
PROP_00181,2026-04-03,375240,4,2.5,2120,10600,1.0,0,2014,0,Greenwood Valley,40081
PROP_00182,2025-11-13,722377,5,3.0,2418,14508,2.0,0,1997,2024,Tech Park District,30046
PROP_00183,2026-02-06,426360,4,1.5,1938,9690,1.0,0,1956,0,Tech Park District,30046
PROP_00184,2025-06-10,1049468,5,3.0,4052,20260,3.0,0,1962,0,Greenwood Valley,40081
PROP_00185,2025-07-28,276276,4,2.0,1932,5796,1.5,0,1953,0,Coastal Suburbs,20013
PROP_00186,2025-12-03,179561,1,2.5,851,2553,1.5,0,1973,0,Coastal Suburbs,20011
PROP_00187,2025-11-05,335157,2,2.5,2377,9508,2.0,0,1968,0,Coastal Suburbs,20012
PROP_00188,2025-10-01,155870,1,1.0,1090,4360,1.5,0,1959,0,Metro City,10001
PROP_00189,2025-06-30,228933,4,1.0,1647,3294,1.5,0,1976,0,Tech Park District,30045
PROP_00190,2025-10-02,186880,4,1.5,1168,4672,1.0,0,1965,2021,Greenwood Valley,40082
PROP_00191,2026-03-18,237307,3,1.0,1194,7164,1.0,0,1977,2017,Greenwood Valley,40081
PROP_00192,2025-07-11,391590,2,1.0,2290,6870,1.5,0,1961,0,Coastal Suburbs,20011
PROP_00193,2025-07-14,392912,4,2.5,1849,9245,1.0,0,1985,2017,Tech Park District,30046
PROP_00194,2026-02-04,1123344,6,4.0,4176,25056,2.5,0,1990,0,Tech Park District,30045
PROP_00195,2025-07-06,268160,3,2.0,2095,4190,1.5,0,2015,0,Greenwood Valley,40082
PROP_00196,2026-02-28,197169,3,2.5,861,1722,1.0,0,1973,0,Greenwood Valley,40082
PROP_00197,2025-08-04,292312,3,1.5,2396,9584,1.0,0,1992,0,Metro City,10002
PROP_00198,2025-08-05,388112,4,2.0,2032,6096,2.0,0,1959,0,Tech Park District,30045
PROP_00199,2026-05-04,228570,3,1.5,1203,2406,1.5,0,2003,0,Greenwood Valley,40082
PROP_00200,2026-01-30,239580,4,1.5,1980,3960,1.5,0,2009,0,Greenwood Valley,40081
PROP_00201,2026-03-09,847168,6,2.5,3782,30256,2.0,0,2003,0,Greenwood Valley,40081
PROP_00202,2025-08-24,1016508,5,2.5,3683,22098,3.0,0,2008,0,Tech Park District,30046
PROP_00203,2025-10-14,935676,4,2.5,3318,9954,2.0,0,2005,0,Metro City,10003
PROP_00204,2026-02-26,289379,3,1.0,2209,4418,1.5,0,1964,0,Metro City,10002
PROP_00205,2026-04-07,334500,4,2.0,2230,6690,1.0,0,1966,0,Tech Park District,30045
PROP_00206,2026-01-03,1168055,5,4.0,2902,20314,3.0,0,2012,2022,Coastal Suburbs,20013
PROP_00207,2025-09-17,261784,3,1.0,1522,9132,1.0,0,1959,0,Greenwood Valley,40081
PROP_00208,2026-03-04,343405,2,2.5,1588,4764,1.5,0,2015,2022,Greenwood Valley,40081
PROP_00209,2026-05-20,1652456,4,3.0,3297,16485,2.5,1,2015,0,Greenwood Valley,40081
PROP_00210,2025-09-11,432731,4,1.5,2205,8820,2.0,0,2009,2017,Greenwood Valley,40081
PROP_00211,2025-11-07,730220,4,3.5,2518,15108,3.0,0,1983,0,Coastal Suburbs,20011
PROP_00212,2025-12-22,0,2,2.5,1828,9140,2.0,0,1984,0,Metro City,10003
PROP_00213,2026-05-10,266380,4,1.5,1402,4206,1.5,0,2013,0,Metro City,10004
PROP_00214,2026-04-29,187335,1,1.5,1035,2070,1.0,0,1958,0,Metro City,10001
PROP_00215,2025-12-09,1510262,6,4.0,4006,24036,2.0,0,1984,0,Tech Park District,30045
PROP_00216,2026-01-11,696355,3,2.0,2302,4604,1.0,0,1989,2019,Coastal Suburbs,20011
PROP_00217,2026-02-20,356680,2,1.5,1480,7400,1.0,0,2004,0,Coastal Suburbs,20012
PROP_00218,2026-01-18,1010709,4,2.5,3843,23058,3.0,0,2010,0,Coastal Suburbs,20012
PROP_00219,2025-08-01,855285,6,3.0,3001,9003,2.0,0,2007,0,Metro City,10003
PROP_00220,2025-10-05,356495,3,2.0,1739,3478,1.5,0,2011,0,Tech Park District,30046
PROP_00221,2025-09-24,3697680,7,5.0,5964,71568,2.5,0,1996,0,Metro City,10002
PROP_00222,2025-07-03,1109430,5,2.5,3522,28176,3.0,0,1972,0,Metro City,10002
PROP_00223,2025-11-21,296631,4,2.0,1433,4299,1.0,0,1965,0,Tech Park District,30046
PROP_00224,2025-06-11,427382,1,2.5,2203,6609,1.5,0,1970,0,Greenwood Valley,40082
PROP_00225,2026-03-29,593208,4,4.0,2568,10272,2.5,0,1956,0,Tech Park District,30045
PROP_00226,2026-03-11,407340,1,1.0,1314,3942,1.5,0,1969,2020,Metro City,10004
PROP_00227,2025-09-26,228384,1,2.0,1248,2496,1.5,0,1999,0,Coastal Suburbs,20013
PROP_00228,2026-03-29,877020,6,3.5,3110,21770,2.5,0,1967,0,Metro City,10003
PROP_00229,2025-09-21,338912,2,2.0,1424,2848,1.5,0,1973,0,Coastal Suburbs,20012
PROP_00230,2025-06-04,547011,4,2.0,1831,7324,1.5,0,2003,2023,Greenwood Valley,40081
PROP_00231,2025-07-07,1035648,5,2.5,2976,20832,2.5,0,2015,0,Metro City,10001
PROP_00232,2026-05-29,1681165,5,3.0,4051,32408,2.0,0,2008,2017,Tech Park District,30045
PROP_00233,2026-04-20,1295504,6,2.5,3766,26362,2.0,0,2011,0,Metro City,10003
PROP_00234,2025-07-01,456822,1,1.5,1857,5571,2.0,0,1967,0,Metro City,10001
PROP_00235,2025-09-26,330243,1,2.5,2077,6231,1.0,0,1965,0,Coastal Suburbs,20012
PROP_00236,2025-07-05,486000,1,2.5,1600,3200,1.0,0,1973,2024,Coastal Suburbs,20011
PROP_00237,2025-06-17,984356,6,2.5,4171,16684,3.0,0,1980,0,Tech Park District,30046
PROP_00238,2025-11-17,441100,3,1.0,2005,10025,1.5,0,1999,0,Coastal Suburbs,20012
PROP_00239,2025-07-07,187683,4,1.5,857,3428,1.5,0,1951,0,Metro City,10004
PROP_00240,2026-02-19,281280,3,1.5,1758,8790,1.5,0,1995,0,Metro City,10004
PROP_00241,2025-09-30,975486,6,4.0,2658,10632,3.0,0,1993,0,Coastal Suburbs,20012
PROP_00242,2025-10-21,1284480,6,3.5,4014,12042,3.0,0,1973,0,Coastal Suburbs,20012
PROP_00243,2026-05-09,150080,3,2.5,938,1876,1.0,0,1979,0,Tech Park District,30045
PROP_00244,2026-02-04,817156,5,3.5,3349,26792,2.0,0,1999,0,Metro City,10004
PROP_00245,2025-09-18,111252,3,1.0,876,1752,1.5,0,1972,0,Greenwood Valley,40081
PROP_00246,2026-03-04,233109,2,1.5,1317,6585,1.5,0,1975,0,Greenwood Valley,40082
PROP_00247,2025-08-07,257792,1,1.0,1216,2432,1.0,0,2002,0,Greenwood Valley,40081
PROP_00248,2026-03-20,258264,4,1.5,1224,7344,1.5,0,1967,0,Metro City,10003
PROP_00249,2026-03-23,261820,1,1.0,1060,6360,1.5,0,1979,0,Greenwood Valley,40082
PROP_00250,2026-01-29,255840,3,2.0,1599,6396,1.0,0,1986,0,Tech Park District,30045
PROP_00251,2025-10-03,1150260,6,3.5,4036,28252,2.0,0,2010,2020,Coastal Suburbs,20013
PROP_00252,2026-01-29,302940,3,1.5,1485,2970,1.0,0,1957,0,Metro City,10001
PROP_00253,2025-12-26,490050,1,2.5,2025,12150,1.0,0,1966,0,Metro City,10001
PROP_00254,2025-09-06,374467,2,2.0,1683,8415,1.5,0,1952,2016,Metro City,10001
PROP_00255,2025-07-19,417096,4,1.0,1931,9655,1.0,0,1966,0,Coastal Suburbs,20013
PROP_00256,2025-07-20,203680,1,2.0,1520,4560,1.5,0,1980,0,Greenwood Valley,40081
PROP_00257,2026-05-04,345648,1,1.0,2274,6822,1.0,0,2006,0,Metro City,10002
PROP_00258,2026-01-07,160815,2,2.0,1065,6390,1.5,0,1959,0,Metro City,10003
PROP_00259,2025-11-29,331352,3,1.5,1708,6832,1.5,0,1981,0,Coastal Suburbs,20012
PROP_00260,2026-01-03,368196,1,1.0,1509,7545,2.0,0,1985,0,Tech Park District,30046
PROP_00261,2025-12-28,452980,2,1.0,1562,4686,1.0,0,2008,2016,Coastal Suburbs,20013
PROP_00262,2026-01-26,212114,4,2.0,973,1946,1.5,0,2013,0,Greenwood Valley,40081
PROP_00263,2025-06-28,209608,2,1.5,1576,4728,2.0,0,1989,0,Greenwood Valley,40082
PROP_00264,2026-05-11,1475041,5,3.5,3287,9861,2.5,0,2005,2016,Tech Park District,30045
PROP_00265,2026-05-01,1427268,6,3.5,4299,25794,3.0,0,1983,0,Metro City,10004
PROP_00266,2026-04-27,117171,2,1.5,831,3324,2.0,0,1981,0,Greenwood Valley,40082
PROP_00267,2025-07-21,189420,1,2.0,1540,6160,2.0,0,1965,0,Tech Park District,30046
PROP_00268,2025-07-02,719061,5,4.0,2471,14826,2.0,0,2011,0,Tech Park District,30046
PROP_00269,2025-12-24,475368,1,2.0,2049,12294,1.5,0,1973,0,Coastal Suburbs,20012
PROP_00270,2025-11-21,806785,4,3.0,3115,12460,3.0,0,1964,0,Tech Park District,30046
PROP_00271,2025-07-26,164610,4,2.0,885,5310,2.0,0,1982,0,Coastal Suburbs,20013
PROP_00272,2025-10-06,133162,3,1.0,958,5748,1.5,0,1980,0,Tech Park District,30045
PROP_00273,2025-09-07,289645,4,2.0,1093,2186,1.5,0,1992,2021,Tech Park District,30046
PROP_00274,2025-09-06,112266,2,2.0,891,3564,1.0,0,1963,0,Greenwood Valley,40082
PROP_00275,2026-03-02,660285,5,2.5,3015,18090,3.0,0,1978,0,Tech Park District,30046
PROP_00276,2026-01-16,1218135,6,2.5,4335,34680,3.0,0,1984,0,Greenwood Valley,40081
PROP_00277,2025-08-11,313673,3,1.5,1733,6932,2.0,0,2006,0,Tech Park District,30045
PROP_00278,2026-01-03,485326,1,2.0,2138,10690,2.0,0,1979,0,Greenwood Valley,40082
PROP_00279,2025-09-02,306000,4,1.5,2040,8160,1.5,0,1960,0,Coastal Suburbs,20013
PROP_00280,2025-10-21,323323,2,1.5,1729,3458,1.0,0,2010,0,Coastal Suburbs,20013
PROP_00281,2026-01-23,807300,4,3.0,2700,10800,3.0,0,2004,0,Coastal Suburbs,20011
PROP_00282,2025-10-06,195059,1,2.0,1489,8934,2.0,0,1959,0,Greenwood Valley,40081
PROP_00283,2025-07-09,1029510,6,4.0,4185,20925,2.5,0,2015,0,Tech Park District,30046
PROP_00284,2026-01-13,278096,4,2.5,1456,7280,1.0,0,1962,0,Metro City,10003
PROP_00285,2026-03-09,227916,4,2.0,1461,7305,1.5,0,1955,0,Greenwood Valley,40082
PROP_00286,2025-07-21,287090,3,1.0,1511,6044,1.0,0,2012,0,Coastal Suburbs,20012
PROP_00287,2025-06-26,843948,5,2.5,3349,26792,2.5,0,2015,0,Coastal Suburbs,20012
PROP_00288,2026-04-30,660416,6,3.0,2428,14568,2.0,0,2004,0,Metro City,10001
PROP_00289,2026-03-04,265050,1,1.0,1710,8550,1.5,0,1985,0,Coastal Suburbs,20012
PROP_00290,2025-06-08,730350,6,3.0,2705,13525,2.0,0,2008,0,Metro City,10003
PROP_00291,2025-07-18,1202130,4,4.0,2812,22496,3.0,0,1954,2016,Metro City,10003
PROP_00292,2025-09-30,224281,2,1.5,1343,6715,1.0,0,2013,0,Coastal Suburbs,20011
PROP_00293,2025-08-25,859384,6,3.0,2414,14484,2.0,0,1976,0,Coastal Suburbs,20013
PROP_00294,2025-12-26,436995,4,1.5,2106,8424,1.5,0,1988,2020,Metro City,10004
PROP_00295,2026-02-04,1491603,5,3.5,4371,21855,2.0,0,2003,2021,Greenwood Valley,40082
PROP_00296,2026-02-02,276070,2,2.5,1453,2906,1.5,0,2011,2023,Coastal Suburbs,20013
PROP_00297,2025-09-18,304482,3,1.5,1637,3274,2.0,0,1990,0,Greenwood Valley,40081
PROP_00298,2025-12-23,235014,1,2.0,1794,5382,1.5,0,1989,0,Greenwood Valley,40082
PROP_00299,2025-07-01,1262010,6,3.0,2852,19964,3.0,0,1952,2016,Coastal Suburbs,20013
PROP_00300,2025-08-24,970900,5,3.5,2660,21280,2.0,0,1975,2024,Greenwood Valley,40081
PROP_00301,2025-12-12,270474,2,2.0,1478,7390,1.0,0,1951,0,Greenwood Valley,40081
PROP_00302,2025-06-02,205143,4,1.0,1121,4484,1.5,0,1954,0,Metro City,10001
PROP_00303,2025-12-17,219898,2,2.0,973,1946,1.0,0,1952,0,Metro City,10004
PROP_00304,2025-10-14,255000,4,1.5,2040,8160,1.5,0,1988,0,Coastal Suburbs,20011
PROP_00305,2026-01-19,312704,4,2.5,1396,6980,1.0,0,1985,0,Coastal Suburbs,20011
PROP_00306,2025-10-25,276651,4,2.5,1563,9378,2.0,0,1953,0,Coastal Suburbs,20012
PROP_00307,2026-01-03,213120,1,2.0,1480,4440,2.0,0,1971,0,Coastal Suburbs,20012
PROP_00308,2026-05-23,460266,4,2.5,1871,11226,1.0,0,1982,0,Greenwood Valley,40081
PROP_00309,2026-03-12,416503,4,1.0,1349,4047,2.0,0,1990,2019,Tech Park District,30045
PROP_00310,2026-05-05,205533,1,1.0,1671,3342,1.5,0,1970,0,Tech Park District,30046
PROP_00311,2026-02-05,406992,1,1.0,1668,8340,1.0,0,1967,0,Metro City,10002
PROP_00312,2025-08-19,301430,1,2.5,1402,5608,2.0,0,1971,0,Greenwood Valley,40082
PROP_00313,2025-09-06,1014156,5,3.5,4334,26004,2.0,0,1971,0,Coastal Suburbs,20013
PROP_00314,2025-10-30,296184,2,1.5,1763,3526,1.0,0,1975,0,Greenwood Valley,40081
PROP_00315,2025-09-20,165672,4,1.5,936,3744,2.0,0,1994,0,Greenwood Valley,40082
PROP_00316,2025-06-30,265392,4,2.0,1552,9312,1.5,0,1959,0,Coastal Suburbs,20012
PROP_00317,2026-03-24,230862,3,1.0,1059,6354,2.0,0,1992,0,Metro City,10002
PROP_00318,2026-03-05,251707,1,1.5,1243,2486,2.0,0,2010,2021,Tech Park District,30046
PROP_00319,2025-07-02,324150,4,2.5,2161,10805,1.5,0,1980,0,Metro City,10001
PROP_00320,2025-11-08,406507,3,2.0,1869,7476,2.0,0,1971,2020,Greenwood Valley,40082
PROP_00321,2025-06-30,460427,4,2.0,2203,4406,2.0,0,1972,0,Coastal Suburbs,20012
PROP_00322,2025-06-26,812448,5,4.0,3276,22932,3.0,0,1998,0,Tech Park District,30046
PROP_00323,2026-03-27,428000,2,1.0,2000,8000,1.5,0,1982,0,Metro City,10002
PROP_00324,2026-01-31,383562,3,2.5,1615,3230,2.0,0,1957,2016,Metro City,10003
PROP_00325,2026-02-13,174502,4,1.0,878,3512,1.0,0,1972,2018,Greenwood Valley,40082
PROP_00326,2026-02-27,1180760,4,2.5,4217,33736,3.0,0,1985,2019,Metro City,10004
PROP_00327,2025-08-20,2068505,5,3.0,3901,27307,2.0,1,2003,2016,Metro City,10003
PROP_00328,2025-06-30,943110,6,3.0,3493,10479,2.0,0,1975,0,Metro City,10002
PROP_00329,2026-02-16,325040,1,2.0,1360,8160,1.5,0,1961,0,Greenwood Valley,40081
PROP_00330,2025-07-12,286750,1,1.5,2294,4588,1.0,0,1971,0,Greenwood Valley,40081
PROP_00331,2025-09-04,218790,1,1.5,1430,4290,2.0,0,1989,0,Coastal Suburbs,20013
PROP_00332,2025-07-06,208230,3,2.5,1262,3786,1.5,0,1987,0,Tech Park District,30045
PROP_00333,2026-04-01,308477,3,2.0,1514,9084,1.5,0,1954,2025,Greenwood Valley,40082
PROP_00334,2025-07-05,374480,2,2.5,1510,6040,1.0,0,1984,0,Greenwood Valley,40081
PROP_00335,2026-05-12,249676,3,1.0,1036,6216,2.0,0,1967,0,Coastal Suburbs,20012
PROP_00336,2025-09-29,272792,1,2.0,2236,4472,2.0,0,1970,0,Tech Park District,30046
PROP_00337,2025-12-24,256011,1,1.5,1533,6132,1.0,0,1952,0,Tech Park District,30046
PROP_00338,2025-08-01,292374,4,1.5,1317,5268,2.0,0,1988,0,Greenwood Valley,40082
PROP_00339,2026-03-19,401355,4,2.0,1982,9910,2.0,0,1988,2024,Coastal Suburbs,20013
PROP_00340,2025-10-05,618556,4,3.5,2621,7863,2.5,0,1994,0,Coastal Suburbs,20013
PROP_00341,2026-03-24,207360,2,1.5,1152,4608,1.5,0,1976,0,Coastal Suburbs,20012
PROP_00342,2026-04-01,488675,3,1.0,1777,5331,1.5,0,1977,2022,Coastal Suburbs,20011
PROP_00343,2025-06-21,828341,4,4.0,2927,14635,2.0,0,1986,0,Greenwood Valley,40081
PROP_00344,2026-04-14,358215,3,2.5,2171,13026,1.0,0,1980,0,Greenwood Valley,40082
PROP_00345,2025-07-12,277982,4,1.0,2122,6366,1.0,0,1977,0,Tech Park District,30045
PROP_00346,2026-01-01,269244,2,2.5,1108,4432,1.5,0,1954,0,Metro City,10003
PROP_00347,2026-05-03,216087,1,2.5,969,3876,2.0,0,1951,0,Greenwood Valley,40081
PROP_00348,2026-03-26,353615,4,1.0,1795,8975,1.5,0,2004,0,Coastal Suburbs,20013
PROP_00349,2026-03-17,540075,4,2.0,1895,7580,1.0,0,1999,2017,Metro City,10004
PROP_00350,2026-02-23,428274,3,1.5,1854,11124,2.0,0,1956,0,Coastal Suburbs,20011
PROP_00351,2025-11-09,802648,5,3.5,2606,18242,3.0,0,1993,0,Metro City,10001
PROP_00352,2025-10-12,107715,3,2.5,835,4175,1.5,0,1964,0,Metro City,10003
PROP_00353,2025-09-13,251275,1,1.0,1058,3174,2.0,0,1994,2025,Metro City,10004
PROP_00354,2026-05-09,608379,6,4.0,2567,7701,2.5,0,1962,0,Coastal Suburbs,20013
PROP_00355,2025-11-08,1368393,6,3.5,4131,24786,2.0,0,1960,2022,Metro City,10003
PROP_00356,2025-10-01,388675,3,1.5,2221,4442,1.5,0,2005,0,Metro City,10002
PROP_00357,2025-10-14,202583,1,2.5,1171,4684,1.5,0,1952,0,Coastal Suburbs,20012
PROP_00358,2025-12-20,220528,3,1.0,1253,3759,1.0,0,1958,0,Coastal Suburbs,20012
PROP_00359,2025-08-07,445717,3,2.5,1774,10644,1.0,0,1994,2018,Greenwood Valley,40082
PROP_00360,2026-05-10,185220,2,2.5,1323,6615,1.0,0,2012,0,Greenwood Valley,40082
PROP_00361,2026-04-27,177419,3,2.0,1397,5588,1.5,0,1969,0,Tech Park District,30045
PROP_00362,2025-11-01,579670,4,2.5,2366,4732,1.5,0,1980,0,Coastal Suburbs,20013
PROP_00363,2026-01-21,546595,1,1.0,1610,4830,1.0,1,1972,2022,Coastal Suburbs,20012
PROP_00364,2025-11-09,1390875,5,3.5,3709,18545,3.0,0,1990,0,Greenwood Valley,40082
PROP_00365,2025-07-08,875385,5,4.0,3573,21438,2.0,0,2001,0,Greenwood Valley,40081
PROP_00366,2025-06-05,252476,1,2.5,1988,9940,1.5,0,1978,0,Tech Park District,30046
PROP_00367,2026-01-21,687286,5,3.0,3082,21574,3.0,0,1997,0,Metro City,10004
PROP_00368,2026-04-15,981912,4,4.0,3912,31296,2.0,0,1991,0,Greenwood Valley,40081
PROP_00369,2026-03-16,300531,4,2.5,1301,7806,1.5,1,2009,0,Metro City,10001
PROP_00370,2025-07-22,1116440,4,3.0,4294,34352,2.0,0,2002,2023,Metro City,10003
PROP_00371,2025-07-08,537070,5,2.5,2498,14988,2.5,0,1987,0,Greenwood Valley,40081
PROP_00372,2026-03-03,155992,4,2.5,1054,2108,1.0,0,1971,0,Metro City,10003
PROP_00373,2025-09-18,949390,5,3.0,3484,10452,2.5,0,2008,2023,Tech Park District,30045
PROP_00374,2026-02-15,222138,4,2.0,1722,6888,2.0,0,1967,0,Coastal Suburbs,20012
PROP_00375,2025-10-14,361760,3,2.0,2261,9044,1.5,0,1989,0,Tech Park District,30045
PROP_00376,2025-08-07,454790,2,1.5,2044,8176,1.5,0,1953,2025,Greenwood Valley,40082
PROP_00377,2025-11-26,507548,3,2.0,2276,13656,2.0,0,2011,0,Tech Park District,30045
PROP_00378,2025-07-06,382482,3,2.0,1574,7870,2.0,0,1972,0,Coastal Suburbs,20012
PROP_00379,2025-10-04,240660,1,2.0,1260,5040,1.0,0,1965,0,Greenwood Valley,40081
PROP_00380,2025-12-07,643245,1,1.5,2318,6954,1.5,0,1962,2024,Tech Park District,30046
PROP_00381,2025-10-24,317090,1,1.0,1714,10284,2.0,0,1973,0,Metro City,10003
PROP_00382,2025-08-20,126126,4,1.5,882,5292,1.5,0,1974,0,Coastal Suburbs,20011
PROP_00383,2026-01-11,306372,1,1.5,1266,3798,2.0,0,2009,0,Metro City,10002
PROP_00384,2026-03-06,1090000,4,3.0,4360,13080,2.5,0,1962,0,Metro City,10003
PROP_00385,2026-05-27,242608,1,2.5,1028,5140,2.0,0,1950,0,Coastal Suburbs,20013
PROP_00386,2025-11-02,450310,2,2.0,1838,9190,2.0,0,1983,2019,Greenwood Valley,40082
PROP_00387,2026-04-10,257000,3,2.5,1028,3084,1.5,0,2010,0,Tech Park District,30046
PROP_00388,2026-05-01,939556,6,3.5,2788,16728,2.5,0,1973,0,Coastal Suburbs,20011
PROP_00389,2026-02-26,464324,3,2.0,2369,14214,1.5,0,1976,0,Metro City,10002
PROP_00390,2025-06-05,270643,4,1.5,1123,6738,2.0,0,2003,0,Coastal Suburbs,20012
PROP_00391,2026-05-08,1136510,5,3.5,3919,15676,2.5,0,1990,0,Tech Park District,30045
PROP_00392,2026-03-11,617345,4,4.0,2627,15762,2.5,0,2008,0,Greenwood Valley,40082
PROP_00393,2025-11-01,339388,3,2.0,1564,3128,1.5,0,1991,0,Metro City,10002
PROP_00394,2026-05-06,307945,4,2.0,1018,2036,1.0,0,2010,2016,Coastal Suburbs,20011
PROP_00395,2025-07-24,269372,4,1.0,1007,2014,2.0,0,2006,2017,Greenwood Valley,40082
PROP_00396,2025-08-08,1416870,4,3.5,4095,16380,2.0,0,1975,0,Greenwood Valley,40081
PROP_00397,2025-10-14,378805,3,2.0,2212,4424,1.0,0,1990,2021,Greenwood Valley,40081
PROP_00398,2025-07-30,324198,4,1.5,1743,6972,1.5,0,1982,0,Greenwood Valley,40081
PROP_00399,2025-07-25,217485,4,2.5,1611,8055,1.0,0,2015,0,Metro City,10002
PROP_00400,2026-03-11,974002,5,4.0,3558,24906,2.5,0,1961,2017,Greenwood Valley,40081
PROP_00401,2025-08-19,859140,4,4.0,3182,9546,3.0,0,2009,0,Coastal Suburbs,20013
PROP_00402,2025-10-18,397670,2,2.0,1729,10374,2.0,0,1952,0,Coastal Suburbs,20013
PROP_00403,2025-10-23,151962,4,1.0,817,2451,1.5,0,1978,0,Tech Park District,30045
PROP_00404,2026-04-06,355448,2,2.0,2264,13584,1.0,0,1976,0,Tech Park District,30046
PROP_00405,2025-09-16,381200,1,1.5,1906,7624,1.0,0,1979,0,Metro City,10001
PROP_00406,2025-11-23,360760,3,1.5,1244,4976,1.0,0,1965,2022,Coastal Suburbs,20012
PROP_00407,2025-09-13,989750,6,3.0,3959,11877,2.5,0,1976,0,Metro City,10004
PROP_00408,2026-05-18,1520500,6,2.5,3068,12272,2.0,1,1995,0,Metro City,10001
PROP_00409,2026-04-21,419608,1,2.0,1778,7112,2.0,0,1952,0,Tech Park District,30046
PROP_00410,2025-10-14,1418982,4,3.5,3877,19385,2.0,0,1988,0,Greenwood Valley,40082
PROP_00411,2026-02-14,912625,4,3.5,3725,11175,2.0,0,1951,0,Metro City,10004
PROP_00412,2026-02-06,543143,1,1.0,2021,6063,2.0,0,2003,2022,Coastal Suburbs,20011
PROP_00413,2025-10-07,981792,4,3.0,3896,11688,2.0,0,1989,0,Coastal Suburbs,20011
PROP_00414,2025-06-27,230724,1,1.0,1479,2958,1.5,0,2002,0,Tech Park District,30046
PROP_00415,2025-07-18,260243,1,2.0,1256,2512,1.5,1,2010,0,Greenwood Valley,40081
PROP_00416,2026-04-21,378075,1,2.0,1775,8875,1.5,0,1962,0,Greenwood Valley,40082
PROP_00417,2026-01-03,351503,2,1.5,1261,2522,2.0,0,1986,2017,Coastal Suburbs,20011
PROP_00418,2025-10-20,423940,3,2.0,2255,11275,2.0,0,1966,0,Coastal Suburbs,20011
PROP_00419,2025-06-23,257562,1,2.5,2094,4188,1.0,0,1968,0,Tech Park District,30045
PROP_00420,2025-06-02,498962,1,2.5,1790,7160,1.0,0,2007,2023,Coastal Suburbs,20011
PROP_00421,2025-11-18,363560,3,2.0,1490,4470,1.5,0,2008,0,Tech Park District,30046
PROP_00422,2025-08-06,470587,3,2.5,2115,4230,2.0,0,2008,2017,Tech Park District,30046
PROP_00423,2026-04-23,1928532,5,4.0,4187,29309,2.0,1,1973,0,Tech Park District,30045
PROP_00424,2025-10-13,1134542,4,2.5,3214,25712,3.0,0,1969,0,Coastal Suburbs,20011
PROP_00425,2025-08-22,199125,2,2.0,1125,2250,2.0,0,1969,0,Metro City,10003
PROP_00426,2026-01-13,381922,4,2.0,1598,9588,1.5,0,1991,0,Greenwood Valley,40081
PROP_00427,2026-03-10,310770,3,1.5,2302,13812,2.0,0,2002,0,Tech Park District,30045
PROP_00428,2026-05-28,950557,4,4.0,3054,24432,2.5,0,1981,2017,Greenwood Valley,40081
PROP_00429,2026-01-05,532638,4,1.0,2286,13716,2.0,0,1968,0,Coastal Suburbs,20012
PROP_00430,2026-03-15,690200,3,1.0,2380,14280,1.5,0,1988,2024,Tech Park District,30045
PROP_00431,2025-06-05,211037,3,2.0,883,4415,1.5,0,2004,0,Greenwood Valley,40081
PROP_00432,2025-07-28,519922,1,1.0,2298,13788,2.0,0,2013,2024,Greenwood Valley,40082
PROP_00433,2025-07-09,241960,3,2.0,1315,7890,1.5,0,1995,0,Greenwood Valley,40081
PROP_00434,2026-05-20,490440,4,1.5,2010,10050,2.0,0,1998,0,Metro City,10004
PROP_00435,2025-08-16,236080,1,1.0,1040,3120,1.5,0,2000,0,Greenwood Valley,40081
PROP_00436,2026-03-07,454020,4,2.5,1974,11844,1.0,0,1953,0,Metro City,10003
PROP_00437,2025-06-19,257232,3,1.0,1398,6990,1.0,0,1995,0,Coastal Suburbs,20011
PROP_00438,2025-12-07,4587075,7,6.0,6327,31635,3.0,0,1983,0,Tech Park District,30046
PROP_00439,2026-03-26,332564,3,2.5,2342,9368,1.0,0,1992,0,Coastal Suburbs,20011
PROP_00440,2026-03-10,1003808,4,2.5,4064,20320,3.0,0,1998,0,Coastal Suburbs,20012
PROP_00441,2025-08-15,347060,4,2.0,2345,7035,1.0,0,1974,0,Greenwood Valley,40082
PROP_00442,2026-01-07,220993,1,1.5,991,1982,2.0,0,1983,0,Tech Park District,30045
PROP_00443,2025-08-05,406608,4,1.0,2307,9228,2.0,0,1991,2023,Tech Park District,30046
PROP_00444,2025-06-22,461697,3,1.0,1812,5436,2.0,1,1978,0,Metro City,10002
PROP_00445,2025-11-05,346957,2,1.0,2053,10265,1.5,0,2002,0,Coastal Suburbs,20011
PROP_00446,2025-12-04,302940,3,2.0,1683,6732,1.5,0,1990,0,Greenwood Valley,40082
PROP_00447,2025-06-21,199400,2,1.5,997,5982,2.0,0,1963,0,Metro City,10002
PROP_00448,2025-12-01,313432,2,2.5,1351,8106,1.0,0,2013,0,Coastal Suburbs,20013
PROP_00449,2025-09-16,396637,4,1.0,1511,7555,2.0,0,1958,2020,Metro City,10002
PROP_00450,2026-05-16,526870,4,2.5,2242,6726,1.5,0,1989,0,Tech Park District,30045
PROP_00451,2025-10-06,286649,4,1.5,2369,14214,2.0,0,1956,0,Tech Park District,30046
PROP_00452,2026-05-08,1346231,4,2.5,4095,32760,2.0,0,1972,2016,Tech Park District,30045
PROP_00453,2025-07-23,594968,1,2.5,1975,9875,1.5,0,1967,2018,Greenwood Valley,40081
PROP_00454,2025-11-29,311733,4,2.0,1823,3646,1.0,0,1979,0,Metro City,10003
PROP_00455,2026-03-14,158949,1,2.0,841,5046,1.0,1,1997,0,Metro City,10003
PROP_00456,2025-12-26,117272,4,2.0,856,5136,2.0,0,1972,0,Metro City,10001
PROP_00457,2026-04-14,362835,3,1.0,2199,6597,2.0,0,2006,0,Greenwood Valley,40081
PROP_00458,2025-08-19,388875,4,1.0,2074,4148,2.0,0,1989,2017,Coastal Suburbs,20013
PROP_00459,2025-09-30,468392,2,1.0,1819,5457,2.0,0,2008,2024,Tech Park District,30045
PROP_00460,2025-08-23,1230450,6,2.5,3786,15144,2.5,0,1974,0,Greenwood Valley,40082
PROP_00461,2025-08-30,410080,4,1.0,1864,3728,2.0,0,1975,0,Metro City,10003
PROP_00462,2025-12-29,835536,5,4.0,4056,24336,2.5,0,2012,0,Coastal Suburbs,20012
PROP_00463,2025-06-13,372240,3,1.0,1880,3760,1.0,0,1972,0,Greenwood Valley,40082
PROP_00464,2025-08-31,273735,3,2.5,1185,4740,2.0,0,2015,0,Metro City,10001
PROP_00465,2025-11-18,201402,1,1.5,1002,5010,1.0,0,1959,0,Coastal Suburbs,20013
PROP_00466,2025-12-28,383392,1,1.0,1581,4743,2.0,0,1950,2021,Greenwood Valley,40081
PROP_00467,2026-05-09,1159570,5,4.0,2584,10336,2.0,0,1983,2022,Coastal Suburbs,20012
PROP_00468,2025-10-06,1243485,6,3.5,4077,32616,2.0,0,1998,0,Tech Park District,30045
PROP_00469,2025-10-15,156645,1,2.5,885,4425,1.0,0,1959,0,Coastal Suburbs,20012
PROP_00470,2025-08-21,835280,5,2.5,3152,22064,2.5,0,2000,0,Metro City,10002
PROP_00471,2026-05-26,1383732,5,2.5,2890,17340,2.0,1,2013,0,Tech Park District,30046
PROP_00472,2025-07-26,120149,1,1.5,877,4385,1.0,0,1980,0,Metro City,10004
PROP_00473,2025-12-13,433557,4,1.0,2157,12942,1.0,0,1955,0,Tech Park District,30046
PROP_00474,2025-06-20,820690,5,3.0,3835,23010,2.0,0,2000,0,Coastal Suburbs,20012
PROP_00475,2026-01-27,294139,2,2.0,2147,10735,1.0,0,1981,0,Tech Park District,30045
PROP_00476,2025-09-22,127472,3,1.0,1028,2056,1.5,0,1971,0,Tech Park District,30045
PROP_00477,2025-09-11,222285,1,1.5,812,4060,1.0,0,1965,2016,Tech Park District,30046
PROP_00478,2026-01-22,248040,4,2.5,1378,8268,1.5,0,2012,0,Metro City,10001
PROP_00479,2025-11-27,389090,2,2.5,1898,7592,1.0,0,1999,2018,Tech Park District,30046
PROP_00480,2025-11-04,157886,3,1.5,887,4435,1.5,0,2001,0,Tech Park District,30045
PROP_00481,2025-09-25,1281813,5,4.0,4287,34296,2.5,0,2009,0,Tech Park District,30045
PROP_00482,2025-09-23,264972,2,1.5,1244,3732,2.0,0,2009,0,Tech Park District,30046
PROP_00483,2025-06-13,319893,2,2.5,1089,5445,1.0,0,1988,2025,Greenwood Valley,40082
PROP_00484,2026-05-04,500950,3,1.5,2150,10750,2.0,0,1953,0,Greenwood Valley,40081
PROP_00485,2025-09-07,590628,2,2.5,1977,5931,1.0,0,1981,2018,Greenwood Valley,40081
PROP_00486,2025-12-22,155111,1,1.0,933,1866,1.0,0,1992,2021,Greenwood Valley,40082
PROP_00487,2025-11-16,218790,2,2.0,935,3740,2.0,0,2010,0,Tech Park District,30045
PROP_00488,2025-10-21,254016,2,1.5,1134,5670,1.0,0,1970,0,Coastal Suburbs,20012
PROP_00489,2025-07-06,350837,2,1.0,2159,6477,1.5,0,1967,2023,Greenwood Valley,40082
PROP_00490,2025-10-21,266093,1,2.0,1703,10218,2.0,0,2012,2022,Greenwood Valley,40082
PROP_00491,2025-11-27,878517,4,3.0,2953,20671,2.5,0,1964,2019,Tech Park District,30045
PROP_00492,2026-04-25,459684,1,2.0,2034,10170,1.0,0,1971,0,Tech Park District,30046
PROP_00493,2026-02-16,287496,1,2.5,1452,4356,1.0,0,1983,0,Tech Park District,30045
PROP_00494,2025-12-22,180682,4,1.0,1481,8886,1.0,0,1952,0,Greenwood Valley,40082
PROP_00495,2026-05-14,507756,1,2.0,2227,11135,1.5,0,2002,0,Coastal Suburbs,20012
PROP_00496,2026-03-02,242520,2,2.5,1376,5504,1.0,0,1990,2017,Coastal Suburbs,20012
PROP_00497,2025-11-17,935930,4,3.0,2705,10820,2.5,0,1980,0,Metro City,10002
PROP_00498,2025-06-15,265203,3,1.0,1119,6714,2.0,0,1992,0,Metro City,10001
PROP_00499,2025-07-30,332761,2,1.5,2327,4654,1.0,0,1950,0,Metro City,10001
PROP_00500,2025-10-12,247520,1,2.5,1456,8736,1.0,0,2013,0,Coastal Suburbs,20011
PROP_00501,2025-08-31,200260,1,2.5,1178,7068,1.0,0,1983,0,Coastal Suburbs,20012
PROP_00502,2026-03-25,230685,1,1.5,1183,4732,1.0,0,2002,0,Coastal Suburbs,20013
PROP_00503,2025-10-14,347024,3,1.5,1886,3772,2.0,0,1986,0,Tech Park District,30045
PROP_00504,2025-06-20,605182,3,1.0,2069,10345,1.0,0,1951,2017,Metro City,10001
PROP_00505,2025-07-26,553938,1,2.0,2289,9156,1.5,0,1997,0,Tech Park District,30046
PROP_00506,2026-04-02,560560,2,1.5,2002,6006,1.0,0,2009,2021,Greenwood Valley,40082
PROP_00507,2026-01-09,1161227,5,4.0,3026,12104,3.0,0,1953,2021,Greenwood Valley,40082
PROP_00508,2025-11-24,359885,1,2.5,2155,6465,1.0,0,1977,0,Greenwood Valley,40081
PROP_00509,2025-11-08,161204,3,1.5,844,4220,1.5,0,1979,0,Greenwood Valley,40082
PROP_00510,2026-01-10,296331,2,2.5,2163,4326,1.5,0,1991,0,Greenwood Valley,40082
PROP_00511,2026-04-07,264320,4,1.5,1652,8260,1.0,0,1993,0,Tech Park District,30045
PROP_00512,2026-02-17,488776,3,2.0,2284,9136,2.0,0,2010,0,Greenwood Valley,40081
PROP_00513,2025-07-30,532369,2,2.0,2209,6627,1.5,0,1985,0,Greenwood Valley,40082
PROP_00514,2025-12-15,687684,5,3.0,3371,13484,2.5,0,1990,0,Tech Park District,30045
PROP_00515,2026-03-23,732712,6,3.5,2734,19138,2.5,0,1958,0,Metro City,10004
PROP_00516,2025-09-06,449137,3,1.0,1770,5310,1.0,0,1995,2023,Coastal Suburbs,20012
PROP_00517,2025-10-09,1586816,5,3.5,3220,25760,2.0,1,1965,0,Coastal Suburbs,20012
PROP_00518,2025-06-23,191540,3,1.5,1570,7850,2.0,0,1988,0,Metro City,10002
PROP_00519,2026-05-29,337218,4,1.0,1554,7770,1.0,0,1970,0,Coastal Suburbs,20012
PROP_00520,2026-01-10,773851,5,3.5,3211,25688,3.0,0,1966,0,Tech Park District,30045
PROP_00521,2025-06-01,335880,3,2.5,1555,4665,1.5,0,1953,0,Metro City,10001
PROP_00522,2026-02-22,365750,1,2.0,1463,8778,2.0,0,1957,0,Tech Park District,30046
PROP_00523,2026-03-03,199800,1,1.5,1110,2220,2.0,0,1961,0,Coastal Suburbs,20012
PROP_00524,2026-05-18,408608,3,1.0,1808,9040,2.0,0,2000,0,Tech Park District,30046
PROP_00525,2026-05-10,159390,1,2.0,1265,3795,1.0,0,1956,0,Metro City,10002
PROP_00526,2025-09-09,243528,2,1.5,1112,3336,2.0,0,2000,0,Coastal Suburbs,20012
PROP_00527,2025-12-04,156996,4,1.0,882,2646,2.0,0,2012,0,Tech Park District,30046
PROP_00528,2026-01-07,237120,2,2.5,1235,3705,2.0,0,1984,0,Metro City,10003
PROP_00529,2025-07-06,1131300,6,3.5,3771,15084,2.5,0,1965,0,Greenwood Valley,40081
PROP_00530,2026-05-07,173166,4,1.5,1178,2356,1.0,0,1976,0,Greenwood Valley,40081
PROP_00531,2025-11-17,1483500,5,3.5,4300,12900,3.0,0,1982,0,Tech Park District,30045
PROP_00532,2026-04-16,310082,2,2.0,1222,6110,2.0,0,2008,2025,Metro City,10003
PROP_00533,2025-11-08,152241,3,1.5,959,5754,1.0,0,1956,2020,Coastal Suburbs,20012
PROP_00534,2026-05-06,207252,2,1.0,909,3636,1.0,0,1997,0,Metro City,10003
PROP_00535,2025-08-03,304870,1,1.0,1418,4254,1.5,0,1965,2016,Greenwood Valley,40081
PROP_00536,2025-11-01,327348,1,1.5,1732,10392,2.0,0,1952,0,Greenwood Valley,40081
PROP_00537,2026-02-15,120357,2,1.5,933,4665,2.0,0,2013,0,Greenwood Valley,40081
PROP_00538,2025-11-06,518848,1,1.0,2144,4288,1.5,0,1975,0,Greenwood Valley,40082
PROP_00539,2026-05-08,1456840,4,3.0,4235,12705,3.0,0,2005,0,Metro City,10003
PROP_00540,2025-12-27,370800,1,2.0,1545,3090,2.0,0,1970,0,Greenwood Valley,40081
PROP_00541,2025-11-15,240448,3,2.5,1156,6936,1.5,0,1987,0,Tech Park District,30045
PROP_00542,2025-12-24,428963,4,1.0,2033,8132,1.0,0,2009,0,Greenwood Valley,40082
PROP_00543,2026-05-23,327832,2,2.0,1906,5718,2.0,0,2000,0,Coastal Suburbs,20011
PROP_00544,2025-10-30,7104888,6,4.5,6858,34290,3.0,1,1971,0,Greenwood Valley,40081
PROP_00545,2026-03-11,419104,3,2.5,1871,9355,1.0,0,1963,0,Tech Park District,30046
PROP_00546,2025-08-05,973806,4,2.5,4467,13401,2.5,0,1989,0,Greenwood Valley,40081
PROP_00547,2025-09-07,732090,6,2.5,3183,9549,2.0,0,1976,0,Greenwood Valley,40082
PROP_00548,2026-01-02,300272,1,2.5,1532,7660,1.0,0,1993,0,Metro City,10001
PROP_00549,2026-05-07,457710,4,1.0,2190,10950,1.0,0,1953,0,Coastal Suburbs,20012
PROP_00550,2025-12-12,1994800,4,4.0,3838,30704,2.5,1,1954,2017,Greenwood Valley,40082
PROP_00551,2026-05-13,470298,1,1.5,2283,4566,1.5,0,1980,0,Greenwood Valley,40082
PROP_00552,2025-08-29,390640,4,1.5,2056,10280,1.0,0,1953,2023,Greenwood Valley,40081
PROP_00553,2026-04-12,403637,4,1.0,1318,7908,1.0,0,1972,2020,Metro City,10002
PROP_00554,2026-03-19,249856,3,2.5,1024,3072,1.0,0,1981,0,Coastal Suburbs,20011
PROP_00555,2025-11-02,348568,2,1.5,1496,8976,1.5,0,1964,0,Coastal Suburbs,20012
PROP_00556,2025-12-25,388624,1,2.5,1816,7264,2.0,0,1963,0,Coastal Suburbs,20011
PROP_00557,2026-03-08,196863,4,1.0,933,1866,1.5,0,2010,0,Metro City,10003
PROP_00558,2025-06-01,423120,2,1.0,1968,5904,2.0,0,1983,0,Coastal Suburbs,20011
PROP_00559,2025-11-03,267080,1,1.5,1214,3642,1.5,0,1951,0,Coastal Suburbs,20013
PROP_00560,2025-10-25,343882,3,1.0,1421,4263,1.5,0,1977,0,Metro City,10001
PROP_00561,2025-09-16,219972,1,1.5,1594,9564,2.0,0,1968,0,Greenwood Valley,40082
PROP_00562,2026-01-07,230985,1,1.5,1305,6525,2.0,0,1983,0,Coastal Suburbs,20011
PROP_00563,2026-03-24,956700,5,2.5,3189,25512,3.0,0,2007,0,Greenwood Valley,40081
PROP_00564,2026-04-07,995715,5,4.0,3045,12180,3.0,0,1959,0,Coastal Suburbs,20013
PROP_00565,2026-05-02,454962,1,1.5,2382,4764,1.5,0,2009,0,Metro City,10004
PROP_00566,2025-11-12,1377288,6,3.5,3663,21978,3.0,0,1967,0,Tech Park District,30046
PROP_00567,2026-01-25,6975091,6,6.0,7077,63693,3.0,1,2015,0,Metro City,10004
PROP_00568,2026-01-13,227672,3,2.0,1192,4768,2.0,0,1983,0,Tech Park District,30045
PROP_00569,2026-01-13,1074502,4,3.5,3179,25432,3.0,0,1991,0,Coastal Suburbs,20013
PROP_00570,2026-05-12,202686,3,1.5,1221,7326,2.0,0,2013,0,Greenwood Valley,40081
PROP_00571,2025-09-18,165949,4,2.0,1099,4396,2.0,0,1998,0,Greenwood Valley,40082
PROP_00572,2026-02-17,432750,3,2.5,1731,10386,2.0,0,2003,0,Greenwood Valley,40081
PROP_00573,2026-01-29,275125,4,1.0,1775,8875,1.5,0,1973,0,Metro City,10004
PROP_00574,2025-08-26,1312500,5,2.5,3500,14000,2.0,0,2004,0,Metro City,10001
PROP_00575,2026-05-04,394800,3,2.0,1680,5040,1.0,0,1995,2018,Metro City,10001
PROP_00576,2025-07-14,779153,4,4.0,3233,22631,3.0,0,1961,0,Metro City,10003
PROP_00577,2025-10-24,205328,2,2.5,1252,3756,1.5,0,1978,0,Tech Park District,30046
PROP_00578,2026-02-19,239820,4,2.5,1713,5139,1.0,0,2002,0,Metro City,10002
PROP_00579,2026-05-06,207515,4,2.5,847,5082,1.5,0,2005,0,Greenwood Valley,40081
PROP_00580,2026-04-21,283838,4,2.5,2042,6126,1.5,0,1998,0,Tech Park District,30046
PROP_00581,2026-04-14,243619,3,2.5,1361,4083,2.0,0,1998,0,Greenwood Valley,40081
PROP_00582,2025-11-19,365912,2,1.0,1726,3452,1.5,0,1998,0,Greenwood Valley,40081
PROP_00583,2025-07-18,916370,4,4.0,3445,17225,2.0,0,2011,0,Greenwood Valley,40082
PROP_00584,2025-09-29,226083,2,1.0,1581,6324,1.0,0,1970,0,Coastal Suburbs,20013
PROP_00585,2026-05-11,211055,3,2.5,1105,4420,1.0,0,1973,0,Metro City,10003
PROP_00586,2025-11-06,341715,2,1.0,2071,4142,2.0,0,1986,0,Tech Park District,30045
PROP_00587,2025-09-24,154605,2,1.0,937,1874,1.5,0,1965,0,Greenwood Valley,40081
PROP_00588,2025-09-10,102125,2,1.5,817,3268,1.0,0,2014,0,Tech Park District,30045
PROP_00589,2025-08-15,239466,1,2.5,1119,3357,1.0,0,1985,0,Metro City,10004
PROP_00590,2025-06-13,455760,2,1.5,2110,12660,1.0,0,1967,0,Greenwood Valley,40081
PROP_00591,2025-06-24,393750,4,2.5,1875,9375,2.0,0,2001,0,Greenwood Valley,40082
PROP_00592,2025-10-04,187036,4,1.5,874,2622,1.0,0,1988,0,Greenwood Valley,40081
PROP_00593,2026-01-30,252700,3,1.0,1444,7220,1.0,0,2005,0,Greenwood Valley,40082
PROP_00594,2026-04-09,938346,6,3.0,3637,21822,2.0,0,2006,0,Coastal Suburbs,20012
PROP_00595,2025-07-08,397670,3,1.5,1748,5244,1.5,0,1968,2017,Greenwood Valley,40082
PROP_00596,2026-01-20,448980,4,2.5,2138,10690,1.0,0,2015,0,Tech Park District,30046
PROP_00597,2025-12-30,208075,3,1.5,1435,8610,1.0,0,1968,0,Metro City,10004
PROP_00598,2026-04-19,201213,2,2.0,849,4245,1.5,0,1994,0,Tech Park District,30045
PROP_00599,2026-03-22,303537,1,2.5,2353,11765,1.5,0,2014,0,Tech Park District,30046
PROP_00600,2025-09-08,238492,4,2.0,1094,3282,1.0,0,1985,0,Coastal Suburbs,20012
PROP_00601,2026-05-23,261648,2,1.5,1656,9936,1.0,0,2004,0,Metro City,10001
PROP_00602,2025-12-14,119136,1,1.5,876,3504,2.0,0,1978,0,Tech Park District,30045
PROP_00603,2026-02-09,360240,1,2.5,1501,9006,2.0,0,1983,0,Coastal Suburbs,20013
PROP_00604,2025-12-22,257652,3,1.5,1263,2526,1.5,0,2015,0,Tech Park District,30046
PROP_00605,2025-10-03,726272,5,3.5,2837,11348,3.0,0,1981,0,Greenwood Valley,40081
PROP_00606,2025-08-15,454720,3,2.5,2320,11600,1.5,0,1960,0,Coastal Suburbs,20011
PROP_00607,2026-05-02,1051301,4,4.0,4063,24378,2.0,0,1992,2017,Greenwood Valley,40081
PROP_00608,2026-05-19,360900,4,2.5,2005,6015,1.5,0,1986,0,Tech Park District,30045
PROP_00609,2025-06-03,118218,3,2.5,969,1938,1.0,0,1969,0,Coastal Suburbs,20012
PROP_00610,2025-07-25,763717,6,3.0,2611,7833,2.5,0,1987,2021,Greenwood Valley,40081
PROP_00611,2026-01-04,163150,3,2.0,1004,2008,2.0,0,1950,2019,Tech Park District,30045
PROP_00612,2025-09-21,1459162,5,2.5,3495,24465,2.5,0,1959,2020,Coastal Suburbs,20012
PROP_00613,2025-08-30,374709,3,1.5,2117,12702,1.0,0,1986,0,Coastal Suburbs,20011
PROP_00614,2026-05-23,408924,4,2.0,1842,7368,1.5,0,2003,0,Tech Park District,30045
PROP_00615,2026-02-21,244160,2,1.5,1744,5232,2.0,0,1957,0,Coastal Suburbs,20012
PROP_00616,2026-01-24,222105,4,1.5,1105,2210,1.5,0,1980,0,Metro City,10002
PROP_00617,2025-06-26,298961,3,1.5,1769,3538,1.5,0,1994,0,Greenwood Valley,40082
PROP_00618,2026-03-13,504780,4,2.5,2148,10740,2.0,0,1967,0,Metro City,10003
PROP_00619,2025-10-06,787644,6,3.0,2431,9724,2.5,0,1992,0,Greenwood Valley,40082
PROP_00620,2025-08-02,148108,4,2.0,1214,3642,1.5,0,1996,0,Coastal Suburbs,20011
PROP_00621,2026-01-20,306768,4,1.5,1232,3696,1.5,0,1985,0,Tech Park District,30046
PROP_00622,2025-08-08,1436968,6,2.5,4264,34112,3.0,0,2008,0,Coastal Suburbs,20012
PROP_00623,2026-01-24,330800,1,2.5,1654,8270,2.0,0,1978,0,Tech Park District,30045
PROP_00624,2026-05-08,1054725,6,3.5,4018,20090,2.0,0,1978,2023,Tech Park District,30045
PROP_00625,2026-02-27,210800,1,1.0,1360,8160,2.0,0,2014,2024,Coastal Suburbs,20012
PROP_00626,2026-03-14,524724,2,2.0,2396,4792,1.0,0,1992,0,Tech Park District,30045
PROP_00627,2026-04-01,324972,1,2.0,2124,6372,1.5,0,1983,0,Coastal Suburbs,20011
PROP_00628,2025-11-10,553186,4,1.5,2293,6879,1.5,0,1989,2024,Tech Park District,30046
PROP_00629,2026-01-13,6331399,6,4.5,8406,67248,2.5,1,1972,0,Metro City,10001
PROP_00630,2026-04-10,376635,4,1.0,1785,10710,1.5,0,1961,0,Greenwood Valley,40082
PROP_00631,2026-02-14,428490,3,1.0,2070,4140,1.0,0,1970,0,Greenwood Valley,40081
PROP_00632,2026-01-05,3901828,8,4.5,5894,64834,3.0,0,2001,0,Coastal Suburbs,20012
PROP_00633,2026-03-08,469755,1,1.5,2145,10725,2.0,0,1991,0,Coastal Suburbs,20013
PROP_00634,2026-01-15,592669,2,1.0,1969,7876,1.0,1,1993,0,Coastal Suburbs,20011
PROP_00635,2025-08-21,639826,4,3.0,2794,19558,3.0,0,1967,0,Metro City,10003
PROP_00636,2026-01-30,317606,1,2.0,1303,5212,2.0,0,1954,2016,Tech Park District,30045
PROP_00637,2026-01-17,409726,4,1.5,1374,5496,1.5,1,1959,0,Tech Park District,30045
PROP_00638,2025-10-11,170810,3,2.0,1178,2356,1.0,0,1996,0,Tech Park District,30046
PROP_00639,2025-10-05,354420,1,1.5,1980,5940,2.0,0,1956,0,Tech Park District,30046
PROP_00640,2026-04-23,863284,6,3.5,2812,16872,2.0,0,1961,0,Metro City,10003
PROP_00641,2025-10-20,215816,1,1.0,1018,5090,1.0,0,2001,0,Tech Park District,30045
PROP_00642,2026-02-22,216664,2,1.0,1484,4452,1.0,0,1952,0,Tech Park District,30045
PROP_00643,2026-02-04,136080,2,2.5,810,4860,1.5,0,2013,0,Coastal Suburbs,20011
PROP_00644,2026-04-17,423000,4,1.5,1880,7520,1.5,0,1986,0,Metro City,10004
PROP_00645,2025-10-01,190256,4,1.0,1034,5170,2.0,0,1966,0,Metro City,10004
PROP_00646,2025-10-19,362163,1,1.5,1311,2622,2.0,0,1967,2020,Metro City,10002
PROP_00647,2026-01-12,256776,1,1.0,1646,3292,1.5,0,1968,0,Metro City,10001
PROP_00648,2025-07-10,367650,4,2.5,2150,12900,2.0,0,1968,0,Metro City,10003
PROP_00649,2025-10-25,1163448,6,3.0,4407,26442,2.5,0,1950,0,Tech Park District,30045
PROP_00650,2025-09-29,978705,4,4.0,3585,14340,2.5,0,1968,0,Coastal Suburbs,20011
PROP_00651,2025-10-18,1342530,5,2.5,4262,21310,2.5,0,1975,0,Coastal Suburbs,20012
PROP_00652,2025-11-19,891072,5,3.0,4368,17472,2.5,0,1980,0,Tech Park District,30046
PROP_00653,2025-11-11,3148312,7,4.5,5597,55970,4.0,0,1984,2024,Greenwood Valley,40081
PROP_00654,2026-03-04,286142,1,1.5,1379,5516,1.0,0,2013,2018,Tech Park District,30046
PROP_00655,2025-07-12,158796,4,2.0,802,4010,1.0,0,2004,0,Coastal Suburbs,20011
PROP_00656,2025-08-10,287196,3,1.0,1578,7890,2.0,0,1991,0,Tech Park District,30045
PROP_00657,2025-08-17,224316,2,2.0,1809,5427,1.5,0,1959,0,Tech Park District,30046
PROP_00658,2025-09-27,339259,1,1.5,1756,8780,2.0,1,1963,0,Coastal Suburbs,20011
PROP_00659,2025-12-14,436520,2,1.5,1559,3118,1.0,0,1965,2025,Greenwood Valley,40081
PROP_00660,2026-05-22,179371,2,1.0,991,3964,2.0,0,1955,0,Greenwood Valley,40081
PROP_00661,2025-08-18,385330,1,2.5,1243,6215,1.5,0,1979,2020,Tech Park District,30045
PROP_00662,2026-05-28,242375,3,2.5,1939,5817,1.0,0,1985,0,Metro City,10004
PROP_00663,2025-09-18,165780,2,1.5,1228,3684,1.0,0,2007,0,Coastal Suburbs,20011
PROP_00664,2025-07-03,283424,2,2.0,2084,8336,2.0,0,1970,0,Coastal Suburbs,20011
PROP_00665,2025-12-30,162498,2,2.5,1022,2044,1.0,0,2003,0,Metro City,10002
PROP_00666,2025-12-26,1835400,5,3.5,4256,17024,3.0,0,1977,2022,Coastal Suburbs,20013
PROP_00667,2025-11-17,757270,5,3.5,3694,18470,3.0,0,1975,0,Coastal Suburbs,20013
PROP_00668,2026-03-05,981120,6,2.5,2920,8760,2.0,0,1964,0,Greenwood Valley,40082
PROP_00669,2026-01-25,146004,2,1.5,1058,3174,1.0,0,1980,0,Greenwood Valley,40081
PROP_00670,2025-12-30,220110,1,2.0,1334,5336,2.0,0,1955,0,Metro City,10003
PROP_00671,2025-07-02,1088172,4,2.5,3006,21042,2.5,0,1960,0,Coastal Suburbs,20011
PROP_00672,2025-09-14,108486,3,2.0,861,1722,1.0,0,1953,0,Tech Park District,30046
PROP_00673,2026-01-02,616275,6,2.5,2739,21912,2.0,0,2006,0,Coastal Suburbs,20013
PROP_00674,2025-12-17,690206,6,2.5,3014,15070,2.5,0,2014,0,Tech Park District,30045
PROP_00675,2026-03-27,192932,2,2.5,1388,6940,2.0,0,1969,0,Tech Park District,30046
PROP_00676,2026-05-23,242616,4,1.0,1838,9190,1.5,0,1950,0,Tech Park District,30045
PROP_00677,2025-06-11,343420,3,1.0,1540,9240,1.5,0,1998,0,Coastal Suburbs,20012
PROP_00678,2026-03-22,290142,3,1.5,1458,5832,2.0,0,1971,0,Coastal Suburbs,20012
PROP_00679,2025-12-12,215196,1,2.5,908,4540,1.0,0,1995,0,Greenwood Valley,40081
PROP_00680,2026-01-31,135296,1,2.0,896,1792,1.5,0,1950,0,Metro City,10002
PROP_00681,2025-06-04,219912,4,2.5,1309,7854,1.0,0,1958,0,Tech Park District,30045
PROP_00682,2025-11-28,409266,2,2.5,2067,8268,2.0,0,2002,0,Coastal Suburbs,20011
PROP_00683,2025-10-31,1211790,6,3.0,3909,31272,3.0,0,1977,0,Metro City,10002
PROP_00684,2025-12-17,375443,1,2.5,1397,6985,1.0,0,1987,2016,Tech Park District,30045
PROP_00685,2026-01-01,944457,6,3.5,3793,26551,3.0,0,1952,0,Coastal Suburbs,20012
PROP_00686,2026-03-03,231250,3,2.0,1850,11100,2.0,0,1978,0,Greenwood Valley,40082
PROP_00687,2026-03-07,199665,2,2.0,1479,4437,1.5,0,1993,0,Tech Park District,30045
PROP_00688,2026-04-05,547137,2,1.5,2366,9464,1.0,0,1990,2017,Metro City,10003
PROP_00689,2025-09-21,889372,4,2.5,2788,22304,3.0,0,1965,0,Greenwood Valley,40081
PROP_00690,2026-02-05,275013,2,2.5,1243,3729,1.5,0,1955,2016,Coastal Suburbs,20011
PROP_00691,2025-09-21,1227376,6,4.0,3742,22452,2.0,0,2002,0,Metro City,10001
PROP_00692,2025-10-18,771426,4,2.5,2521,17647,2.0,0,1964,0,Metro City,10001
PROP_00693,2026-01-10,394500,3,2.5,2104,10520,1.5,0,2003,2025,Metro City,10002
PROP_00694,2026-02-04,138618,3,1.5,918,1836,1.5,0,1986,0,Coastal Suburbs,20012
PROP_00695,2025-06-15,191296,4,2.0,854,5124,1.0,0,1974,0,Tech Park District,30045
PROP_00696,2025-12-17,293057,2,1.0,1291,6455,1.5,0,1959,0,Coastal Suburbs,20011
PROP_00697,2025-11-20,342771,4,1.0,1551,3102,1.5,0,2004,0,Metro City,10003
PROP_00698,2026-05-09,321332,2,2.5,2398,4796,1.0,0,1976,0,Metro City,10001
PROP_00699,2026-05-14,962342,4,4.0,3031,24248,2.5,0,1962,2019,Greenwood Valley,40081
PROP_00700,2025-12-25,413092,4,1.5,1693,10158,1.0,0,2004,0,Tech Park District,30046
PROP_00701,2025-08-24,282535,3,2.0,2335,4670,1.0,0,2007,0,Coastal Suburbs,20013
PROP_00702,2026-01-26,134994,2,2.5,894,2682,1.0,0,1956,0,Tech Park District,30046
PROP_00703,2025-08-05,250104,1,1.0,1839,7356,2.0,0,1987,0,Tech Park District,30046
PROP_00704,2026-04-15,565513,4,2.0,1993,5979,1.5,0,1998,2020,Coastal Suburbs,20011
PROP_00705,2026-03-01,1345500,5,3.0,3900,27300,2.5,0,1981,0,Greenwood Valley,40081
PROP_00706,2025-06-14,204966,3,1.5,1158,3474,1.0,0,1987,0,Metro City,10003
PROP_00707,2025-12-19,458354,1,2.5,2074,4148,2.0,0,1965,0,Greenwood Valley,40082
PROP_00708,2026-03-31,252208,2,1.5,1433,8598,2.0,0,1991,0,Greenwood Valley,40081
PROP_00709,2026-03-16,939360,6,3.0,2472,12360,2.0,0,1965,2025,Tech Park District,30045
PROP_00710,2026-05-06,464079,2,2.5,2009,8036,2.0,0,1984,0,Greenwood Valley,40082
PROP_00711,2025-06-14,120350,1,1.5,830,4980,1.5,0,1968,0,Greenwood Valley,40082
PROP_00712,2025-07-13,3786580,6,6.0,7955,63640,3.0,0,1980,0,Tech Park District,30046
PROP_00713,2026-04-26,328020,1,1.0,1136,5680,1.0,0,2000,2022,Tech Park District,30046
PROP_00714,2026-01-06,195365,4,1.5,953,1906,2.0,0,1953,0,Metro City,10001
PROP_00715,2025-08-09,282800,3,1.0,1400,8400,1.0,0,1956,0,Metro City,10004
PROP_00716,2026-01-23,366784,4,2.5,2084,6252,1.0,0,1985,0,Coastal Suburbs,20013
PROP_00717,2025-09-02,175460,3,2.5,1132,2264,2.0,0,2001,0,Greenwood Valley,40082
PROP_00718,2025-06-26,583521,3,1.0,1937,3874,2.0,0,1999,2018,Greenwood Valley,40081
PROP_00719,2025-10-12,212822,3,1.0,1199,3597,1.0,0,1966,2021,Metro City,10003
PROP_00720,2025-12-12,302032,4,1.0,1756,10536,1.0,0,1971,0,Tech Park District,30045
PROP_00721,2025-11-15,469536,1,1.5,2336,11680,1.0,0,1966,0,Metro City,10002
PROP_00722,2025-09-17,157080,2,2.5,952,5712,1.5,0,1971,2021,Tech Park District,30046
PROP_00723,2026-01-19,593844,5,2.5,2788,16728,2.5,0,1980,0,Metro City,10002
PROP_00724,2025-11-15,291916,1,1.5,1748,8740,2.0,0,1959,0,Tech Park District,30045
PROP_00725,2025-11-20,229043,4,1.5,1009,3027,1.5,0,1971,0,Coastal Suburbs,20013
PROP_00726,2025-12-12,1418755,6,4.0,3358,20148,2.0,0,1981,2024,Tech Park District,30046
PROP_00727,2025-10-21,201865,3,2.5,859,3436,1.0,0,1952,0,Coastal Suburbs,20013
PROP_00728,2026-01-02,549266,1,2.5,1779,3558,1.5,0,1980,2024,Greenwood Valley,40082
PROP_00729,2025-10-08,310841,1,2.5,1907,5721,1.0,0,1973,0,Coastal Suburbs,20011
PROP_00730,2025-07-12,512460,1,2.5,2190,8760,1.0,0,1963,0,Tech Park District,30046
PROP_00731,2026-01-27,464448,2,1.0,1968,5904,1.5,0,1955,0,Greenwood Valley,40081
PROP_00732,2025-06-10,143872,3,1.0,1124,3372,1.0,0,1979,0,Tech Park District,30045
PROP_00733,2026-03-04,191760,3,1.5,1410,8460,1.5,0,1960,0,Greenwood Valley,40082
PROP_00734,2025-06-27,941064,4,4.0,2776,13880,2.0,0,2001,0,Greenwood Valley,40082
PROP_00735,2025-11-27,286340,2,1.0,2060,10300,1.5,0,1958,0,Greenwood Valley,40081
PROP_00736,2025-09-23,440979,4,2.5,1909,5727,2.0,0,2014,0,Greenwood Valley,40082
PROP_00737,2026-04-29,280200,2,2.5,2335,4670,2.0,0,2001,0,Coastal Suburbs,20011
PROP_00738,2025-07-06,440232,3,1.0,2158,8632,1.5,0,2008,0,Coastal Suburbs,20012
PROP_00739,2026-04-30,344740,2,2.0,1567,6268,1.5,0,2008,0,Metro City,10001
PROP_00740,2025-06-21,495145,3,1.5,2107,6321,2.0,0,2000,2019,Coastal Suburbs,20011
PROP_00741,2025-06-16,1422750,6,2.5,3794,22764,2.0,0,1991,0,Coastal Suburbs,20013
PROP_00742,2025-10-05,201168,3,2.5,1143,6858,1.0,0,1978,0,Tech Park District,30046
PROP_00743,2025-09-11,476525,1,2.5,1556,6224,1.0,0,1983,2024,Tech Park District,30045
PROP_00744,2025-06-11,250312,4,2.0,1335,4005,1.0,0,2015,2020,Tech Park District,30045
PROP_00745,2026-04-15,217260,2,1.0,1207,7242,2.0,0,1984,0,Metro City,10004
PROP_00746,2025-08-18,297598,3,1.0,1466,5864,1.5,0,1975,0,Metro City,10003
PROP_00747,2025-10-01,507807,2,2.5,1774,10644,1.0,0,2007,2016,Coastal Suburbs,20012
PROP_00748,2025-08-04,872690,4,2.5,3562,10686,2.0,0,2008,0,Metro City,10003
PROP_00749,2026-01-29,169917,2,2.5,813,3252,1.5,0,2001,0,Metro City,10004
PROP_00750,2026-05-09,215965,4,2.5,919,3676,2.0,0,2006,0,Coastal Suburbs,20012
PROP_00751,2025-07-29,528276,3,2.0,2317,9268,2.0,0,1996,0,Coastal Suburbs,20011
PROP_00752,2026-03-16,471282,2,2.0,2058,4116,1.0,0,1992,0,Tech Park District,30046
PROP_00753,2025-09-20,471888,3,2.0,2109,6327,2.0,0,1959,2018,Metro City,10001
PROP_00754,2026-01-25,806859,4,3.0,2423,12115,2.5,0,1976,0,Metro City,10003
PROP_00755,2026-05-25,301276,3,2.0,1382,8292,2.0,0,2012,0,Greenwood Valley,40081
PROP_00756,2025-10-10,404876,4,2.0,2117,10585,1.0,0,1996,2018,Coastal Suburbs,20012
PROP_00757,2025-12-06,193872,1,1.5,1154,6924,1.0,0,1958,0,Tech Park District,30046
PROP_00758,2025-08-25,131560,3,1.0,920,4600,2.0,0,1981,0,Coastal Suburbs,20013
PROP_00759,2026-04-07,189327,4,2.0,849,5094,1.0,0,1961,0,Greenwood Valley,40081
PROP_00760,2026-04-07,1783943,5,4.0,3715,18575,3.0,1,1984,0,Coastal Suburbs,20011
PROP_00761,2025-07-29,1107064,4,3.5,2984,20888,2.0,0,2008,0,Greenwood Valley,40081
PROP_00762,2025-08-23,372444,1,1.5,2271,11355,1.0,0,1958,0,Coastal Suburbs,20013
PROP_00763,2025-11-07,186832,2,1.5,859,3436,1.0,0,2002,2017,Coastal Suburbs,20011
PROP_00764,2025-07-26,207846,1,2.0,1283,7698,2.0,0,1991,0,Greenwood Valley,40082
PROP_00765,2026-03-24,857472,6,3.0,3712,25984,2.5,0,2012,0,Coastal Suburbs,20013
PROP_00766,2025-06-14,240304,4,2.0,1306,2612,2.0,0,2013,0,Greenwood Valley,40082
PROP_00767,2025-11-07,523404,6,4.0,2412,9648,3.0,0,1970,0,Metro City,10002
PROP_00768,2026-03-22,809663,5,4.0,2861,11444,2.5,0,1967,0,Coastal Suburbs,20013
PROP_00769,2026-05-13,205618,1,1.5,1546,7730,2.0,0,1974,0,Coastal Suburbs,20011
PROP_00770,2025-12-10,1673625,5,4.0,4463,31241,3.0,0,1976,0,Metro City,10003
PROP_00771,2025-12-21,575486,4,1.0,2337,4674,1.0,0,1980,2017,Tech Park District,30046
PROP_00772,2025-09-10,194340,3,1.5,1230,7380,1.0,0,1971,0,Tech Park District,30045
PROP_00773,2025-07-09,232390,2,2.5,1367,8202,1.0,0,1950,0,Tech Park District,30045
PROP_00774,2026-03-31,323268,4,1.0,2046,4092,1.0,0,1969,0,Greenwood Valley,40081
PROP_00775,2026-05-20,934320,6,4.0,4080,24480,3.0,0,1961,0,Coastal Suburbs,20011
PROP_00776,2026-04-18,161238,2,1.0,1047,6282,2.0,0,1993,0,Greenwood Valley,40082
PROP_00777,2025-10-03,288606,2,1.0,1401,8406,1.0,0,1976,0,Greenwood Valley,40081
PROP_00778,2025-07-23,212352,3,1.0,1106,4424,1.0,0,1952,0,Coastal Suburbs,20012
PROP_00779,2026-05-23,856080,4,3.5,2952,11808,3.0,0,1952,2025,Greenwood Valley,40081
PROP_00780,2025-11-02,678434,5,4.0,2671,21368,3.0,0,1994,0,Coastal Suburbs,20013
PROP_00781,2026-05-17,839826,4,4.0,2886,11544,2.5,0,1991,0,Greenwood Valley,40081
PROP_00782,2026-04-04,600129,4,3.0,2511,12555,2.0,0,1953,0,Greenwood Valley,40082
PROP_00783,2025-08-01,240435,3,1.5,1781,5343,2.0,0,1971,0,Greenwood Valley,40081
PROP_00784,2026-03-17,319770,1,2.5,1672,10032,1.0,0,1966,2024,Metro City,10004
PROP_00785,2025-06-22,189354,2,1.0,1254,5016,1.0,0,1952,0,Metro City,10003
PROP_00786,2025-11-25,388178,4,2.0,1666,6664,2.0,0,1994,0,Greenwood Valley,40082
PROP_00787,2026-02-28,567200,5,4.0,2836,11344,2.5,0,1964,0,Greenwood Valley,40081
PROP_00788,2026-01-06,780495,6,2.5,2559,10236,2.0,0,1979,0,Metro City,10001
PROP_00789,2026-05-05,621992,4,4.0,3064,18384,3.0,0,1962,0,Greenwood Valley,40082
PROP_00790,2025-12-07,375250,1,1.0,1501,3002,1.5,0,1955,0,Tech Park District,30046
PROP_00791,2025-07-06,182970,2,2.0,963,1926,1.5,0,2012,0,Metro City,10002
PROP_00792,2026-02-15,175350,2,1.0,835,5010,1.5,0,2007,0,Greenwood Valley,40081
PROP_00793,2026-04-28,333279,2,1.0,1949,3898,1.5,0,2001,0,Greenwood Valley,40082
PROP_00794,2025-11-22,1256675,5,4.0,3010,9030,2.5,0,1980,2023,Greenwood Valley,40082
PROP_00795,2025-06-07,336396,3,2.5,1649,8245,1.0,0,1953,0,Metro City,10001
PROP_00796,2026-01-02,197098,4,2.5,1054,4216,1.0,0,1980,0,Metro City,10001
PROP_00797,2026-02-06,281710,3,1.5,2167,4334,1.5,0,1982,0,Metro City,10003
PROP_00798,2025-07-25,277576,4,2.5,2041,12246,1.5,0,1975,0,Metro City,10003
PROP_00799,2026-01-08,939290,5,3.5,2819,16914,2.5,1,1977,0,Greenwood Valley,40081
PROP_00800,2025-12-03,220921,3,1.5,1277,3831,1.5,0,2015,0,Metro City,10004
PROP_00801,2026-04-22,4933530,9,4.5,4775,42975,2.5,1,1967,0,Tech Park District,30045
PROP_00802,2026-01-22,124714,2,1.0,982,4910,1.0,0,1983,0,Greenwood Valley,40081
PROP_00803,2026-05-29,318990,4,1.5,1029,2058,1.5,0,1987,2024,Metro City,10002
PROP_00804,2025-08-18,3311132,9,6.0,5746,74698,2.5,0,2007,2021,Metro City,10001
PROP_00805,2026-01-09,3436160,8,7.5,8320,41600,4.0,0,1983,0,Coastal Suburbs,20013
PROP_00806,2025-08-30,264478,1,1.5,1186,5930,2.0,0,1961,0,Greenwood Valley,40082
PROP_00807,2026-02-23,283362,4,2.0,1138,6828,2.0,0,1969,0,Metro City,10002
PROP_00808,2026-04-30,166500,1,2.0,888,5328,1.5,0,1983,2017,Greenwood Valley,40082
PROP_00809,2025-10-17,341610,1,2.5,1930,5790,1.0,0,1992,0,Greenwood Valley,40081
PROP_00810,2026-04-12,1113330,5,4.0,3145,15725,3.0,0,2003,0,Tech Park District,30045
PROP_00811,2026-03-03,513000,2,2.0,2052,10260,1.0,0,1989,0,Tech Park District,30046
PROP_00812,2026-02-03,587107,3,1.0,1590,4770,1.0,1,1981,2022,Greenwood Valley,40081
PROP_00813,2026-01-25,421415,2,2.0,1894,9470,2.0,0,1955,2018,Tech Park District,30045
PROP_00814,2026-01-10,237140,4,1.0,1670,3340,2.0,0,1988,0,Tech Park District,30046
PROP_00815,2026-03-31,681728,2,1.5,2263,11315,1.0,0,2002,2021,Metro City,10002
PROP_00816,2025-10-16,242375,3,2.0,1939,11634,1.0,0,1971,0,Coastal Suburbs,20011
PROP_00817,2025-11-13,263936,3,1.0,2062,4124,1.5,0,1974,0,Tech Park District,30046
PROP_00818,2025-10-04,574344,5,4.0,2659,15954,3.0,0,1966,0,Tech Park District,30045
PROP_00819,2025-07-15,853085,5,3.0,2797,13985,2.0,0,1963,0,Metro City,10001
PROP_00820,2025-10-21,1174782,6,4.0,3486,24402,2.5,0,1981,0,Tech Park District,30045
PROP_00821,2026-01-17,411060,4,2.0,2210,4420,1.5,0,1990,0,Greenwood Valley,40082
PROP_00822,2025-10-03,199423,2,1.5,919,4595,1.5,0,1955,0,Metro City,10001
PROP_00823,2026-01-24,349460,1,1.5,2020,12120,2.0,0,2003,0,Metro City,10004
PROP_00824,2026-03-19,189002,3,2.0,1562,9372,1.0,0,1956,0,Greenwood Valley,40081
PROP_00825,2026-04-09,238335,3,1.5,896,3584,1.5,1,2005,0,Tech Park District,30045
PROP_00826,2026-05-09,240903,4,2.0,1131,2262,1.5,0,2012,0,Greenwood Valley,40081
PROP_00827,2025-12-12,159004,3,2.0,1252,3756,2.0,0,2004,0,Tech Park District,30045
PROP_00828,2025-11-20,672015,5,3.0,3155,18930,2.5,0,1963,0,Tech Park District,30046
PROP_00829,2025-06-15,333300,1,1.0,2222,11110,1.0,0,1972,0,Tech Park District,30046
PROP_00830,2026-02-09,196732,4,2.5,1436,7180,1.0,0,1999,0,Coastal Suburbs,20012
PROP_00831,2025-11-14,342078,1,1.0,1562,9372,1.5,0,1957,0,Metro City,10002
PROP_00832,2025-09-02,315840,4,2.5,2256,11280,2.0,0,1972,0,Metro City,10001
PROP_00833,2026-02-05,1128876,4,3.5,4228,16912,3.0,0,1971,0,Tech Park District,30046
PROP_00834,2025-09-17,219978,1,1.5,909,2727,2.0,0,1993,0,Greenwood Valley,40081
PROP_00835,2025-11-29,2174172,6,2.5,4290,30030,2.5,1,1971,0,Tech Park District,30046
PROP_00836,2025-10-11,344228,1,1.5,1831,7324,1.5,0,1956,0,Tech Park District,30045
PROP_00837,2025-11-22,362950,3,2.0,2135,10675,1.5,0,1959,0,Greenwood Valley,40082
PROP_00838,2025-10-22,975273,5,3.5,4413,35304,3.0,0,2007,0,Coastal Suburbs,20011
PROP_00839,2026-04-02,391034,3,1.5,1802,5406,1.0,0,1971,0,Greenwood Valley,40081
PROP_00840,2026-05-26,377770,1,1.0,2042,10210,1.0,0,1992,0,Greenwood Valley,40082
PROP_00841,2025-10-20,427136,2,2.0,2272,13632,2.0,0,1979,0,Coastal Suburbs,20011
PROP_00842,2026-03-12,546190,1,1.0,2264,11320,1.5,0,2015,2023,Coastal Suburbs,20012
PROP_00843,2025-06-06,230955,3,2.0,1335,5340,1.5,0,1996,0,Tech Park District,30045
PROP_00844,2026-02-20,319214,1,1.0,2114,8456,1.0,0,1968,0,Greenwood Valley,40081
PROP_00845,2025-09-06,849800,6,4.0,3035,24280,3.0,0,2011,0,Tech Park District,30046
PROP_00846,2025-07-14,187298,4,1.5,1319,6595,1.0,0,1998,0,Coastal Suburbs,20012
PROP_00847,2025-10-02,362340,2,1.5,2013,10065,1.0,0,1963,0,Coastal Suburbs,20012
PROP_00848,2025-12-26,200622,2,1.5,1153,6918,2.0,0,1971,0,Metro City,10004
PROP_00849,2026-02-06,175272,2,1.5,804,1608,1.0,0,2009,0,Metro City,10001
PROP_00850,2026-03-12,1095325,6,4.0,3983,11949,2.0,0,1974,0,Metro City,10001
PROP_00851,2025-10-02,363250,2,2.0,1453,4359,2.0,0,1956,0,Metro City,10003
PROP_00852,2026-05-20,1399562,6,3.0,3199,15995,2.5,0,1990,2017,Tech Park District,30046
PROP_00853,2026-01-30,558436,1,2.5,2339,11695,1.0,0,1992,2025,Metro City,10001
PROP_00854,2026-04-27,1344726,5,2.5,2589,15534,2.5,1,1999,0,Greenwood Valley,40082
PROP_00855,2026-05-31,249924,4,2.0,1412,2824,2.0,0,1986,0,Metro City,10001
PROP_00856,2026-02-07,149565,3,2.5,885,5310,2.0,0,2005,0,Greenwood Valley,40082
PROP_00857,2026-01-16,138498,4,2.5,1126,5630,2.0,0,1979,0,Coastal Suburbs,20012
PROP_00858,2025-06-09,353805,4,1.0,1545,3090,1.5,0,1973,0,Metro City,10004
PROP_00859,2025-07-18,1106301,4,3.0,2919,8757,2.0,0,1995,0,Metro City,10004
PROP_00860,2025-10-29,325404,1,1.0,2358,14148,1.5,0,2009,0,Coastal Suburbs,20012
PROP_00861,2025-09-22,548024,4,2.0,2246,4492,2.0,0,1987,0,Tech Park District,30045
PROP_00862,2025-12-25,153140,2,2.0,988,5928,2.0,0,2005,0,Coastal Suburbs,20011
PROP_00863,2026-05-21,345763,4,2.0,1849,11094,1.0,0,1996,0,Coastal Suburbs,20011
PROP_00864,2025-10-03,1292312,5,3.5,3928,23568,2.0,0,1966,0,Coastal Suburbs,20011
PROP_00865,2025-11-04,509012,5,4.0,2401,19208,3.0,0,1958,0,Coastal Suburbs,20011
PROP_00866,2026-05-06,765472,5,3.5,2617,15702,2.0,0,1985,2023,Coastal Suburbs,20013
PROP_00867,2026-03-25,134460,3,2.0,810,1620,1.0,0,1970,0,Coastal Suburbs,20013
PROP_00868,2025-12-06,217192,4,1.0,1597,9582,1.5,0,1957,0,Greenwood Valley,40081
PROP_00869,2026-01-29,301350,3,1.0,2050,6150,1.5,0,1961,0,Metro City,10001
PROP_00870,2026-03-11,194810,1,2.0,1265,6325,1.0,0,1975,0,Greenwood Valley,40081
PROP_00871,2026-02-27,1165898,6,3.5,2461,7383,2.5,0,1961,2025,Greenwood Valley,40081
PROP_00872,2025-11-24,341388,2,1.5,1962,11772,1.5,0,2002,0,Tech Park District,30046
PROP_00873,2026-01-04,651596,4,4.0,2761,19327,3.0,0,2010,0,Tech Park District,30046
PROP_00874,2026-03-09,296144,1,1.0,1328,5312,1.0,0,1978,0,Tech Park District,30045
PROP_00875,2025-11-17,1368292,4,3.5,4194,20970,3.0,0,1993,2018,Metro City,10004
PROP_00876,2025-11-28,193380,3,2.5,879,4395,1.5,0,1982,2024,Greenwood Valley,40081
PROP_00877,2026-05-26,310170,2,2.0,1266,6330,2.0,0,2001,2024,Coastal Suburbs,20013
PROP_00878,2026-01-19,280030,4,2.5,1366,2732,1.5,0,1995,0,Metro City,10003
PROP_00879,2025-10-17,409248,2,1.0,2016,4032,2.0,0,1963,0,Greenwood Valley,40081
PROP_00880,2025-11-04,249996,1,1.5,1004,2008,1.0,0,1999,0,Tech Park District,30045
PROP_00881,2025-10-07,362340,3,2.5,2196,10980,1.0,0,1971,0,Metro City,10002
PROP_00882,2025-09-27,848065,5,3.5,2741,21928,2.0,1,1967,0,Greenwood Valley,40082
PROP_00883,2025-08-01,670340,4,2.5,3047,18282,3.0,0,1990,0,Tech Park District,30046
PROP_00884,2025-09-07,1311336,5,3.5,4203,33624,3.0,0,1986,0,Coastal Suburbs,20013
PROP_00885,2025-11-09,849410,6,3.0,2929,17574,3.0,0,1996,0,Greenwood Valley,40081
PROP_00886,2025-08-01,1532930,4,2.5,2440,14640,2.5,1,1977,2016,Coastal Suburbs,20013
PROP_00887,2026-03-02,898398,4,2.5,3537,17685,2.0,0,2004,0,Coastal Suburbs,20013
PROP_00888,2026-05-20,205492,3,1.0,1253,5012,2.0,0,1995,0,Tech Park District,30045
PROP_00889,2025-09-03,150693,3,1.5,893,3572,1.5,0,2002,2025,Coastal Suburbs,20012
PROP_00890,2025-09-07,229900,4,1.0,950,5700,1.5,0,1983,0,Metro City,10001
PROP_00891,2025-09-19,533610,2,1.5,2156,6468,2.0,0,1997,2016,Coastal Suburbs,20012
PROP_00892,2026-02-03,310156,4,1.5,1484,5936,1.0,0,1951,0,Metro City,10004
PROP_00893,2025-10-20,217560,2,2.5,1176,4704,1.0,0,1973,0,Coastal Suburbs,20012
PROP_00894,2026-03-29,738528,6,3.0,3297,13188,2.5,0,1958,0,Coastal Suburbs,20013
PROP_00895,2026-02-24,344025,4,1.0,1529,4587,1.0,0,2015,0,Metro City,10001
PROP_00896,2026-04-02,929682,4,2.5,3973,23838,2.5,0,1950,0,Metro City,10002
PROP_00897,2025-10-23,446424,4,2.0,1958,5874,1.0,0,1989,0,Tech Park District,30046
PROP_00898,2025-07-22,921396,4,4.0,3134,9402,3.0,0,1995,0,Metro City,10002
PROP_00899,2025-09-08,517959,4,1.0,2223,13338,1.0,0,1964,0,Metro City,10003
PROP_00900,2025-10-30,172115,1,1.5,1187,5935,2.0,0,1971,0,Tech Park District,30045
PROP_00901,2025-09-25,293712,3,1.0,1688,3376,1.0,0,1997,0,Metro City,10004
PROP_00902,2025-12-02,149602,4,2.5,1142,2284,1.5,0,1956,0,Metro City,10003
PROP_00903,2025-08-31,600312,2,1.0,1921,9605,2.0,0,2011,2024,Tech Park District,30045
PROP_00904,2025-11-02,899668,5,2.5,2794,19558,2.0,0,1970,0,Tech Park District,30046
PROP_00905,2025-06-08,330720,3,1.5,2080,6240,1.0,0,1957,0,Coastal Suburbs,20013
PROP_00906,2026-05-29,339956,3,1.5,2297,6891,2.0,0,1958,0,Tech Park District,30046
PROP_00907,2026-03-01,175065,2,1.0,1061,2122,2.0,0,1985,2018,Tech Park District,30045
PROP_00908,2025-08-04,279370,4,2.5,1535,4605,2.0,0,1997,0,Coastal Suburbs,20011
PROP_00909,2025-10-19,107520,4,2.0,896,4480,1.5,0,1957,0,Metro City,10002
PROP_00910,2025-06-24,305541,3,2.5,1997,3994,2.0,0,1959,0,Coastal Suburbs,20012
PROP_00911,2025-06-28,225760,1,2.5,1411,7055,2.0,0,1977,0,Coastal Suburbs,20013
PROP_00912,2026-03-11,362075,3,1.0,2069,10345,1.5,0,1975,2022,Metro City,10003
PROP_00913,2025-10-28,533775,3,2.5,1941,7764,1.5,0,2008,2016,Greenwood Valley,40081
PROP_00914,2026-05-24,265680,2,1.0,1968,11808,1.5,0,1988,0,Greenwood Valley,40081
PROP_00915,2025-08-04,268968,4,2.5,1601,4803,2.0,0,1978,0,Tech Park District,30046
PROP_00916,2026-04-23,376922,4,1.5,1729,5187,1.0,0,1967,0,Tech Park District,30045
PROP_00917,2026-02-07,257301,2,2.0,1243,6215,2.0,0,1991,0,Metro City,10001
PROP_00918,2025-07-23,451584,1,2.5,2016,12096,1.0,0,1968,0,Coastal Suburbs,20011
PROP_00919,2025-06-07,226431,4,2.0,1251,3753,2.0,0,1967,0,Tech Park District,30045
PROP_00920,2026-03-21,3723965,7,6.0,7231,36155,3.0,0,1981,0,Tech Park District,30046
PROP_00921,2025-10-24,912205,4,2.5,2723,21784,2.5,0,2013,0,Coastal Suburbs,20011
PROP_00922,2026-01-27,451248,4,2.5,2212,13272,2.0,0,2008,0,Tech Park District,30046
PROP_00923,2026-02-01,1126841,5,3.0,4189,20945,3.0,0,2000,0,Tech Park District,30046
PROP_00924,2026-01-12,120125,3,1.5,961,2883,1.5,0,1951,0,Greenwood Valley,40081
PROP_00925,2025-11-22,1123106,4,4.0,2985,14925,2.5,0,1988,2018,Tech Park District,30045
PROP_00926,2025-09-03,193500,3,1.5,1290,5160,2.0,0,1984,0,Metro City,10002
PROP_00927,2025-06-27,321848,3,1.5,1307,3921,1.5,0,1990,2019,Metro City,10003
PROP_00928,2025-10-08,160274,2,2.5,1262,2524,2.0,0,1965,0,Metro City,10004
PROP_00929,2026-01-31,296814,1,1.0,1554,9324,1.5,0,1990,0,Tech Park District,30045
PROP_00930,2025-07-29,453245,2,2.5,1835,9175,1.5,0,1956,0,Tech Park District,30046
PROP_00931,2025-07-04,1045504,6,2.5,4084,20420,3.0,0,2006,0,Coastal Suburbs,20013
PROP_00932,2025-12-23,226335,3,2.5,1185,3555,1.5,0,1957,0,Coastal Suburbs,20013
PROP_00933,2026-02-07,920368,5,2.5,2501,12505,2.5,0,1955,0,Metro City,10003
PROP_00934,2025-07-08,985230,4,3.0,2670,13350,2.0,0,1974,0,Coastal Suburbs,20012
PROP_00935,2026-03-23,419255,1,1.5,2362,11810,2.0,0,2013,2018,Metro City,10003
PROP_00936,2026-04-19,371580,3,2.0,2252,6756,2.0,0,1953,0,Coastal Suburbs,20011
PROP_00937,2026-05-18,394800,4,1.5,1504,4512,2.0,0,1977,2018,Coastal Suburbs,20013
PROP_00938,2025-06-28,366048,4,1.5,2232,13392,1.0,0,1950,0,Coastal Suburbs,20011
PROP_00939,2025-08-17,962081,4,3.0,3329,19974,2.5,0,1954,0,Greenwood Valley,40081
PROP_00940,2025-08-16,277050,4,1.0,1847,5541,1.5,0,2014,0,Metro City,10001
PROP_00941,2026-03-16,185680,1,2.5,1055,3165,1.5,0,1973,0,Coastal Suburbs,20012
PROP_00942,2025-11-03,1081083,5,3.5,4049,24294,2.0,0,1966,0,Greenwood Valley,40082
PROP_00943,2025-07-14,5877837,7,5.0,8267,107471,2.5,0,1987,0,Coastal Suburbs,20013
PROP_00944,2025-10-06,193390,2,1.5,1165,4660,1.5,0,1993,0,Coastal Suburbs,20012
PROP_00945,2025-07-31,206856,4,1.5,936,1872,2.0,0,2012,0,Metro City,10004
PROP_00946,2026-03-13,392688,3,1.5,1944,7776,1.0,0,1969,0,Coastal Suburbs,20011
PROP_00947,2025-12-31,679830,4,4.0,2635,18445,2.5,0,2010,0,Metro City,10002
PROP_00948,2026-04-07,153870,3,2.5,892,3568,1.5,0,1972,2017,Greenwood Valley,40081
PROP_00949,2026-04-02,219382,3,1.0,958,5748,2.0,0,1984,0,Tech Park District,30045
PROP_00950,2026-04-13,287741,2,2.0,1723,10338,1.5,0,1957,0,Metro City,10004
PROP_00951,2025-09-24,277628,2,2.5,1124,2248,1.0,0,1962,0,Metro City,10002
PROP_00952,2026-02-23,552004,2,1.5,2339,11695,2.0,0,2001,0,Metro City,10002
PROP_00953,2025-12-12,298930,4,2.5,1790,5370,1.0,0,1966,0,Greenwood Valley,40081
PROP_00954,2026-01-17,368144,3,2.5,2128,12768,1.5,0,1989,0,Greenwood Valley,40081
PROP_00955,2026-01-13,330971,2,1.0,1849,11094,2.0,0,1965,0,Metro City,10004
PROP_00956,2025-10-31,450954,3,1.0,2386,9544,1.5,0,1986,0,Coastal Suburbs,20011
PROP_00957,2026-03-29,215226,1,1.0,1087,5435,2.0,0,1989,0,Greenwood Valley,40082
PROP_00958,2026-01-06,312394,4,2.5,1433,2866,1.5,0,1994,0,Greenwood Valley,40082
PROP_00959,2025-11-04,1040896,4,2.5,4066,16264,2.5,0,2010,0,Metro City,10003
PROP_00960,2026-03-19,359333,2,2.5,1703,3406,1.0,0,1967,0,Greenwood Valley,40082
PROP_00961,2026-04-14,431210,1,2.0,2015,10075,2.0,0,1994,0,Greenwood Valley,40081
PROP_00962,2025-07-01,274122,2,2.5,1413,4239,1.0,0,1992,0,Coastal Suburbs,20012
PROP_00963,2026-04-09,273734,4,1.5,1411,5644,1.5,0,1978,0,Tech Park District,30046
PROP_00964,2025-07-21,1784318,5,2.5,4021,28147,3.0,0,1981,2020,Tech Park District,30045
PROP_00965,2025-09-15,218420,3,2.5,1340,2680,2.0,0,1968,0,Tech Park District,30046
PROP_00966,2026-04-17,373842,4,1.5,1978,11868,2.0,0,1962,0,Tech Park District,30046
PROP_00967,2025-09-17,2806890,9,5.0,4751,33257,2.5,1,2011,0,Metro City,10001
PROP_00968,2025-10-14,226328,4,2.0,1489,7445,2.0,0,1954,0,Tech Park District,30045
PROP_00969,2026-05-05,349796,4,2.0,1581,3162,1.0,0,1956,2018,Metro City,10003
PROP_00970,2025-07-12,485722,1,1.5,2302,11510,1.5,0,2000,0,Tech Park District,30045
PROP_00971,2025-08-20,591108,6,4.0,2724,19068,3.0,0,1983,0,Tech Park District,30046
PROP_00972,2025-10-01,426395,3,2.5,1594,4782,1.0,0,1956,2020,Tech Park District,30045
PROP_00973,2025-08-28,695412,4,3.0,2538,10152,2.0,0,1973,0,Coastal Suburbs,20011
PROP_00974,2026-03-10,537342,3,1.5,2158,10790,2.0,0,2000,0,Coastal Suburbs,20013
PROP_00975,2025-07-09,324225,3,1.5,1965,7860,1.5,0,1969,2017,Metro City,10001
PROP_00976,2025-08-20,977880,4,4.0,3480,13920,2.0,0,1957,0,Greenwood Valley,40082
PROP_00977,2025-06-02,329600,3,2.5,1600,6400,1.0,0,1970,0,Tech Park District,30045
PROP_00978,2025-12-27,3505887,7,4.5,5059,25295,2.5,0,1963,0,Coastal Suburbs,20013
PROP_00979,2026-01-17,247036,2,2.0,1636,8180,1.5,0,2004,0,Metro City,10002
PROP_00980,2026-05-19,597250,4,1.5,2389,11945,2.0,0,1981,2016,Tech Park District,30045
PROP_00981,2026-04-01,178560,2,1.0,960,2880,1.0,0,2012,0,Coastal Suburbs,20012
PROP_00982,2026-01-27,131440,2,1.0,1060,6360,1.5,0,1961,0,Metro City,10002
PROP_00983,2025-10-28,203850,2,2.0,906,3624,1.0,0,1983,0,Coastal Suburbs,20011
PROP_00984,2025-06-17,1639685,5,4.0,3716,18580,2.5,0,1973,2016,Greenwood Valley,40081
PROP_00985,2025-09-27,277635,2,2.5,1115,5575,2.0,0,1958,0,Greenwood Valley,40082
PROP_00986,2025-10-26,1054435,6,3.5,3979,23874,3.0,0,2014,0,Tech Park District,30045
PROP_00987,2026-05-28,347917,2,2.5,1974,3948,1.0,0,1961,2017,Coastal Suburbs,20011
PROP_00988,2025-10-23,400372,3,2.5,2321,13926,1.0,0,2008,2023,Greenwood Valley,40081
PROP_00989,2026-05-26,1926612,4,3.0,3844,11532,3.0,1,1982,0,Tech Park District,30045
PROP_00990,2026-01-19,247968,1,2.5,1008,3024,1.0,0,1999,0,Coastal Suburbs,20013
PROP_00991,2025-07-07,124764,2,1.5,843,3372,1.5,0,1998,0,Coastal Suburbs,20011
PROP_00992,2026-05-18,254787,4,1.5,1199,2398,2.0,0,1975,2020,Tech Park District,30046
PROP_00993,2025-09-28,1551384,4,3.5,4458,31206,2.5,0,1992,0,Tech Park District,30046
PROP_00994,2025-10-14,1405132,4,3.5,3947,27629,3.0,0,1990,0,Greenwood Valley,40081
PROP_00995,2026-04-17,336474,2,2.5,1674,5022,1.0,0,2003,0,Greenwood Valley,40082
PROP_00996,2026-03-29,632196,5,3.5,3099,12396,2.5,0,2003,0,Coastal Suburbs,20012
PROP_00997,2026-05-05,136960,2,1.5,856,3424,2.0,0,1969,0,Greenwood Valley,40082
PROP_00998,2025-09-10,196692,4,1.5,886,2658,2.0,0,1979,0,Metro City,10001
PROP_00999,2026-01-04,300240,2,2.0,2160,6480,1.0,0,1992,0,Greenwood Valley,40081
PROP_01000,2025-07-29,222312,2,1.0,1256,7536,1.0,0,1970,0,Metro City,10003
PROP_01001,2026-03-06,1001097,4,3.0,2713,13565,3.0,0,1964,0,Metro City,10002
PROP_01002,2025-09-24,208680,4,2.5,1410,2820,1.0,0,1991,0,Coastal Suburbs,20012
PROP_01003,2026-04-28,449418,3,1.5,2179,4358,1.0,0,2014,2022,Metro City,10004
PROP_01004,2025-08-16,530358,3,2.0,2389,11945,2.0,0,1989,0,Greenwood Valley,40082
PROP_01005,2025-10-15,496188,2,2.0,2148,6444,1.0,0,1968,0,Metro City,10004
PROP_01006,2025-08-12,241850,1,1.0,1382,4146,2.0,0,1964,0,Coastal Suburbs,20011
PROP_01007,2025-07-07,450187,4,1.5,2357,11785,2.0,0,1962,0,Greenwood Valley,40081
PROP_01008,2025-07-01,203587,1,1.0,1249,6245,1.5,0,1950,0,Coastal Suburbs,20011
PROP_01009,2025-08-24,229680,3,1.5,1914,9570,1.0,0,1991,0,Tech Park District,30045
PROP_01010,2025-11-05,345102,2,1.0,1527,9162,2.0,0,1971,0,Tech Park District,30045
PROP_01011,2026-04-01,358050,4,1.5,1736,8680,1.0,0,1976,2024,Metro City,10001
PROP_01012,2026-03-19,347021,4,2.5,2329,4658,2.0,0,2001,0,Greenwood Valley,40081
PROP_01013,2025-10-26,199449,3,1.0,801,1602,1.0,0,1970,0,Greenwood Valley,40081
PROP_01014,2026-01-11,206040,1,1.5,1515,4545,1.5,0,2011,0,Coastal Suburbs,20013
PROP_01015,2025-08-03,1795975,5,4.0,3980,11940,3.0,0,1997,2018,Metro City,10004
PROP_01016,2026-01-26,847604,5,3.0,2708,18956,2.0,0,2002,0,Metro City,10001
PROP_01017,2026-05-19,1685625,5,3.0,3625,18125,3.0,0,1952,2018,Metro City,10003
PROP_01018,2025-11-03,340416,4,2.5,2364,7092,2.0,0,1967,0,Greenwood Valley,40082
PROP_01019,2026-05-25,338877,2,2.0,1467,4401,2.0,0,1951,0,Coastal Suburbs,20012
PROP_01020,2025-12-24,303525,1,2.5,1349,6745,1.0,0,2004,0,Tech Park District,30045
PROP_01021,2025-10-18,1543520,6,4.0,4385,13155,3.0,0,2008,0,Tech Park District,30045
PROP_01022,2026-02-12,339636,3,2.5,1364,2728,2.0,0,1988,0,Greenwood Valley,40082
PROP_01023,2026-03-04,179634,4,2.0,1222,6110,2.0,0,1998,0,Greenwood Valley,40081
PROP_01024,2026-02-08,437871,1,1.5,2157,12942,1.5,0,1971,0,Metro City,10003
PROP_01025,2026-01-11,272025,4,1.0,1612,8060,1.5,0,1952,2018,Metro City,10002
PROP_01026,2025-07-12,134568,1,1.5,801,4806,2.0,0,1955,0,Tech Park District,30046
PROP_01027,2026-04-03,417960,4,2.0,2322,4644,2.0,0,1951,0,Tech Park District,30045
PROP_01028,2025-06-21,978328,4,2.5,3272,9816,3.0,0,2001,0,Greenwood Valley,40082
PROP_01029,2026-01-08,295538,3,2.5,1399,2798,2.0,0,2006,2020,Tech Park District,30045
PROP_01030,2025-11-13,483188,4,1.0,2138,4276,2.0,0,1954,0,Greenwood Valley,40082
PROP_01031,2026-04-06,234048,1,1.0,1272,5088,1.5,0,1966,0,Coastal Suburbs,20012
PROP_01032,2025-10-07,250776,3,2.5,1944,9720,1.5,0,1998,0,Metro City,10004
PROP_01033,2025-06-14,366712,3,2.5,1778,5334,1.5,0,1973,2018,Coastal Suburbs,20011
PROP_01034,2025-07-17,411400,2,2.0,1700,3400,1.5,0,1999,0,Metro City,10001
PROP_01035,2025-09-26,262772,2,2.5,1468,4404,1.0,0,1978,0,Tech Park District,30046
PROP_01036,2026-05-12,1346400,5,3.5,3825,15300,2.0,0,1957,0,Greenwood Valley,40081
PROP_01037,2026-03-22,146484,2,1.0,939,4695,1.0,0,2009,0,Coastal Suburbs,20012
PROP_01038,2026-03-28,393414,2,2.0,1938,7752,2.0,0,1971,0,Greenwood Valley,40082
PROP_01039,2025-06-11,560232,3,1.5,2259,9036,1.0,0,1991,0,Tech Park District,30045
PROP_01040,2026-05-11,269269,3,1.0,1883,3766,1.5,0,1983,0,Metro City,10004
PROP_01041,2025-10-16,372937,3,1.5,1530,4590,1.5,0,1964,2023,Tech Park District,30046
PROP_01042,2026-03-23,273060,4,1.5,1332,5328,2.0,0,1979,0,Metro City,10003
PROP_01043,2025-06-21,201275,2,2.5,970,1940,2.0,0,2004,2024,Metro City,10002
PROP_01044,2025-08-29,961250,6,2.5,3845,15380,2.5,0,1951,0,Greenwood Valley,40081
PROP_01045,2026-01-27,327880,1,2.0,1171,2342,1.5,0,1991,2019,Greenwood Valley,40081
PROP_01046,2026-02-21,447216,1,1.0,1848,11088,1.0,0,1974,0,Tech Park District,30045
PROP_01047,2026-04-30,640900,4,2.5,2320,11600,1.0,0,1958,2019,Greenwood Valley,40082
PROP_01048,2026-01-13,432216,3,2.5,2088,10440,1.5,0,1956,0,Coastal Suburbs,20012
PROP_01049,2025-10-21,226614,3,2.5,1266,7596,1.0,0,1993,0,Metro City,10001
PROP_01050,2025-09-01,225008,3,2.0,1148,4592,1.5,0,2008,0,Metro City,10004
PROP_01051,2026-03-27,279680,3,2.5,1472,8832,1.5,0,1964,2016,Greenwood Valley,40081
PROP_01052,2026-01-10,254035,4,1.0,1081,4324,2.0,0,1960,0,Coastal Suburbs,20011
PROP_01053,2026-04-22,841800,5,3.5,2806,14030,2.0,0,2000,2017,Tech Park District,30046
PROP_01054,2026-02-07,280269,1,1.5,1881,11286,1.5,0,1960,0,Metro City,10002
PROP_01055,2025-07-17,137052,3,1.0,846,5076,2.0,0,1963,0,Greenwood Valley,40081
PROP_01056,2026-01-27,429570,4,2.5,1998,5994,1.0,0,1961,0,Metro City,10003
PROP_01057,2025-11-26,759525,5,2.5,3705,14820,2.0,0,1965,0,Tech Park District,30045
PROP_01058,2025-12-27,394800,2,1.5,1974,9870,1.5,0,1994,0,Coastal Suburbs,20013
PROP_01059,2025-11-18,246780,3,1.0,1828,3656,1.0,0,1967,0,Greenwood Valley,40081
PROP_01060,2025-11-12,283272,3,2.5,1221,6105,1.5,0,1960,0,Greenwood Valley,40081
PROP_01061,2026-05-10,331843,2,2.0,1295,7770,1.0,0,1991,2022,Tech Park District,30046
PROP_01062,2025-07-24,471534,3,2.5,2163,6489,1.0,0,1998,0,Metro City,10003
PROP_01063,2025-08-22,256262,1,1.0,1577,6308,1.0,0,1967,2019,Greenwood Valley,40081
PROP_01064,2025-11-16,579096,1,1.5,1915,11490,1.5,1,2002,0,Greenwood Valley,40082
PROP_01065,2025-12-28,297450,1,2.5,1322,5288,1.0,0,1959,0,Coastal Suburbs,20012
PROP_01066,2026-05-22,1146688,5,3.0,3772,26404,3.0,0,1983,0,Metro City,10004
PROP_01067,2026-02-09,440176,1,1.5,1804,5412,1.0,0,2003,0,Tech Park District,30045
PROP_01068,2025-10-26,1221132,5,3.5,3509,21054,2.0,0,1979,0,Coastal Suburbs,20013
PROP_01069,2026-05-06,217680,1,2.5,1814,9070,1.5,0,1972,0,Coastal Suburbs,20011
PROP_01070,2025-12-23,811956,5,3.5,2859,22872,2.0,0,2008,0,Tech Park District,30046
PROP_01071,2026-03-09,317100,2,1.0,2114,10570,2.0,0,1963,0,Greenwood Valley,40081
PROP_01072,2025-06-19,535317,2,1.0,1838,9190,1.0,0,1995,2019,Tech Park District,30045
PROP_01073,2026-01-19,101016,4,2.5,828,3312,1.0,0,1951,0,Coastal Suburbs,20011
PROP_01074,2025-07-16,246829,4,1.0,1181,7086,1.0,0,1983,0,Metro City,10003
PROP_01075,2025-11-09,205514,2,1.5,974,5844,1.0,0,2007,0,Metro City,10003
PROP_01076,2025-10-08,923832,4,2.5,2632,21056,3.0,0,1984,0,Metro City,10003
PROP_01077,2025-11-13,229098,2,1.0,921,5526,1.5,0,1962,2018,Coastal Suburbs,20011
PROP_01078,2025-07-30,548047,4,1.0,2002,12012,1.5,0,1982,2025,Coastal Suburbs,20012
PROP_01079,2025-12-24,279056,3,1.0,1815,7260,1.0,0,1983,2019,Greenwood Valley,40081
PROP_01080,2026-02-19,173130,1,1.0,1194,4776,1.5,0,1998,0,Coastal Suburbs,20012
PROP_01081,2025-06-01,351076,4,2.5,2222,6666,1.0,0,1954,0,Greenwood Valley,40081
PROP_01082,2026-05-03,119761,4,1.5,943,5658,1.5,0,1951,0,Tech Park District,30045
PROP_01083,2026-03-05,159654,1,2.5,1298,3894,1.5,0,1953,0,Greenwood Valley,40082
PROP_01084,2026-01-23,314580,2,1.0,2140,10700,1.0,0,1976,0,Coastal Suburbs,20013
PROP_01085,2025-12-29,321150,4,1.0,2141,10705,1.5,0,1953,0,Greenwood Valley,40081
PROP_01086,2025-06-28,984940,6,3.5,4070,12210,2.5,0,1958,0,Tech Park District,30046
PROP_01087,2025-09-05,177450,2,2.5,910,2730,1.0,0,1966,0,Metro City,10004
PROP_01088,2026-02-21,283689,1,1.5,1501,4503,1.0,0,1960,0,Coastal Suburbs,20011
PROP_01089,2025-12-03,194054,4,2.5,1169,5845,2.0,0,2003,0,Metro City,10003
PROP_01090,2026-04-15,401065,2,2.5,1637,3274,2.0,0,1953,2018,Tech Park District,30046
PROP_01091,2026-02-11,648993,5,3.5,2859,17154,2.0,0,1964,0,Tech Park District,30046
PROP_01092,2026-04-17,1088850,6,4.0,3570,28560,3.0,0,1982,0,Metro City,10002
PROP_01093,2026-01-13,183080,4,2.5,920,1840,2.0,0,2008,0,Greenwood Valley,40082
PROP_01094,2025-06-27,1019942,6,2.5,2849,19943,2.0,0,1966,0,Coastal Suburbs,20012
PROP_01095,2025-09-13,364010,2,2.5,2045,6135,1.0,0,1985,0,Tech Park District,30045
PROP_01096,2025-10-15,234000,1,1.5,1040,3120,2.0,0,1990,0,Greenwood Valley,40082
PROP_01097,2026-03-09,286343,1,1.5,935,2805,1.0,0,1968,2021,Coastal Suburbs,20011
PROP_01098,2025-08-07,784400,4,2.5,2650,7950,2.0,0,1981,0,Tech Park District,30045
PROP_01099,2025-10-26,115258,1,1.0,806,4836,2.0,0,1965,0,Greenwood Valley,40082
PROP_01100,2026-01-11,603315,1,2.5,1962,5886,1.0,0,1975,2025,Greenwood Valley,40081
PROP_01101,2026-05-24,355632,3,2.0,1912,3824,2.0,0,1999,0,Greenwood Valley,40081
PROP_01102,2026-02-04,923440,6,3.5,3298,13192,2.5,0,1981,2017,Metro City,10001
PROP_01103,2025-08-02,366906,3,2.0,1475,8850,1.0,0,1969,2019,Metro City,10001
PROP_01104,2025-06-15,299847,2,2.0,2361,7083,1.5,0,2007,0,Tech Park District,30045
PROP_01105,2026-04-19,242496,3,2.5,1684,8420,1.0,0,1957,0,Tech Park District,30046
PROP_01106,2026-04-08,1481887,6,2.5,4477,17908,2.0,0,2007,0,Tech Park District,30045
PROP_01107,2025-10-01,118916,4,1.5,868,5208,1.5,0,2013,0,Tech Park District,30045
PROP_01108,2026-05-30,361240,3,1.5,1642,6568,1.0,0,1994,2016,Tech Park District,30045
PROP_01109,2025-08-21,437883,1,1.5,1929,7716,1.0,0,1958,0,Metro City,10003
PROP_01110,2025-11-07,169576,3,2.5,1034,2068,1.0,0,1978,0,Tech Park District,30046
PROP_01111,2026-03-10,276900,1,1.5,1950,5850,2.0,0,1953,0,Greenwood Valley,40082
PROP_01112,2025-06-08,4393462,7,7.5,4782,47820,2.5,0,1983,2021,Coastal Suburbs,20011
PROP_01113,2026-03-10,164929,4,2.0,1259,5036,1.5,0,1989,0,Metro City,10004
PROP_01114,2025-12-26,324720,2,2.0,1584,3168,1.0,0,1980,0,Coastal Suburbs,20012
PROP_01115,2025-07-18,924070,5,4.0,3010,15050,2.0,0,1960,0,Greenwood Valley,40081
PROP_01116,2025-09-24,387444,3,1.0,2334,7002,1.5,0,2000,0,Greenwood Valley,40081
PROP_01117,2025-07-29,1565352,6,4.0,3839,30712,2.5,1,1985,2025,Metro City,10004
PROP_01118,2026-01-23,1329138,5,3.5,3602,21612,2.5,0,1970,0,Greenwood Valley,40082
PROP_01119,2025-07-31,363465,4,1.0,1845,7380,2.0,0,1968,0,Coastal Suburbs,20012
PROP_01120,2026-04-28,1353830,5,2.5,3659,29272,2.5,0,1969,2018,Tech Park District,30046
PROP_01121,2025-08-18,1177300,5,3.5,3860,15440,2.5,0,1952,2020,Metro City,10003
PROP_01122,2026-02-11,758874,4,4.0,3202,22414,3.0,0,2009,0,Tech Park District,30045
PROP_01123,2025-10-28,346560,3,2.0,1824,10944,1.0,0,2003,0,Greenwood Valley,40081
PROP_01124,2026-02-16,161161,1,2.0,1001,2002,1.0,0,1997,0,Greenwood Valley,40082
PROP_01125,2026-05-28,703359,4,3.0,2521,7563,3.0,0,2004,0,Tech Park District,30045
PROP_01126,2025-10-18,157149,4,1.0,919,2757,1.0,0,1963,0,Coastal Suburbs,20012
PROP_01127,2025-12-30,199307,3,1.0,827,2481,1.5,0,1964,0,Metro City,10001
PROP_01128,2026-02-03,141987,4,2.5,893,1786,2.0,0,1995,0,Greenwood Valley,40081
PROP_01129,2026-01-28,280800,3,2.5,1872,7488,1.5,0,1959,0,Metro City,10003
PROP_01130,2025-10-03,197118,2,1.0,846,4230,1.0,0,1950,0,Greenwood Valley,40082
PROP_01131,2026-01-20,305250,4,1.0,1650,3300,1.5,0,2010,2018,Greenwood Valley,40081
PROP_01132,2026-03-10,544425,4,2.0,1785,8925,1.0,0,1993,2016,Coastal Suburbs,20011
PROP_01133,2025-08-14,249636,1,1.0,1172,4688,2.0,0,1995,0,Greenwood Valley,40082
PROP_01134,2025-12-14,249873,3,2.0,1197,3591,1.0,0,1970,2017,Metro City,10001
PROP_01135,2025-09-06,1230080,5,4.0,3844,23064,2.5,0,1952,0,Greenwood Valley,40081
PROP_01136,2026-04-03,309348,1,1.5,1983,7932,2.0,0,1961,0,Greenwood Valley,40082
PROP_01137,2026-02-16,687990,4,4.0,2698,8094,2.5,0,1975,0,Metro City,10004
PROP_01138,2025-08-09,399317,2,1.0,2069,12414,1.0,0,1987,0,Tech Park District,30045
PROP_01139,2025-07-06,361340,1,2.5,2030,4060,1.0,0,1955,0,Coastal Suburbs,20011
PROP_01140,2025-10-20,405860,3,2.5,2230,8920,1.5,0,1979,0,Tech Park District,30045
PROP_01141,2025-12-30,153140,1,1.0,806,3224,1.0,0,2013,0,Tech Park District,30045
PROP_01142,2025-11-22,293910,4,1.0,1455,7275,1.0,0,1964,0,Coastal Suburbs,20012
PROP_01143,2026-02-15,1014456,5,2.5,2949,11796,3.0,0,2013,0,Metro City,10004
PROP_01144,2025-10-15,514698,4,1.0,2361,14166,1.5,0,1952,0,Tech Park District,30046
PROP_01145,2025-06-02,1202412,5,3.5,4132,24792,2.5,0,1958,0,Tech Park District,30046
PROP_01146,2025-10-23,374220,4,1.0,1540,7700,1.5,0,1979,0,Metro City,10004
PROP_01147,2025-10-31,369013,3,2.0,1267,7602,1.0,0,1987,2020,Metro City,10002
PROP_01148,2026-03-28,311025,4,1.0,1131,6786,1.0,0,2001,2023,Tech Park District,30046
PROP_01149,2026-03-24,209596,3,1.0,1718,8590,1.5,0,2007,0,Coastal Suburbs,20013
PROP_01150,2026-05-04,331224,1,1.5,1492,4476,2.0,0,2010,0,Greenwood Valley,40081
PROP_01151,2026-02-06,510272,2,2.5,2278,13668,1.5,0,1953,0,Coastal Suburbs,20012
PROP_01152,2025-08-16,301392,3,2.0,2392,7176,1.5,0,1968,0,Greenwood Valley,40081
PROP_01153,2026-01-15,1555092,5,4.0,4158,20790,2.0,0,1991,0,Greenwood Valley,40081
PROP_01154,2026-03-03,520905,4,2.5,2255,9020,1.5,0,1959,0,Metro City,10004
PROP_01155,2026-02-03,909909,6,3.5,3003,12012,2.5,0,1966,0,Metro City,10002
PROP_01156,2025-11-24,367828,2,1.5,2117,6351,1.5,0,2009,2023,Coastal Suburbs,20011
PROP_01157,2025-11-18,1042086,4,4.0,3074,9222,2.5,0,1997,0,Greenwood Valley,40081
PROP_01158,2026-03-10,191174,2,1.0,1567,4701,1.0,0,1976,0,Tech Park District,30046
PROP_01159,2026-03-06,369232,2,2.5,1964,11784,1.0,0,1973,0,Coastal Suburbs,20011
PROP_01160,2025-12-11,510816,4,4.0,2504,7512,2.5,0,1977,0,Tech Park District,30046
PROP_01161,2026-01-20,1458830,5,2.5,3803,30424,2.0,1,1975,0,Metro City,10004
PROP_01162,2025-11-12,459824,3,2.5,1982,5946,1.0,0,1970,0,Greenwood Valley,40082
PROP_01163,2025-09-05,6675177,6,5.0,8424,117936,2.5,1,1983,0,Greenwood Valley,40082
PROP_01164,2026-05-24,260760,2,1.5,1060,5300,2.0,0,1973,0,Tech Park District,30046
PROP_01165,2025-10-01,1138984,4,4.0,3311,16555,3.0,0,2004,0,Metro City,10002
PROP_01166,2026-03-20,364819,3,1.5,1729,5187,2.0,0,1976,0,Greenwood Valley,40082
PROP_01167,2025-12-14,377276,1,2.5,1417,2834,1.5,0,2002,2016,Tech Park District,30046
PROP_01168,2025-09-28,280502,1,1.5,2018,4036,1.0,0,1997,0,Coastal Suburbs,20011
PROP_01169,2025-12-28,313240,3,2.0,1910,11460,1.0,0,1970,0,Tech Park District,30045
PROP_01170,2025-06-23,279715,1,1.5,1301,5204,1.0,0,1992,0,Coastal Suburbs,20011
PROP_01171,2025-11-10,220800,2,2.0,1380,5520,2.0,0,1978,2025,Metro City,10001
PROP_01172,2026-01-29,182252,2,1.5,1132,4528,1.0,0,2004,0,Tech Park District,30045
PROP_01173,2026-05-28,141772,2,1.0,1058,4232,1.5,0,2006,0,Metro City,10003
PROP_01174,2025-12-13,860664,6,3.0,2632,7896,2.0,0,2001,0,Greenwood Valley,40082
PROP_01175,2025-12-15,211876,3,2.0,1127,2254,1.0,0,1961,0,Greenwood Valley,40082
PROP_01176,2026-05-06,208260,1,1.5,1170,5850,1.5,0,1962,0,Greenwood Valley,40082
PROP_01177,2026-04-30,442250,4,2.0,1769,7076,1.0,0,2001,0,Coastal Suburbs,20013
PROP_01178,2025-08-17,274880,4,1.0,1718,5154,1.0,0,1984,0,Metro City,10002
PROP_01179,2026-02-09,189312,2,1.0,928,3712,2.0,0,1995,0,Coastal Suburbs,20012
PROP_01180,2025-06-19,262812,2,1.0,1991,3982,1.5,0,2006,0,Metro City,10003
PROP_01181,2025-08-04,317174,2,2.0,2218,8872,1.0,0,2014,0,Greenwood Valley,40081
PROP_01182,2026-02-13,560601,1,1.5,2307,4614,1.5,0,2013,0,Tech Park District,30046
PROP_01183,2026-03-30,1149462,4,3.0,3361,13444,3.0,0,2005,0,Greenwood Valley,40082
PROP_01184,2025-11-17,345835,4,2.0,1687,6748,1.0,0,2014,0,Tech Park District,30045
PROP_01185,2025-07-22,1195908,6,3.0,3714,29712,2.5,0,1967,0,Tech Park District,30045
PROP_01186,2026-01-12,291281,3,2.5,1787,5361,2.0,0,1996,0,Coastal Suburbs,20011
PROP_01187,2025-07-22,654960,6,3.5,2729,19103,2.5,0,1972,0,Coastal Suburbs,20013
PROP_01188,2026-02-25,1165035,6,3.0,3845,30760,3.0,0,1971,0,Tech Park District,30045
PROP_01189,2026-01-20,286858,4,1.5,2006,8024,1.0,0,1971,0,Tech Park District,30046
PROP_01190,2025-06-08,227425,2,1.0,827,4962,2.0,0,1971,2023,Coastal Suburbs,20012
PROP_01191,2025-08-13,253669,1,2.0,1501,3002,2.0,0,1973,0,Metro City,10002
PROP_01192,2025-12-27,193028,2,1.0,902,1804,2.0,0,1975,0,Tech Park District,30045
PROP_01193,2026-05-02,118217,4,1.0,977,5862,1.0,0,1955,0,Coastal Suburbs,20011
PROP_01194,2025-08-19,367513,1,2.0,1619,6476,1.5,0,1957,0,Metro City,10002
PROP_01195,2025-07-09,195398,2,2.0,821,1642,2.0,0,1972,0,Greenwood Valley,40081
PROP_01196,2026-01-27,298928,4,1.5,1256,2512,1.0,1,2002,0,Greenwood Valley,40081
PROP_01197,2025-10-14,282411,4,2.0,1081,3243,2.0,0,1985,2020,Tech Park District,30046
PROP_01198,2025-11-21,487596,4,2.5,2148,10740,2.0,0,1954,0,Metro City,10002
PROP_01199,2026-04-16,283176,2,1.0,1368,6840,1.0,0,1962,0,Coastal Suburbs,20012
PROP_01200,2026-05-21,2530602,9,5.0,5207,46863,4.0,0,1986,0,Greenwood Valley,40081
PROP_01201,2025-12-21,493792,3,1.0,2374,11870,1.0,0,2004,0,Greenwood Valley,40082
PROP_01202,2026-04-29,1165450,6,3.5,4238,29666,2.0,0,1997,0,Coastal Suburbs,20013
PROP_01203,2025-07-12,510279,1,2.0,2209,11045,1.0,0,1984,0,Greenwood Valley,40081
PROP_01204,2025-11-16,391228,2,2.0,2081,8324,1.5,0,1972,0,Metro City,10001
PROP_01205,2026-05-12,372317,1,1.0,1991,5973,1.5,0,2004,0,Tech Park District,30045
PROP_01206,2026-03-01,301542,3,1.5,1733,10398,2.0,0,2008,0,Greenwood Valley,40082
PROP_01207,2025-12-12,252603,4,2.0,1651,6604,1.5,0,1999,0,Greenwood Valley,40081
PROP_01208,2025-11-10,238464,3,1.0,1863,7452,2.0,0,1957,0,Greenwood Valley,40081
PROP_01209,2026-04-17,564276,1,1.0,2391,14346,1.5,0,1999,0,Greenwood Valley,40081
PROP_01210,2026-02-05,434253,4,1.0,1491,2982,1.0,0,1984,2025,Coastal Suburbs,20012
PROP_01211,2026-03-05,519120,4,2.5,2163,6489,1.0,0,1965,0,Coastal Suburbs,20011
PROP_01212,2025-06-19,248220,4,2.5,1773,10638,2.0,0,1952,0,Coastal Suburbs,20011
PROP_01213,2026-04-13,273996,3,1.0,1593,7965,1.0,0,1988,0,Greenwood Valley,40082
PROP_01214,2025-07-06,106125,4,2.5,849,3396,2.0,0,1988,0,Coastal Suburbs,20013
PROP_01215,2025-09-29,295514,1,2.0,2126,12756,1.5,0,2001,0,Coastal Suburbs,20011
PROP_01216,2026-04-20,113775,2,1.5,925,1850,1.5,0,2010,0,Greenwood Valley,40081
PROP_01217,2026-05-17,2089237,4,3.0,4410,13230,3.0,0,1991,2019,Coastal Suburbs,20013
PROP_01218,2025-10-26,277420,1,2.5,1430,8580,1.5,0,1970,0,Coastal Suburbs,20012
PROP_01219,2025-09-25,272448,2,2.0,1419,8514,2.0,0,1995,0,Coastal Suburbs,20011
PROP_01220,2025-07-17,215760,4,1.5,930,5580,1.5,0,1974,0,Greenwood Valley,40082
PROP_01221,2026-01-09,1179000,5,3.0,4500,36000,2.5,0,1956,0,Tech Park District,30045
PROP_01222,2025-07-21,381240,1,2.5,1765,10590,1.0,0,1984,0,Metro City,10004
PROP_01223,2026-04-21,1227570,6,2.5,2822,16932,3.0,0,1968,2024,Metro City,10003
PROP_01224,2026-05-27,164406,4,1.0,1034,5170,1.0,0,2002,0,Metro City,10003
PROP_01225,2025-07-22,546264,4,2.5,2529,17703,3.0,0,2008,0,Metro City,10004
PROP_01226,2026-01-14,432999,4,1.5,2133,8532,1.5,0,1953,0,Coastal Suburbs,20013
PROP_01227,2025-08-25,293707,3,1.5,2113,10565,2.0,0,2003,0,Metro City,10004
PROP_01228,2026-05-22,141573,4,1.0,1151,5755,1.5,0,1954,0,Greenwood Valley,40081
PROP_01229,2025-11-01,392887,4,1.0,2101,6303,1.5,0,1985,0,Metro City,10002
PROP_01230,2025-06-15,362096,2,2.0,1484,8904,2.0,0,1950,0,Tech Park District,30046
PROP_01231,2025-06-24,923610,6,3.0,3622,14488,3.0,0,2002,0,Metro City,10003
PROP_01232,2025-11-14,916292,5,3.5,3419,10257,2.0,0,2007,0,Metro City,10002
PROP_01233,2025-06-29,164780,4,1.0,1070,4280,1.0,0,1989,0,Metro City,10002
PROP_01234,2025-10-29,423632,4,2.0,1826,3652,2.0,0,1997,0,Tech Park District,30045
PROP_01235,2025-12-01,5758675,9,6.0,7943,103259,4.0,0,2007,2019,Tech Park District,30045
PROP_01236,2025-12-09,632016,5,4.0,3024,12096,2.0,0,1998,0,Tech Park District,30046
PROP_01237,2026-01-07,381372,1,1.5,1563,9378,1.5,0,1972,0,Greenwood Valley,40082
PROP_01238,2025-08-14,138958,4,1.5,1139,5695,2.0,0,1999,0,Metro City,10003
PROP_01239,2025-10-04,1096875,6,4.0,3125,12500,2.5,0,1969,0,Metro City,10004
PROP_01240,2026-02-27,455430,4,2.5,1938,11628,1.5,0,1973,0,Coastal Suburbs,20011
PROP_01241,2025-12-28,345000,2,2.0,1875,5625,1.0,0,1981,0,Greenwood Valley,40081
PROP_01242,2026-03-17,135036,2,1.0,1116,3348,1.5,0,1958,0,Coastal Suburbs,20013
PROP_01243,2026-05-16,759200,4,2.5,3650,29200,3.0,0,1986,0,Metro City,10004
PROP_01244,2025-09-01,445680,1,1.5,1857,11142,1.5,0,1966,0,Metro City,10002
PROP_01245,2025-08-27,893587,5,3.5,3055,24440,3.0,0,1987,2021,Greenwood Valley,40082
PROP_01246,2025-08-29,291975,2,2.0,1275,2550,2.0,0,2004,0,Coastal Suburbs,20011
PROP_01247,2025-07-11,420296,4,1.5,1964,11784,1.0,0,2001,0,Metro City,10003
PROP_01248,2026-04-09,584080,3,1.5,2086,4172,1.5,0,1962,2022,Metro City,10001
PROP_01249,2025-12-13,215100,3,1.0,1434,4302,1.5,0,1970,0,Tech Park District,30046
PROP_01250,2026-04-14,245508,3,2.5,998,1996,1.0,0,1975,0,Metro City,10002
PROP_01251,2026-05-16,7015881,8,4.5,5425,59675,2.5,1,1972,2018,Metro City,10004
PROP_01252,2025-10-02,256762,4,1.5,1230,6150,1.0,0,1987,2020,Tech Park District,30045
PROP_01253,2026-02-10,409060,1,2.0,1810,9050,1.0,0,1966,0,Tech Park District,30046
PROP_01254,2026-03-26,1453370,4,4.0,4094,20470,2.0,0,1959,0,Tech Park District,30045
PROP_01255,2025-08-13,399420,2,1.5,1902,11412,1.5,0,1999,0,Metro City,10003
PROP_01256,2025-09-27,257880,1,2.0,1842,3684,1.5,0,1962,0,Tech Park District,30045
PROP_01257,2026-01-23,289289,4,2.0,1309,7854,2.0,0,1956,0,Greenwood Valley,40082
PROP_01258,2026-04-23,154687,1,1.5,825,3300,1.5,0,1985,2019,Greenwood Valley,40081
PROP_01259,2025-10-09,260650,1,1.5,2005,10025,1.5,0,1980,0,Coastal Suburbs,20011
PROP_01260,2026-01-22,382386,1,2.5,1893,11358,1.0,0,1970,0,Greenwood Valley,40082
PROP_01261,2025-10-09,3696840,9,6.0,7335,80685,4.0,0,1980,0,Tech Park District,30045
PROP_01262,2026-05-08,352086,2,2.5,1414,5656,1.0,0,1956,0,Greenwood Valley,40081
PROP_01263,2025-06-05,303150,4,1.0,2021,6063,1.0,0,1961,0,Greenwood Valley,40082
PROP_01264,2026-01-25,303620,2,1.5,1598,7990,1.0,0,1993,0,Tech Park District,30045
PROP_01265,2025-10-26,751140,4,3.0,2889,8667,3.0,0,1987,2018,Tech Park District,30045
PROP_01266,2026-05-13,338834,4,1.0,1774,8870,1.5,0,1987,0,Coastal Suburbs,20011
PROP_01267,2026-03-07,919524,4,2.5,4218,12654,2.5,0,1993,0,Metro City,10002
PROP_01268,2025-08-20,1440470,5,4.0,4072,16288,2.5,0,1998,2021,Tech Park District,30046
PROP_01269,2025-07-08,497725,4,1.0,2315,13890,1.5,0,2012,0,Coastal Suburbs,20011
PROP_01270,2026-01-13,116870,4,2.5,899,3596,1.0,0,2000,0,Greenwood Valley,40081
PROP_01271,2025-11-24,398437,2,1.0,2125,10625,1.5,0,1951,2025,Greenwood Valley,40081
PROP_01272,2026-03-28,2925498,6,5.0,7118,35590,2.5,0,1983,0,Metro City,10001
PROP_01273,2025-11-01,963794,6,4.0,3902,15608,2.0,0,2000,0,Coastal Suburbs,20012
PROP_01274,2026-04-24,341901,4,2.0,1809,7236,2.0,0,1967,0,Greenwood Valley,40081
PROP_01275,2026-01-04,277800,3,1.5,1852,3704,1.0,0,1999,0,Tech Park District,30046
PROP_01276,2026-05-20,345610,3,2.0,1615,8075,1.0,0,1969,0,Tech Park District,30045
PROP_01277,2025-10-07,187048,4,2.5,824,2472,1.5,0,1967,0,Greenwood Valley,40081
PROP_01278,2026-01-20,470753,3,2.5,2111,6333,1.5,0,1952,0,Greenwood Valley,40081
PROP_01279,2025-11-02,129465,3,1.0,945,3780,1.0,0,2006,0,Tech Park District,30045
PROP_01280,2025-09-10,224910,1,2.0,1666,3332,1.5,0,1997,0,Metro City,10004
PROP_01281,2025-12-14,308664,2,2.0,1429,7145,2.0,0,1983,0,Tech Park District,30046
PROP_01282,2026-02-03,301245,3,2.5,1995,3990,1.5,0,1960,0,Tech Park District,30045
PROP_01283,2025-07-25,757680,5,4.0,3280,19680,2.5,0,1980,0,Greenwood Valley,40082
PROP_01284,2025-09-30,316800,4,2.5,1920,3840,1.5,0,1973,2023,Tech Park District,30046
PROP_01285,2025-12-13,266490,2,1.0,2115,4230,2.0,0,1996,0,Greenwood Valley,40081
PROP_01286,2026-03-20,275405,2,2.5,1235,3705,1.0,0,1987,0,Coastal Suburbs,20011
PROP_01287,2025-12-01,1078272,5,3.0,3072,18432,2.5,0,1973,0,Coastal Suburbs,20013
PROP_01288,2026-03-22,1214022,6,3.0,3317,26536,3.0,0,1968,0,Greenwood Valley,40082
PROP_01289,2025-10-30,371280,1,2.0,2210,4420,1.0,0,1979,0,Coastal Suburbs,20013
PROP_01290,2026-05-25,222464,2,1.5,1408,7040,2.0,0,1951,0,Coastal Suburbs,20013
PROP_01291,2025-10-30,1308498,4,3.5,3501,28008,2.5,0,1957,2023,Greenwood Valley,40082
PROP_01292,2025-06-12,530200,1,1.5,1928,5784,1.0,0,1986,2019,Tech Park District,30046
PROP_01293,2026-05-04,932662,5,3.0,2926,17556,2.5,0,1976,2022,Coastal Suburbs,20011
PROP_01294,2025-12-20,181684,3,2.5,857,4285,1.0,0,1956,0,Metro City,10004
PROP_01295,2025-10-19,138933,2,2.0,1077,4308,1.0,0,2010,0,Metro City,10003
PROP_01296,2025-06-05,178281,4,2.0,837,4185,1.5,0,2014,0,Tech Park District,30045
PROP_01297,2026-03-17,251321,1,2.5,1127,2254,1.0,0,1974,0,Greenwood Valley,40082
PROP_01298,2026-05-18,753480,5,4.0,2691,13455,3.0,0,2012,0,Tech Park District,30046
PROP_01299,2025-06-26,324287,2,2.5,2333,13998,2.0,0,1982,0,Coastal Suburbs,20011
PROP_01300,2026-04-07,179271,3,2.0,829,3316,2.0,0,1968,2022,Greenwood Valley,40081
PROP_01301,2026-02-10,219620,2,2.0,1580,3160,1.0,0,1963,0,Tech Park District,30045
PROP_01302,2025-10-25,515823,1,1.0,2233,4466,1.0,0,1970,0,Tech Park District,30046
PROP_01303,2025-09-26,3455190,8,7.5,5730,40110,4.0,0,2009,0,Coastal Suburbs,20013
PROP_01304,2026-04-07,992592,6,3.0,2928,11712,2.5,0,2011,0,Greenwood Valley,40081
PROP_01305,2025-11-28,412180,1,2.5,2228,4456,2.0,0,1997,0,Tech Park District,30045
PROP_01306,2025-09-21,603892,3,2.5,2206,11030,2.0,0,1974,2024,Greenwood Valley,40082
PROP_01307,2026-04-22,1093275,5,3.0,3225,19350,2.0,0,1957,0,Coastal Suburbs,20011
PROP_01308,2025-09-06,163815,4,1.5,815,1630,1.5,0,2007,0,Coastal Suburbs,20012
PROP_01309,2026-04-14,241244,4,2.0,1471,5884,1.5,0,1982,0,Greenwood Valley,40082
PROP_01310,2025-10-07,228123,4,2.5,1491,8946,1.5,0,1987,0,Tech Park District,30045
PROP_01311,2026-05-14,271025,3,2.0,1465,2930,1.0,0,1988,0,Tech Park District,30045
PROP_01312,2026-05-04,326888,2,1.5,1883,9415,2.0,1,2015,0,Greenwood Valley,40082
PROP_01313,2026-05-15,897594,6,2.5,4254,12762,2.0,0,1988,0,Tech Park District,30046
PROP_01314,2025-08-10,754965,6,4.0,2649,10596,2.0,0,1956,0,Tech Park District,30045
PROP_01315,2026-04-18,3748958,8,4.5,5371,48339,4.0,0,2005,0,Coastal Suburbs,20011
PROP_01316,2025-07-20,1413896,6,4.0,2953,14765,2.5,1,1984,0,Greenwood Valley,40082
PROP_01317,2026-04-18,313200,1,2.0,1450,2900,1.5,0,2012,0,Tech Park District,30046
PROP_01318,2026-04-27,286366,2,2.0,2186,4372,1.5,0,1967,0,Metro City,10003
PROP_01319,2025-06-21,231210,3,2.0,1101,2202,1.0,0,1967,0,Greenwood Valley,40081
PROP_01320,2025-11-06,204856,3,1.5,883,2649,1.0,0,2008,0,Tech Park District,30045
PROP_01321,2026-01-12,611040,3,1.0,2144,8576,1.0,0,1984,2024,Greenwood Valley,40082
PROP_01322,2025-06-18,401470,2,2.0,2113,12678,1.5,0,1963,0,Coastal Suburbs,20011
PROP_01323,2026-03-24,362664,2,1.5,1679,3358,2.0,0,1985,0,Coastal Suburbs,20011
PROP_01324,2025-12-04,476105,2,1.0,1708,5124,2.0,0,1973,2019,Greenwood Valley,40082
PROP_01325,2025-08-07,374248,1,2.5,1907,11442,1.0,0,1998,2021,Metro City,10003
PROP_01326,2025-07-17,173472,1,2.5,1112,3336,1.0,0,1978,0,Tech Park District,30046
PROP_01327,2025-10-30,154100,1,1.5,1150,3450,1.5,0,1954,0,Metro City,10004
PROP_01328,2025-11-15,838332,6,4.0,2628,21024,3.0,0,2007,0,Greenwood Valley,40082
PROP_01329,2025-12-30,315530,4,2.5,1816,7264,1.5,0,1955,2019,Tech Park District,30045
PROP_01330,2025-08-29,356767,1,2.0,1811,10866,1.0,0,1997,0,Greenwood Valley,40081
PROP_01331,2025-09-11,301093,2,2.0,1927,11562,1.5,0,1969,2023,Greenwood Valley,40081
PROP_01332,2025-08-07,148463,4,1.0,1169,2338,2.0,0,1992,0,Greenwood Valley,40081
PROP_01333,2026-03-04,577418,6,4.0,2803,19621,2.0,0,2012,0,Metro City,10002
PROP_01334,2025-12-05,217728,1,1.0,896,4480,2.0,0,1968,0,Greenwood Valley,40082
PROP_01335,2026-02-27,314622,2,1.5,1362,8172,2.0,0,1988,0,Coastal Suburbs,20012
PROP_01336,2026-02-12,467156,3,1.0,1661,8305,1.5,0,1978,2019,Greenwood Valley,40081
PROP_01337,2025-10-18,277915,1,2.5,1705,5115,2.0,0,1977,0,Tech Park District,30046
PROP_01338,2025-08-24,312312,3,2.5,2184,4368,1.5,0,2011,0,Tech Park District,30046
PROP_01339,2025-10-10,269750,3,2.0,891,3564,1.5,1,1963,2020,Coastal Suburbs,20013
PROP_01340,2026-02-02,641300,4,2.5,3025,12100,3.0,0,1975,0,Metro City,10003
PROP_01341,2025-10-30,545905,4,1.0,2323,4646,2.0,0,2007,0,Greenwood Valley,40081
PROP_01342,2025-11-21,344475,3,2.0,1531,7655,2.0,0,2010,0,Coastal Suburbs,20011
PROP_01343,2025-07-29,1058505,4,4.0,4151,20755,2.0,0,1967,0,Tech Park District,30045
PROP_01344,2026-01-26,1184657,6,3.0,2888,14440,3.0,1,2007,0,Greenwood Valley,40081
PROP_01345,2025-07-09,1440257,6,3.0,4199,16796,2.0,0,1976,0,Coastal Suburbs,20013
PROP_01346,2025-08-12,1317296,5,3.5,3647,29176,2.0,1,1979,0,Coastal Suburbs,20013
PROP_01347,2025-09-24,710995,6,3.5,2683,18781,2.5,0,1981,0,Metro City,10004
PROP_01348,2026-05-13,1074905,4,3.5,3595,21570,2.5,0,1972,0,Greenwood Valley,40081
PROP_01349,2026-05-12,314084,1,2.5,1348,8088,1.0,0,1950,0,Tech Park District,30046
PROP_01350,2025-12-21,377508,1,2.5,1956,11736,1.0,0,1962,0,Coastal Suburbs,20011
PROP_01351,2026-03-13,385968,4,1.0,2244,13464,1.5,0,2012,0,Tech Park District,30046
PROP_01352,2025-12-05,343357,2,1.5,1897,9485,1.5,0,1975,0,Tech Park District,30045
PROP_01353,2025-07-17,330159,3,1.0,1977,11862,1.5,0,1964,0,Metro City,10002
PROP_01354,2025-12-20,281892,4,1.0,2028,10140,1.5,0,1950,0,Coastal Suburbs,20012
PROP_01355,2025-06-08,957096,5,3.0,2532,10128,2.0,0,1978,0,Tech Park District,30046
PROP_01356,2025-10-14,1339740,4,4.0,4135,28945,2.0,0,1995,0,Metro City,10001
PROP_01357,2026-03-02,327810,4,1.0,1470,4410,2.0,0,1965,0,Metro City,10001
PROP_01358,2025-08-03,401247,3,1.0,1737,6948,1.5,0,1989,0,Metro City,10002
PROP_01359,2026-01-19,475277,4,1.5,1802,5406,1.5,0,1998,2021,Greenwood Valley,40081
PROP_01360,2025-12-06,205539,4,2.5,1569,6276,1.0,0,1953,0,Tech Park District,30045
PROP_01361,2026-05-11,6240480,8,6.0,4761,38088,3.0,1,1982,2022,Tech Park District,30045
PROP_01362,2026-05-11,240550,2,1.0,1415,7075,1.0,0,1982,2020,Greenwood Valley,40081
PROP_01363,2025-10-13,296212,4,2.0,1988,5964,1.0,0,1983,0,Greenwood Valley,40081
PROP_01364,2026-03-27,114390,3,1.5,930,2790,2.0,0,1991,0,Greenwood Valley,40082
PROP_01365,2025-12-13,398180,4,1.0,1852,5556,1.0,0,2014,0,Greenwood Valley,40082
PROP_01366,2026-04-23,700920,4,3.5,3245,22715,2.0,0,1982,0,Metro City,10004
PROP_01367,2025-12-08,258480,1,1.0,1795,10770,1.0,0,1955,0,Greenwood Valley,40082
PROP_01368,2025-07-26,353700,2,2.0,2358,11790,1.0,0,1968,2025,Greenwood Valley,40082
PROP_01369,2026-05-12,981250,6,2.5,3925,19625,2.0,0,1951,0,Coastal Suburbs,20011
PROP_01370,2025-09-28,301658,2,2.5,1486,5944,2.0,0,1967,0,Metro City,10002
PROP_01371,2026-01-28,325200,2,1.0,1626,8130,1.5,0,1959,0,Metro City,10001
PROP_01372,2025-06-13,249090,4,2.5,1311,3933,2.0,0,1967,2020,Coastal Suburbs,20011
PROP_01373,2026-04-14,3116215,7,5.0,5255,78825,2.5,0,1967,0,Metro City,10001
PROP_01374,2026-03-15,1196803,4,3.0,3449,24143,2.5,0,1962,0,Metro City,10001
PROP_01375,2025-11-15,286518,4,1.0,1239,3717,1.0,0,1992,2022,Coastal Suburbs,20012
PROP_01376,2026-04-09,357700,3,1.5,1825,9125,1.5,0,2006,0,Tech Park District,30046
PROP_01377,2025-09-22,252145,4,2.5,1195,4780,1.0,0,1981,0,Metro City,10002
PROP_01378,2026-04-28,456860,2,2.0,2155,12930,2.0,0,1972,0,Greenwood Valley,40082
PROP_01379,2025-07-03,689649,1,2.0,2209,6627,1.5,1,1997,0,Coastal Suburbs,20012
PROP_01380,2026-04-22,351882,4,1.5,1557,4671,2.0,0,2003,0,Metro City,10003
PROP_01381,2026-01-24,1026300,5,3.0,3421,20526,3.0,0,1986,2020,Tech Park District,30046
PROP_01382,2026-05-25,274624,2,2.0,1226,7356,2.0,0,1966,0,Greenwood Valley,40082
PROP_01383,2025-11-02,373066,2,2.5,1811,10866,1.0,0,2010,0,Tech Park District,30045
PROP_01384,2026-04-29,1424841,6,3.0,3728,18640,2.0,1,2002,0,Greenwood Valley,40082
PROP_01385,2025-12-27,196365,1,2.5,1007,5035,2.0,0,2010,0,Greenwood Valley,40081
PROP_01386,2025-07-30,247008,1,2.5,996,3984,1.0,0,1960,0,Coastal Suburbs,20013
PROP_01387,2025-08-11,183799,1,1.5,847,4235,1.0,0,1957,0,Coastal Suburbs,20013
PROP_01388,2025-06-24,1028125,5,4.0,4375,30625,3.0,0,1999,0,Coastal Suburbs,20011
PROP_01389,2025-06-20,376295,1,2.0,1615,4845,2.0,0,2000,0,Coastal Suburbs,20011
PROP_01390,2025-11-03,384936,2,2.5,2238,8952,1.5,0,1974,0,Tech Park District,30045
PROP_01391,2026-02-08,173600,3,1.0,1240,6200,2.0,0,1964,0,Greenwood Valley,40081
PROP_01392,2025-07-30,365148,4,1.0,2070,10350,1.5,1,2002,0,Greenwood Valley,40082
PROP_01393,2025-07-20,128778,1,1.0,1014,5070,1.0,0,1964,0,Coastal Suburbs,20011
PROP_01394,2025-09-29,226422,1,1.0,1198,3594,1.0,0,1977,0,Coastal Suburbs,20013
PROP_01395,2026-03-03,353804,2,2.0,1892,3784,1.5,0,1961,0,Greenwood Valley,40082
PROP_01396,2025-08-09,263902,2,1.0,951,3804,2.0,0,1951,2025,Metro City,10004
PROP_01397,2025-12-16,248317,3,1.5,879,2637,2.0,0,2003,2022,Metro City,10001
PROP_01398,2026-01-19,855910,6,2.5,3410,17050,2.0,0,1983,0,Metro City,10001
PROP_01399,2025-12-07,165915,2,1.0,1229,4916,1.0,0,2011,0,Tech Park District,30046
PROP_01400,2026-05-10,914244,6,2.5,3242,22694,2.5,0,2011,0,Metro City,10004
PROP_01401,2026-05-23,549669,2,1.0,1993,7972,1.0,1,2009,0,Metro City,10004
PROP_01402,2026-03-04,4335653,6,6.0,4877,29262,2.5,1,1988,0,Metro City,10002
PROP_01403,2026-01-01,1554423,6,3.0,4187,25122,3.0,0,1987,2019,Greenwood Valley,40081
PROP_01404,2026-03-28,311392,1,1.0,2104,10520,1.5,0,1998,0,Metro City,10002
PROP_01405,2025-08-19,340425,2,1.0,1513,6052,1.0,0,1960,2019,Tech Park District,30045
PROP_01406,2025-12-30,331760,4,1.5,1595,3190,1.5,0,1993,0,Tech Park District,30045
PROP_01407,2026-05-02,736576,5,3.5,2708,8124,2.0,0,2012,0,Tech Park District,30045
PROP_01408,2025-07-21,294272,3,2.0,1672,8360,2.0,0,1957,0,Metro City,10004
PROP_01409,2026-02-06,298837,3,2.5,1226,4904,1.5,0,1968,2018,Metro City,10003
PROP_01410,2026-04-12,249240,4,2.5,1072,4288,1.5,0,1998,2023,Greenwood Valley,40081
PROP_01411,2025-12-26,284885,3,1.0,1255,2510,1.5,0,1973,0,Metro City,10001
PROP_01412,2025-10-22,1096444,4,4.0,4076,28532,3.0,0,1962,0,Greenwood Valley,40081
PROP_01413,2025-06-17,294147,2,1.5,1827,3654,1.0,0,1967,0,Coastal Suburbs,20011
PROP_01414,2026-05-20,131334,2,2.0,826,4956,1.5,0,1974,0,Coastal Suburbs,20011
PROP_01415,2025-12-07,340763,1,1.0,2287,13722,1.5,0,1979,0,Tech Park District,30045
PROP_01416,2025-09-20,1616081,5,2.5,3688,14752,2.5,1,1968,0,Metro City,10001
PROP_01417,2026-01-14,841544,5,3.5,2882,23056,3.0,0,2012,0,Coastal Suburbs,20011
PROP_01418,2026-01-14,373576,1,1.5,1906,3812,1.0,0,1963,0,Metro City,10004
PROP_01419,2025-09-29,441320,3,1.5,2360,14160,1.0,0,1986,0,Tech Park District,30045
PROP_01420,2025-12-03,204966,2,1.0,1158,2316,2.0,0,1952,0,Greenwood Valley,40082
PROP_01421,2025-07-21,6643509,6,5.0,6404,83252,4.0,1,1968,0,Tech Park District,30046
PROP_01422,2026-05-18,707616,4,4.0,2457,12285,2.5,0,2013,0,Greenwood Valley,40082
PROP_01423,2025-12-06,455170,3,1.5,1979,3958,1.5,0,1956,0,Tech Park District,30045
PROP_01424,2026-03-06,320688,4,1.0,1572,3144,2.0,0,2003,0,Tech Park District,30045
PROP_01425,2026-04-27,806914,5,4.0,2578,7734,2.5,0,2003,0,Coastal Suburbs,20012
PROP_01426,2025-12-01,352528,1,2.0,2003,12018,1.0,0,1952,0,Coastal Suburbs,20012
PROP_01427,2025-07-02,347035,2,2.5,1405,5620,1.5,0,1973,0,Coastal Suburbs,20012
PROP_01428,2025-12-21,158873,2,1.5,1313,3939,1.0,0,1954,0,Metro City,10003
PROP_01429,2025-10-20,268830,3,2.0,1305,6525,2.0,0,1990,0,Greenwood Valley,40081
PROP_01430,2025-09-06,195050,4,2.5,830,2490,1.5,0,1957,0,Metro City,10004
PROP_01431,2025-08-02,309868,3,2.0,1534,4602,1.0,0,1967,0,Coastal Suburbs,20011
PROP_01432,2026-01-19,229229,2,2.5,1603,4809,2.0,0,2006,0,Coastal Suburbs,20011
PROP_01433,2025-07-17,1167457,6,3.0,2937,8811,2.5,0,1972,2021,Greenwood Valley,40082
PROP_01434,2026-05-06,246477,4,2.5,2037,6111,1.5,0,2000,0,Coastal Suburbs,20013
PROP_01435,2025-09-17,926565,4,2.5,3345,23415,2.0,0,1995,0,Coastal Suburbs,20012
PROP_01436,2026-04-25,425700,1,1.0,1980,5940,2.0,0,1978,0,Coastal Suburbs,20011
PROP_01437,2026-04-24,439461,1,1.0,2123,4246,1.0,0,2005,0,Greenwood Valley,40081
PROP_01438,2026-04-02,1280930,5,3.5,4417,13251,3.0,0,1989,0,Coastal Suburbs,20011
PROP_01439,2025-06-11,322608,3,2.0,2288,6864,1.0,0,1999,0,Greenwood Valley,40081
PROP_01440,2025-06-26,973791,6,2.5,3567,17835,2.5,0,1981,0,Greenwood Valley,40082
PROP_01441,2025-11-18,1155945,5,3.0,2828,8484,3.0,0,2004,2022,Metro City,10003
PROP_01442,2025-10-03,187400,4,2.5,937,2811,1.0,0,1961,2021,Tech Park District,30045
PROP_01443,2025-08-04,166731,1,1.0,1119,3357,1.0,0,2000,0,Greenwood Valley,40081
PROP_01444,2026-03-17,207060,4,2.5,1218,4872,1.0,0,2012,0,Greenwood Valley,40081
PROP_01445,2025-09-14,449828,2,2.5,2102,12612,2.0,0,2003,0,Tech Park District,30045
PROP_01446,2025-07-06,271635,2,2.0,1194,2388,1.0,0,2008,2019,Greenwood Valley,40081
PROP_01447,2026-03-11,271064,1,1.5,1093,4372,1.5,0,1998,0,Coastal Suburbs,20011
PROP_01448,2025-09-15,4876739,8,4.5,6511,97665,4.0,0,2013,0,Coastal Suburbs,20011
PROP_01449,2026-03-28,950530,6,3.0,2569,7707,2.0,0,1953,0,Metro City,10003
PROP_01450,2025-09-19,206976,4,2.0,1176,5880,1.5,0,1997,0,Tech Park District,30045
PROP_01451,2025-09-28,320991,3,2.0,1507,4521,1.0,0,2000,0,Coastal Suburbs,20012
PROP_01452,2025-11-16,3191980,8,7.5,6595,59355,4.0,0,1985,0,Greenwood Valley,40082
PROP_01453,2025-08-15,1550543,4,3.5,4067,32536,2.0,0,1966,2022,Tech Park District,30046
PROP_01454,2026-04-02,255528,3,1.0,1092,2184,1.5,0,2003,0,Tech Park District,30046
PROP_01455,2025-06-02,634950,6,3.5,2490,17430,2.5,0,1982,0,Coastal Suburbs,20013
PROP_01456,2025-10-20,360187,1,2.0,1695,6780,1.0,0,1987,2023,Tech Park District,30045
PROP_01457,2025-08-14,811314,5,4.0,2961,14805,2.0,0,1956,0,Metro City,10003
PROP_01458,2025-08-06,218244,2,1.0,1399,6995,2.0,0,1981,0,Coastal Suburbs,20011
PROP_01459,2026-03-04,216923,3,2.0,931,4655,1.5,0,1951,0,Coastal Suburbs,20013
PROP_01460,2025-10-07,223411,4,1.5,808,1616,1.0,1,1953,2016,Greenwood Valley,40081
PROP_01461,2025-08-29,330653,3,1.5,1219,3657,1.5,0,1952,2024,Tech Park District,30046
PROP_01462,2025-07-27,278404,4,2.5,2282,4564,2.0,0,1992,0,Coastal Suburbs,20013
PROP_01463,2026-05-05,677229,6,3.0,2499,17493,2.5,0,1956,0,Tech Park District,30046
PROP_01464,2025-06-14,234480,3,1.0,1954,5862,1.5,0,1959,0,Coastal Suburbs,20011
PROP_01465,2025-08-07,330050,4,2.0,1886,3772,2.0,0,2015,0,Tech Park District,30046
PROP_01466,2025-06-08,287793,1,1.0,1377,2754,1.5,0,2001,0,Metro City,10003
PROP_01467,2025-12-01,327075,3,1.5,1869,3738,1.5,0,2011,0,Tech Park District,30045
PROP_01468,2025-09-30,417678,2,1.0,2078,4156,1.0,0,1998,0,Tech Park District,30046
PROP_01469,2026-03-29,810264,5,3.5,2548,7644,3.0,0,1963,0,Metro City,10004
PROP_01470,2025-11-13,232104,4,1.0,1018,4072,2.0,0,2004,0,Coastal Suburbs,20012
PROP_01471,2025-06-09,183137,2,1.5,1127,5635,1.0,0,1991,2021,Greenwood Valley,40082
PROP_01472,2025-08-29,316632,3,1.0,2004,8016,1.5,0,1997,0,Coastal Suburbs,20012
PROP_01473,2025-10-14,202680,2,2.0,1126,5630,1.5,0,2009,2023,Coastal Suburbs,20011
PROP_01474,2025-06-27,289083,3,2.0,1671,8355,2.0,0,1950,0,Tech Park District,30045
PROP_01475,2025-08-04,244596,3,1.5,1122,5610,1.0,0,2005,0,Coastal Suburbs,20011
PROP_01476,2026-01-02,243318,3,1.0,1137,4548,1.0,0,1988,0,Coastal Suburbs,20012
PROP_01477,2026-02-25,564224,5,3.0,2432,17024,3.0,0,1951,0,Coastal Suburbs,20011
PROP_01478,2025-07-29,1244328,4,4.0,4347,26082,2.5,0,1965,2024,Coastal Suburbs,20013
PROP_01479,2025-07-03,280998,4,2.5,1206,2412,2.0,0,1960,0,Tech Park District,30045
PROP_01480,2026-01-30,209300,3,1.5,1196,4784,2.0,0,1956,0,Metro City,10002
PROP_01481,2026-01-16,6021867,6,7.5,8329,49974,4.0,0,2010,0,Greenwood Valley,40082
PROP_01482,2025-12-03,513216,4,2.5,2376,11880,1.5,0,1980,0,Tech Park District,30046
PROP_01483,2026-02-18,343294,3,1.5,1130,4520,1.0,1,1996,0,Tech Park District,30045
PROP_01484,2026-03-31,723644,4,3.0,2762,19334,2.0,0,1951,0,Greenwood Valley,40081
PROP_01485,2025-07-26,167997,2,2.5,902,1804,1.5,0,1960,2021,Tech Park District,30046
PROP_01486,2026-01-18,255332,4,1.5,1658,3316,1.0,0,2001,0,Metro City,10001
PROP_01487,2026-02-13,348128,4,2.0,2024,10120,2.0,0,1978,0,Coastal Suburbs,20013
PROP_01488,2025-09-22,145860,1,1.5,1020,4080,2.0,0,1982,0,Coastal Suburbs,20012
PROP_01489,2026-04-11,990714,6,3.0,3039,9117,2.0,0,1967,0,Greenwood Valley,40082
PROP_01490,2025-06-23,259848,2,2.0,1604,9624,1.5,0,2013,0,Greenwood Valley,40082
PROP_01491,2026-05-04,119564,1,1.5,842,5052,1.5,0,1988,0,Tech Park District,30045
PROP_01492,2026-02-22,255721,1,2.0,1373,4119,1.0,0,2001,2019,Greenwood Valley,40081
PROP_01493,2025-11-02,3996924,8,7.5,7962,119430,2.5,0,1951,0,Metro City,10002
PROP_01494,2026-01-21,140250,1,1.5,935,5610,1.5,0,1989,2024,Metro City,10001
PROP_01495,2026-04-26,370346,2,2.0,2231,8924,1.0,0,1956,0,Metro City,10002
PROP_01496,2025-06-16,1290402,6,3.0,4217,25302,2.5,0,2000,0,Coastal Suburbs,20011
PROP_01497,2025-07-02,459010,2,2.5,1864,3728,1.5,0,2008,2020,Metro City,10001
PROP_01498,2026-02-01,1414767,6,3.0,2702,8106,2.0,1,1977,0,Greenwood Valley,40081
PROP_01499,2025-12-23,885294,5,4.0,3231,22617,2.5,0,1967,0,Coastal Suburbs,20011
PROP_01500,2026-01-05,224917,4,1.5,1771,8855,2.0,0,1963,0,Metro City,10003
PROP_01501,2026-05-18,389375,1,2.5,1780,8900,1.0,0,2002,2022,Greenwood Valley,40082
PROP_01502,2025-07-26,290747,4,1.5,1741,8705,1.0,0,2004,0,Tech Park District,30045
PROP_01503,2026-02-07,429954,2,2.5,2118,10590,1.0,0,1971,0,Greenwood Valley,40081
PROP_01504,2026-05-31,405306,2,2.0,1958,11748,1.0,0,2011,0,Metro City,10004
PROP_01505,2026-01-14,300884,4,2.5,1406,2812,2.0,0,1953,0,Coastal Suburbs,20012
PROP_01506,2025-07-08,503580,4,1.0,2398,11990,1.5,0,1958,2018,Metro City,10003
PROP_01507,2025-07-12,156650,1,2.5,964,1928,1.5,0,1957,2021,Tech Park District,30046
PROP_01508,2025-11-12,316368,2,2.0,1352,8112,2.0,0,2012,0,Metro City,10001
PROP_01509,2026-04-08,317106,1,1.5,2007,6021,1.0,0,1993,0,Greenwood Valley,40081
PROP_01510,2025-08-15,723240,4,4.0,3528,14112,3.0,0,2001,0,Metro City,10004
PROP_01511,2025-07-04,3673560,7,5.0,7986,63888,3.0,0,1952,0,Tech Park District,30045
PROP_01512,2025-08-04,739636,5,3.0,2482,9928,2.5,0,2004,0,Metro City,10001
PROP_01513,2025-10-19,318604,3,1.0,2228,8912,1.5,0,1985,0,Greenwood Valley,40082
PROP_01514,2026-04-16,155873,4,2.0,901,4505,2.0,0,1996,0,Tech Park District,30046
PROP_01515,2026-04-21,389872,3,1.0,1374,6870,2.0,0,1995,2024,Tech Park District,30046
PROP_01516,2026-03-27,295470,3,1.5,1407,8442,2.0,0,2004,0,Coastal Suburbs,20013
PROP_01517,2026-03-08,440820,4,2.0,1860,7440,1.0,0,2010,0,Greenwood Valley,40082
PROP_01518,2026-05-31,1210044,6,3.5,3399,13596,3.0,0,1977,0,Greenwood Valley,40081
PROP_01519,2025-11-14,375408,4,2.0,1896,3792,1.5,0,1990,0,Tech Park District,30046
PROP_01520,2025-12-13,232617,3,2.5,1749,5247,2.0,0,2008,0,Tech Park District,30045
PROP_01521,2026-04-02,1752968,6,2.5,4315,25890,2.0,0,1968,2025,Coastal Suburbs,20013
PROP_01522,2026-02-27,200570,3,1.0,1294,7764,1.0,0,1992,0,Tech Park District,30046
PROP_01523,2025-10-29,203616,2,1.0,1414,5656,1.0,0,1989,0,Tech Park District,30045
PROP_01524,2026-01-19,485520,4,2.0,2380,7140,1.0,0,1974,0,Coastal Suburbs,20011
PROP_01525,2026-02-14,322794,3,1.0,1362,4086,1.5,0,1983,0,Metro City,10001
PROP_01526,2026-04-06,930730,6,3.5,2855,22840,2.0,0,1978,0,Greenwood Valley,40082
PROP_01527,2026-01-07,293160,1,2.0,2094,10470,1.0,0,1979,0,Tech Park District,30046
PROP_01528,2025-07-21,451940,3,2.0,1532,6128,2.0,0,1954,2022,Metro City,10004
PROP_01529,2026-05-26,472242,1,2.5,1733,5199,1.0,0,1962,2018,Coastal Suburbs,20012
PROP_01530,2025-07-29,752496,5,4.0,3084,18504,2.5,0,2004,0,Metro City,10003
PROP_01531,2026-05-02,152145,4,2.5,1127,2254,2.0,0,2004,0,Tech Park District,30045
PROP_01532,2026-04-30,128385,2,2.0,951,4755,2.0,0,1989,0,Metro City,10004
PROP_01533,2026-03-10,1026264,4,4.0,4206,16824,3.0,0,1977,0,Tech Park District,30045
PROP_01534,2025-09-19,817072,6,2.5,3664,25648,2.5,0,1987,0,Coastal Suburbs,20013
PROP_01535,2026-01-07,221213,2,2.5,1409,5636,1.0,0,1972,0,Metro City,10002
PROP_01536,2026-01-18,257180,2,2.5,1540,6160,1.5,0,1958,0,Coastal Suburbs,20011
PROP_01537,2025-09-25,204687,3,2.0,1197,2394,2.0,0,1988,0,Tech Park District,30046
PROP_01538,2025-12-29,699890,4,2.5,3043,24344,3.0,0,1963,0,Tech Park District,30045
PROP_01539,2025-11-21,524785,1,2.5,2038,6114,1.5,0,1958,2019,Greenwood Valley,40081
PROP_01540,2026-01-19,546344,4,1.5,2203,13218,1.0,0,2012,0,Coastal Suburbs,20013
PROP_01541,2025-12-22,464757,2,2.5,1961,3922,1.5,0,2005,0,Coastal Suburbs,20011
PROP_01542,2025-12-30,140350,4,2.5,802,4010,2.0,0,1997,2016,Metro City,10001
PROP_01543,2025-07-19,147784,1,1.5,812,2436,2.0,0,2013,0,Tech Park District,30046
PROP_01544,2025-11-08,202686,3,2.0,913,2739,2.0,0,2007,0,Metro City,10002
PROP_01545,2026-01-05,154413,1,2.0,817,4902,2.0,0,2002,0,Metro City,10002
PROP_01546,2025-11-08,211401,1,1.5,1291,6455,2.0,0,1959,2024,Greenwood Valley,40082
PROP_01547,2026-05-07,135675,1,2.0,1005,3015,1.0,0,1962,0,Coastal Suburbs,20012
PROP_01548,2025-10-09,327250,2,1.5,1540,4620,1.0,0,1959,2022,Coastal Suburbs,20011
PROP_01549,2025-12-09,337250,1,1.5,1900,11400,2.0,0,2011,2022,Metro City,10004
PROP_01550,2025-08-18,209625,3,2.5,1677,8385,1.0,0,1995,0,Metro City,10004
PROP_01551,2026-05-18,1831191,5,2.5,4271,12813,2.5,0,1996,2016,Tech Park District,30045
PROP_01552,2026-01-29,263620,4,1.0,1883,7532,1.0,0,1983,0,Tech Park District,30045
PROP_01553,2025-07-05,424320,3,2.5,2040,10200,1.0,0,1993,0,Tech Park District,30046
PROP_01554,2025-07-17,191167,4,1.0,1283,6415,1.5,0,2014,0,Metro City,10002
PROP_01555,2025-07-14,220906,3,2.5,1018,3054,2.0,0,2006,0,Coastal Suburbs,20012
PROP_01556,2025-07-18,302802,2,2.5,1001,3003,2.0,0,1986,2016,Metro City,10003
PROP_01557,2026-01-08,203980,3,2.5,940,3760,1.5,0,1972,0,Coastal Suburbs,20013
PROP_01558,2025-07-20,185416,3,1.0,946,4730,1.5,0,1972,0,Coastal Suburbs,20013
PROP_01559,2025-12-08,351190,2,1.0,2030,10150,2.0,0,2003,0,Metro City,10003
PROP_01560,2025-08-06,352450,4,2.5,2014,12084,1.5,0,1998,0,Metro City,10003
PROP_01561,2026-03-12,391244,2,2.5,2198,13188,2.0,0,1960,0,Coastal Suburbs,20011
PROP_01562,2025-07-01,1089711,6,2.5,3087,18522,2.0,0,1978,0,Coastal Suburbs,20013
PROP_01563,2026-03-28,154720,2,1.0,967,5802,1.5,0,1985,0,Metro City,10003
PROP_01564,2026-03-15,538692,1,2.5,2226,13356,1.5,0,1992,0,Coastal Suburbs,20011
PROP_01565,2026-03-15,616122,6,4.0,2633,13165,2.0,0,1963,0,Tech Park District,30046
PROP_01566,2025-11-16,241630,4,2.0,1655,6620,2.0,0,1951,0,Metro City,10003
PROP_01567,2026-05-10,186912,3,2.5,1298,2596,1.5,0,1971,0,Greenwood Valley,40081
PROP_01568,2025-08-02,227475,2,2.5,1011,5055,2.0,0,1977,0,Tech Park District,30046
PROP_01569,2025-12-28,238698,2,1.0,1602,9612,1.0,0,1976,0,Metro City,10001
PROP_01570,2025-11-29,250542,4,2.0,1186,3558,1.0,0,2003,2019,Metro City,10004
PROP_01571,2026-05-07,265856,3,2.0,1984,3968,1.0,0,1981,0,Metro City,10004
PROP_01572,2026-01-03,421312,3,2.0,1856,7424,2.0,0,1980,0,Coastal Suburbs,20013
PROP_01573,2025-06-27,421452,3,1.5,2036,6108,1.0,0,1963,0,Metro City,10002
PROP_01574,2025-10-26,1232912,6,3.0,3722,26054,2.0,0,2013,2020,Tech Park District,30045
PROP_01575,2026-04-04,194928,4,1.0,1048,6288,1.5,0,1995,0,Metro City,10002
PROP_01576,2025-11-07,715254,5,3.5,3358,10074,2.5,0,1981,0,Coastal Suburbs,20013
PROP_01577,2025-11-28,527670,3,1.0,2132,12792,1.5,0,1996,2025,Greenwood Valley,40082
PROP_01578,2025-07-24,375984,1,1.5,2238,4476,1.5,0,1992,0,Greenwood Valley,40081
PROP_01579,2026-03-23,279838,1,1.0,1222,3666,2.0,0,2007,0,Metro City,10004
PROP_01580,2026-02-15,133986,2,2.0,822,2466,1.5,0,1971,0,Coastal Suburbs,20011
PROP_01581,2025-09-17,379533,2,1.0,1643,4929,1.0,0,1990,0,Tech Park District,30045
PROP_01582,2025-08-19,1223849,4,3.5,3589,17945,2.0,0,1984,0,Metro City,10001
PROP_01583,2026-05-03,170126,2,2.0,814,4884,1.5,0,1961,0,Metro City,10002
PROP_01584,2026-02-02,2529972,9,6.0,4534,63476,4.0,0,2013,0,Greenwood Valley,40081
PROP_01585,2025-09-23,300729,3,2.0,2103,6309,1.5,0,1957,0,Metro City,10002
PROP_01586,2025-07-26,705872,6,2.5,2512,20096,2.0,0,1984,0,Coastal Suburbs,20012
PROP_01587,2025-11-27,406524,2,1.5,1783,8915,2.0,0,1972,0,Coastal Suburbs,20011
PROP_01588,2026-03-12,414895,4,1.0,1964,7856,1.0,0,1952,2019,Tech Park District,30045
PROP_01589,2025-12-06,135072,2,2.0,804,4020,1.5,0,1984,0,Tech Park District,30045
PROP_01590,2025-07-29,359948,2,1.5,1327,3981,1.5,0,2005,2020,Coastal Suburbs,20012
PROP_01591,2025-10-21,955500,5,3.5,3120,15600,2.0,0,1999,2018,Metro City,10004
PROP_01592,2026-03-21,240856,3,1.5,1496,2992,2.0,0,1997,0,Tech Park District,30046
PROP_01593,2025-09-24,198720,4,2.5,1380,5520,1.0,0,2010,0,Greenwood Valley,40081
PROP_01594,2026-01-06,168822,2,1.0,877,5262,2.0,0,2015,2021,Metro City,10003
PROP_01595,2026-03-15,345402,4,2.5,1857,9285,1.5,0,2008,0,Tech Park District,30046
PROP_01596,2026-04-15,463072,1,2.5,1996,3992,1.0,0,1960,0,Metro City,10004
PROP_01597,2026-04-11,338003,4,1.0,1489,7445,1.5,0,2005,0,Coastal Suburbs,20013
PROP_01598,2026-05-12,427770,4,1.0,2205,4410,1.5,0,1983,0,Metro City,10003
PROP_01599,2026-04-26,254200,2,2.0,2050,10250,2.0,0,1985,0,Coastal Suburbs,20011
PROP_01600,2026-03-13,1170795,5,3.0,4385,21925,2.5,0,1972,0,Metro City,10003
PROP_01601,2025-06-14,261936,2,2.0,1712,3424,1.5,0,1992,0,Greenwood Valley,40081
PROP_01602,2026-04-08,572285,4,2.5,2324,6972,1.5,0,2015,2020,Coastal Suburbs,20013
PROP_01603,2026-05-03,512954,3,1.5,2353,11765,2.0,0,1975,0,Greenwood Valley,40081
PROP_01604,2026-05-22,513216,1,1.0,2376,4752,1.0,0,1992,0,Tech Park District,30045
PROP_01605,2025-10-15,1003336,6,3.5,3004,24032,2.5,0,1998,0,Coastal Suburbs,20011
PROP_01606,2025-06-15,166520,4,1.5,905,2715,2.0,0,1988,0,Metro City,10002
PROP_01607,2025-09-01,321540,4,2.5,2330,6990,1.0,0,1969,0,Coastal Suburbs,20013
PROP_01608,2025-10-18,341562,1,2.5,2262,4524,1.5,0,2007,0,Tech Park District,30046
PROP_01609,2026-05-26,480040,4,1.5,2182,10910,1.0,0,2006,0,Tech Park District,30046
PROP_01610,2025-11-06,1799805,5,4.0,3934,27538,2.5,0,1980,2024,Metro City,10004
PROP_01611,2025-11-21,296545,2,2.5,2335,11675,1.5,0,1980,0,Tech Park District,30045
PROP_01612,2025-11-27,325006,3,1.0,1343,4029,1.0,0,2003,0,Greenwood Valley,40082
PROP_01613,2025-06-04,338400,3,1.5,1410,2820,1.0,0,1976,0,Metro City,10003
PROP_01614,2025-09-01,270976,1,1.0,2117,4234,2.0,0,2002,0,Coastal Suburbs,20011
PROP_01615,2025-08-13,431361,3,2.0,1503,4509,2.0,1,2004,0,Tech Park District,30045
PROP_01616,2026-03-17,1894882,6,3.0,4086,24516,2.0,0,1951,2016,Tech Park District,30045
PROP_01617,2026-05-03,195464,1,1.0,922,2766,1.5,0,2003,0,Tech Park District,30046
PROP_01618,2025-12-23,4589813,6,4.5,7297,72970,4.0,0,1985,0,Greenwood Valley,40082
PROP_01619,2025-07-06,374080,4,2.5,1670,3340,2.0,0,2015,0,Metro City,10003
PROP_01620,2025-08-12,269576,4,2.5,2174,10870,2.0,0,1997,0,Metro City,10003
PROP_01621,2026-04-21,304236,3,1.0,1878,11268,1.0,0,1979,0,Tech Park District,30046
PROP_01622,2025-06-16,404595,2,2.5,1665,6660,1.0,0,1980,0,Metro City,10002
PROP_01623,2025-07-17,582750,4,3.5,2625,13125,2.0,0,1999,0,Greenwood Valley,40081
PROP_01624,2026-02-27,478640,2,1.5,1930,11580,1.0,0,1993,0,Tech Park District,30046
PROP_01625,2025-09-19,895525,4,2.5,3170,15850,3.0,0,1952,2018,Greenwood Valley,40082
PROP_01626,2025-12-10,216832,2,2.0,968,5808,2.0,0,2002,0,Coastal Suburbs,20013
PROP_01627,2026-01-01,204288,2,1.0,1216,4864,1.0,0,1951,0,Greenwood Valley,40082
PROP_01628,2026-01-19,403422,4,2.0,1894,3788,1.5,0,1971,0,Tech Park District,30045
PROP_01629,2025-11-22,484920,1,2.0,2245,4490,1.0,0,1992,0,Greenwood Valley,40082
PROP_01630,2025-08-20,378299,2,1.5,1901,5703,1.0,0,1961,0,Metro City,10004
PROP_01631,2025-12-07,5714080,6,6.0,8048,88528,2.5,0,1972,0,Metro City,10001
PROP_01632,2025-11-07,339304,3,2.5,2324,6972,1.0,0,1972,0,Coastal Suburbs,20011
PROP_01633,2025-11-14,139870,2,2.0,985,1970,1.5,0,1975,0,Tech Park District,30045
PROP_01634,2026-03-18,288288,1,1.0,1456,4368,1.0,0,1987,0,Tech Park District,30046
PROP_01635,2026-04-02,406214,1,1.0,2062,10310,1.5,0,1990,0,Greenwood Valley,40081
PROP_01636,2025-07-14,237307,3,2.0,1421,2842,2.0,0,1962,0,Greenwood Valley,40082
PROP_01637,2025-06-27,321346,4,2.0,2201,4402,2.0,0,1952,0,Tech Park District,30046
PROP_01638,2025-08-19,4639565,9,4.5,4571,22855,4.0,1,1966,0,Metro City,10004
PROP_01639,2025-08-20,709240,4,4.0,2980,17880,3.0,0,1960,0,Tech Park District,30045
PROP_01640,2026-04-13,938757,5,3.0,3961,27727,3.0,0,1953,0,Greenwood Valley,40082
PROP_01641,2025-06-26,172620,1,1.0,822,3288,2.0,0,2013,0,Tech Park District,30046
PROP_01642,2026-05-12,267274,1,1.5,1123,3369,1.0,0,1984,0,Coastal Suburbs,20013
PROP_01643,2025-07-12,204750,2,2.5,1050,3150,2.0,0,1992,0,Greenwood Valley,40081
PROP_01644,2025-10-18,454181,1,1.5,2093,12558,1.5,0,1955,0,Metro City,10003
PROP_01645,2026-01-13,789866,4,3.5,2453,14718,2.5,0,1983,0,Metro City,10002
PROP_01646,2026-05-05,197880,1,2.0,970,5820,2.0,0,2005,0,Greenwood Valley,40082
PROP_01647,2026-01-04,366784,4,2.0,2084,8336,1.5,0,2015,0,Tech Park District,30045
PROP_01648,2026-02-04,344932,2,1.0,1221,6105,2.0,0,1966,2018,Greenwood Valley,40082
PROP_01649,2026-04-07,4296351,7,7.5,4538,40842,3.0,1,2007,2017,Metro City,10001
PROP_01650,2026-01-13,211696,2,2.0,1048,4192,2.0,0,1981,0,Metro City,10002
PROP_01651,2025-12-30,369092,1,2.0,1741,10446,2.0,0,1979,0,Tech Park District,30046
PROP_01652,2025-10-18,309004,3,1.0,2306,11530,1.5,0,1992,0,Coastal Suburbs,20013
PROP_01653,2025-09-19,540496,4,1.0,1939,7756,2.0,0,2002,2021,Coastal Suburbs,20013
PROP_01654,2026-02-18,381600,2,2.0,2385,14310,2.0,0,1971,0,Greenwood Valley,40081
PROP_01655,2025-07-29,391000,2,1.5,1564,4692,1.0,0,2015,0,Metro City,10001
PROP_01656,2025-11-24,349148,4,2.5,1828,3656,2.0,0,1991,0,Tech Park District,30046
PROP_01657,2026-01-07,3477760,8,6.0,7904,110656,3.0,0,1979,0,Coastal Suburbs,20012
PROP_01658,2025-07-27,1230328,5,3.5,3751,26257,3.0,0,2012,0,Coastal Suburbs,20011
PROP_01659,2025-10-24,300480,1,2.0,1878,9390,2.0,0,2004,0,Greenwood Valley,40082
PROP_01660,2026-05-14,1473484,6,4.0,4139,20695,2.5,0,2002,0,Metro City,10001
PROP_01661,2026-05-14,1230455,6,4.0,3673,11019,3.0,0,2004,0,Tech Park District,30045
PROP_01662,2026-03-31,341584,2,2.0,2308,13848,1.0,0,2000,0,Metro City,10001
PROP_01663,2026-02-05,1014024,5,4.0,3036,12144,2.5,0,1985,0,Metro City,10001
PROP_01664,2026-02-25,1505925,6,3.0,4365,26190,2.5,0,1982,0,Coastal Suburbs,20012
PROP_01665,2026-05-08,972900,6,2.5,3525,10575,2.0,0,1950,0,Metro City,10001
PROP_01666,2025-11-05,802332,2,2.0,1879,9395,1.5,1,1963,2021,Tech Park District,30045
PROP_01667,2025-06-24,169130,1,2.0,1301,7806,1.0,0,2005,0,Tech Park District,30046
PROP_01668,2025-09-21,231770,2,2.5,1078,2156,2.0,0,2000,2020,Tech Park District,30046
PROP_01669,2025-12-20,260283,2,2.0,1637,8185,2.0,0,2014,0,Metro City,10001
PROP_01670,2026-04-03,3916500,8,6.0,7460,111900,4.0,0,1952,0,Metro City,10002
PROP_01671,2025-06-29,919695,6,3.0,2766,11064,2.5,0,1977,2021,Greenwood Valley,40082
PROP_01672,2025-06-04,364375,3,2.0,2332,11660,1.0,0,2011,2017,Greenwood Valley,40082
PROP_01673,2025-09-13,178600,3,2.0,940,2820,2.0,0,1988,0,Metro City,10001
PROP_01674,2025-11-02,248248,1,2.5,1364,8184,2.0,0,1993,0,Tech Park District,30045
PROP_01675,2025-09-17,382968,4,2.0,1576,6304,2.0,0,1952,0,Greenwood Valley,40082
PROP_01676,2025-08-10,308730,2,2.0,1255,6275,2.0,0,1963,0,Tech Park District,30046
PROP_01677,2025-10-09,1315353,6,2.5,3489,24423,2.0,0,1980,0,Greenwood Valley,40081
PROP_01678,2025-10-27,159305,4,2.5,1055,2110,2.0,0,1992,0,Metro City,10003
PROP_01679,2025-11-15,1245680,5,3.5,3385,27080,2.0,0,1983,0,Greenwood Valley,40082
PROP_01680,2025-08-01,322848,3,2.5,1824,7296,1.5,0,1993,0,Greenwood Valley,40081
PROP_01681,2025-06-04,347007,3,2.0,1757,5271,2.0,0,1980,2024,Greenwood Valley,40082
PROP_01682,2026-02-10,380540,1,2.0,1795,10770,1.5,0,2014,0,Tech Park District,30046
PROP_01683,2026-01-07,415860,3,1.0,2390,7170,1.5,0,1988,0,Greenwood Valley,40082
PROP_01684,2025-08-29,372590,3,2.5,2014,10070,2.0,0,2013,0,Tech Park District,30045
PROP_01685,2025-08-06,3125504,6,6.0,7424,74240,4.0,0,1977,0,Greenwood Valley,40081
PROP_01686,2025-12-12,230169,4,1.0,1051,5255,1.0,0,1962,0,Tech Park District,30046
PROP_01687,2026-02-28,512736,1,1.0,2352,4704,1.5,0,2008,0,Greenwood Valley,40082
PROP_01688,2026-05-27,416143,4,1.5,1883,7532,1.5,0,1969,0,Tech Park District,30045
PROP_01689,2025-09-26,650016,4,2.5,1622,4866,1.5,1,2012,2022,Tech Park District,30045
PROP_01690,2026-02-12,250897,1,2.5,1062,3186,2.0,0,1960,2019,Tech Park District,30046
PROP_01691,2026-03-14,862895,6,2.5,2705,13525,2.0,0,1989,0,Tech Park District,30045
PROP_01692,2026-05-09,242352,2,2.0,1782,10692,1.5,0,1984,0,Tech Park District,30045
PROP_01693,2025-11-29,400554,1,1.0,1734,5202,1.5,0,1996,0,Metro City,10002
PROP_01694,2025-07-07,1217280,6,3.0,3804,15216,3.0,0,1983,0,Coastal Suburbs,20012
PROP_01695,2025-12-21,1205820,6,4.0,4158,29106,2.0,0,1966,2018,Metro City,10002
PROP_01696,2025-06-22,344531,2,2.0,1125,5625,1.0,0,1968,2025,Metro City,10003
PROP_01697,2026-01-10,5009664,8,7.5,8448,76032,4.0,0,1997,0,Tech Park District,30046
PROP_01698,2025-06-10,286902,3,2.0,1386,2772,1.0,0,1960,0,Coastal Suburbs,20012
PROP_01699,2026-01-22,158775,1,2.0,1095,2190,1.0,0,1977,0,Greenwood Valley,40081
PROP_01700,2025-07-10,1037790,6,3.5,4435,13305,2.5,0,1971,0,Greenwood Valley,40082
PROP_01701,2025-11-08,186768,2,1.5,1297,5188,1.5,0,1964,0,Metro City,10003
PROP_01702,2026-03-22,265200,4,1.0,1200,2400,2.0,0,1987,0,Coastal Suburbs,20013
PROP_01703,2026-01-06,387720,1,2.5,2154,10770,1.5,0,2009,0,Greenwood Valley,40081
PROP_01704,2026-03-21,519441,4,1.0,2103,10515,1.0,0,1968,0,Tech Park District,30045
PROP_01705,2025-12-25,397670,1,2.5,1976,5928,1.0,0,1999,2021,Greenwood Valley,40081
PROP_01706,2026-05-30,131967,4,2.0,1023,6138,2.0,0,1991,0,Greenwood Valley,40082
PROP_01707,2026-04-24,479460,4,2.0,1965,3930,2.0,0,1951,0,Coastal Suburbs,20013
PROP_01708,2025-12-31,772310,4,4.0,2618,7854,3.0,0,1962,0,Coastal Suburbs,20012
PROP_01709,2025-10-27,250161,1,2.5,1367,4101,1.0,0,1958,0,Coastal Suburbs,20013
PROP_01710,2025-07-29,1245860,5,3.0,4045,12135,2.0,0,1953,0,Greenwood Valley,40081
PROP_01711,2025-12-25,876120,6,2.5,2980,20860,2.0,0,1979,0,Greenwood Valley,40082
PROP_01712,2025-06-11,332108,1,1.0,1636,6544,1.5,0,1960,0,Tech Park District,30045
PROP_01713,2025-11-14,258562,2,2.0,1050,2100,1.0,0,1956,2017,Tech Park District,30046
PROP_01714,2025-08-27,471420,1,2.0,1552,9312,2.0,0,1951,2021,Coastal Suburbs,20013
PROP_01715,2026-04-13,403875,4,1.0,1795,3590,1.0,0,2014,0,Greenwood Valley,40081
PROP_01716,2026-01-22,148856,3,2.5,809,3236,1.0,0,1979,0,Metro City,10003
PROP_01717,2026-05-20,231028,4,2.0,1036,6216,1.5,0,2008,0,Tech Park District,30045
PROP_01718,2025-12-03,423325,3,1.5,1435,5740,2.0,0,1979,2023,Greenwood Valley,40081
PROP_01719,2025-07-16,583975,2,2.0,1988,9940,2.0,0,1992,2023,Coastal Suburbs,20011
PROP_01720,2026-01-10,376467,1,2.0,1911,7644,2.0,0,2006,0,Tech Park District,30046
PROP_01721,2025-07-25,111720,3,2.5,840,3360,1.5,0,2008,0,Coastal Suburbs,20011
PROP_01722,2025-10-03,982357,5,2.5,2831,8493,2.0,0,2010,0,Tech Park District,30046
PROP_01723,2026-01-10,353764,3,2.5,1499,7495,1.0,0,1969,0,Greenwood Valley,40082
PROP_01724,2026-03-29,732060,3,1.0,2352,7056,2.0,0,1983,2022,Coastal Suburbs,20012
PROP_01725,2025-12-23,510944,4,2.5,2281,13686,2.0,0,1958,0,Tech Park District,30046
PROP_01726,2026-02-24,1243130,5,2.5,4214,25284,2.5,0,2009,0,Coastal Suburbs,20012
PROP_01727,2025-07-11,262190,4,1.5,1570,4710,1.5,0,2006,0,Coastal Suburbs,20013
PROP_01728,2025-12-20,708820,4,3.5,2905,11620,3.0,0,1973,0,Metro City,10001
PROP_01729,2025-11-06,219553,2,2.0,1213,3639,1.0,0,1956,0,Metro City,10004
PROP_01730,2025-11-21,174371,2,2.0,1373,6865,1.0,0,1998,0,Coastal Suburbs,20013
PROP_01731,2025-09-22,424971,1,2.5,2053,8212,2.0,0,2006,0,Tech Park District,30045
PROP_01732,2025-11-18,895033,6,3.5,2771,11084,3.0,0,1956,0,Greenwood Valley,40082
PROP_01733,2025-08-26,281312,3,2.0,1888,9440,1.5,0,1951,0,Greenwood Valley,40082
PROP_01734,2025-07-10,1032656,4,2.5,3728,14912,2.5,0,1966,0,Tech Park District,30046
PROP_01735,2026-02-17,248820,4,2.5,1914,9570,1.0,0,1979,0,Metro City,10004
PROP_01736,2026-04-21,220762,1,2.5,870,1740,2.0,0,2001,2019,Coastal Suburbs,20011
PROP_01737,2025-07-29,1157466,6,4.0,3054,21378,2.5,0,1959,0,Coastal Suburbs,20013
PROP_01738,2026-02-27,435600,4,1.5,1980,3960,1.5,0,1989,0,Coastal Suburbs,20012
PROP_01739,2026-02-17,229320,2,1.0,1764,3528,1.0,0,1972,0,Greenwood Valley,40081
PROP_01740,2025-09-08,132120,2,1.0,1101,3303,2.0,0,1960,0,Tech Park District,30046
PROP_01741,2025-11-26,250325,3,1.0,1615,6460,2.0,0,1958,0,Greenwood Valley,40082
PROP_01742,2025-11-27,475213,4,2.0,2131,4262,1.0,0,2007,0,Tech Park District,30046
PROP_01743,2026-04-27,299880,4,1.0,1785,10710,1.5,0,1975,0,Coastal Suburbs,20011
PROP_01744,2025-08-15,369606,2,1.5,1614,9684,2.0,0,1956,0,Tech Park District,30046
PROP_01745,2025-09-29,222525,2,1.5,1075,5375,1.5,0,2014,0,Tech Park District,30046
PROP_01746,2025-07-23,475794,1,1.0,1958,9790,1.5,0,1966,0,Greenwood Valley,40081
PROP_01747,2025-08-14,219240,2,1.0,1044,6264,1.0,0,1966,0,Coastal Suburbs,20012
PROP_01748,2025-10-10,492522,1,2.0,1978,5934,1.5,0,1970,0,Coastal Suburbs,20013
PROP_01749,2025-09-10,245815,3,2.0,1055,2110,1.5,0,1960,0,Metro City,10003
PROP_01750,2025-08-28,1194957,5,3.5,4283,21415,3.0,0,1973,0,Coastal Suburbs,20011
PROP_01751,2026-04-05,191880,2,2.5,1066,4264,2.0,0,1958,0,Greenwood Valley,40081
PROP_01752,2025-08-18,353034,4,2.5,1783,5349,1.5,0,1975,0,Greenwood Valley,40082
PROP_01753,2026-05-02,210345,4,2.5,1137,6822,1.5,0,1993,2020,Tech Park District,30046
PROP_01754,2025-07-09,977242,6,2.5,3042,21294,3.0,0,1984,2016,Coastal Suburbs,20013
PROP_01755,2025-08-30,402019,4,1.0,2083,4166,2.0,0,1951,0,Tech Park District,30045
PROP_01756,2026-04-18,164455,4,2.5,1061,4244,1.0,0,1966,0,Greenwood Valley,40082
PROP_01757,2026-02-08,272565,2,1.0,2019,4038,2.0,0,1962,0,Coastal Suburbs,20011
PROP_01758,2026-01-24,160072,1,2.5,1177,3531,1.5,0,1983,0,Coastal Suburbs,20012
PROP_01759,2026-03-16,464182,1,1.0,2098,4196,2.0,0,1977,2025,Tech Park District,30046
PROP_01760,2026-03-24,1590468,4,3.0,3393,27144,2.5,0,2003,2023,Tech Park District,30046
PROP_01761,2026-01-16,3736005,7,4.5,7735,54145,2.5,0,1988,0,Greenwood Valley,40081
PROP_01762,2026-05-15,140997,1,1.5,1093,6558,2.0,0,1957,0,Coastal Suburbs,20012
PROP_01763,2026-03-17,222894,3,2.0,1098,5490,2.0,0,1990,0,Greenwood Valley,40082
PROP_01764,2026-04-26,218700,2,1.0,1620,9720,1.5,0,2005,0,Metro City,10003
PROP_01765,2026-04-22,1278550,4,3.0,3653,14612,3.0,0,1952,0,Tech Park District,30046
PROP_01766,2026-04-16,1440517,6,3.0,3821,15284,3.0,0,1978,0,Coastal Suburbs,20013
PROP_01767,2025-11-13,856513,6,2.5,3307,13228,2.0,0,1985,0,Coastal Suburbs,20011
PROP_01768,2026-04-18,345835,2,2.5,1435,2870,1.0,0,1982,0,Coastal Suburbs,20011
PROP_01769,2025-11-09,184224,4,1.5,912,2736,1.0,0,1959,0,Tech Park District,30045
PROP_01770,2025-08-17,732447,5,2.5,2517,15102,3.0,0,1991,0,Coastal Suburbs,20011
PROP_01771,2026-01-12,1650000,5,2.5,3520,14080,2.0,0,1988,2022,Greenwood Valley,40081
PROP_01772,2025-07-05,488125,2,2.0,1562,3124,1.0,0,1954,2024,Tech Park District,30045
PROP_01773,2026-01-27,935488,6,3.5,2488,12440,3.0,0,1989,0,Metro City,10001
PROP_01774,2026-01-13,223782,4,1.0,1482,7410,1.5,0,2000,0,Tech Park District,30045
PROP_01775,2026-04-20,1096780,6,3.0,3538,21228,2.0,0,1965,0,Coastal Suburbs,20011
PROP_01776,2025-11-03,154320,3,2.5,1286,5144,1.0,0,2008,0,Coastal Suburbs,20011
PROP_01777,2025-10-19,357864,2,1.0,1443,8658,2.0,0,1995,0,Metro City,10003
PROP_01778,2026-03-30,149688,1,2.0,1188,3564,2.0,0,2014,0,Greenwood Valley,40082
PROP_01779,2025-06-29,454250,3,2.5,2300,4600,1.0,0,2012,2025,Metro City,10001
PROP_01780,2025-11-28,356160,4,1.0,1590,4770,2.0,0,2015,0,Metro City,10002
PROP_01781,2026-02-15,547925,3,2.5,2020,4040,1.5,0,1992,2024,Tech Park District,30045
PROP_01782,2025-07-08,213720,1,1.0,1781,5343,2.0,0,1964,0,Coastal Suburbs,20012
PROP_01783,2025-11-06,294209,2,2.5,1231,4924,1.5,0,1978,0,Tech Park District,30046
PROP_01784,2026-01-23,400975,4,2.5,1865,11190,2.0,0,1963,0,Metro City,10002
PROP_01785,2026-01-18,407893,2,2.5,1745,3490,1.5,0,1954,2022,Tech Park District,30046
PROP_01786,2025-06-20,231380,3,2.5,1006,2012,1.5,0,1955,0,Greenwood Valley,40082
PROP_01787,2025-06-30,542184,3,1.5,2337,4674,2.0,0,1976,0,Tech Park District,30046
PROP_01788,2025-12-06,327642,2,2.0,1883,7532,1.5,0,1980,0,Coastal Suburbs,20011
PROP_01789,2025-10-25,906984,4,3.0,2808,16848,2.5,0,1963,0,Greenwood Valley,40082
PROP_01790,2025-07-10,339768,3,2.5,2178,6534,1.0,0,1983,0,Coastal Suburbs,20012
PROP_01791,2026-04-27,1066492,5,3.5,3716,11148,3.0,0,1987,0,Coastal Suburbs,20012
PROP_01792,2025-07-17,392524,2,2.5,1622,8110,1.0,0,1967,0,Metro City,10001
PROP_01793,2026-04-11,176715,2,2.0,1309,7854,1.0,0,1953,0,Metro City,10004
PROP_01794,2026-04-01,394606,2,2.0,2066,6198,1.0,0,1963,0,Metro City,10003
PROP_01795,2026-02-15,2557874,9,7.5,5126,66638,4.0,0,1995,0,Greenwood Valley,40082
PROP_01796,2025-12-14,289553,2,2.5,2393,9572,2.0,0,1971,0,Greenwood Valley,40081
PROP_01797,2026-01-23,228052,3,1.0,1562,7810,2.0,0,1973,0,Metro City,10002
PROP_01798,2026-03-25,1356531,4,3.0,4477,13431,2.5,0,2005,0,Tech Park District,30045
PROP_01799,2026-03-11,458476,2,2.5,1879,11274,1.5,0,1954,0,Metro City,10002
PROP_01800,2025-06-22,339840,3,1.5,1770,8850,2.0,0,1988,0,Greenwood Valley,40081
PROP_01801,2026-01-17,220752,3,1.5,1314,7884,2.0,0,1959,0,Metro City,10002
PROP_01802,2026-03-20,130980,3,2.0,885,2655,1.0,0,1954,0,Greenwood Valley,40081
PROP_01803,2026-04-30,234752,1,2.0,1048,6288,1.0,0,1950,0,Greenwood Valley,40082
PROP_01804,2025-09-05,252000,1,1.0,1008,6048,2.0,0,1998,2025,Metro City,10003
PROP_01805,2025-11-12,194880,4,1.5,1392,2784,1.0,0,1985,0,Coastal Suburbs,20012
PROP_01806,2026-04-06,146601,1,2.0,819,3276,1.0,0,1970,0,Metro City,10001
PROP_01807,2026-01-30,1071348,6,2.5,3669,18345,2.5,0,2003,0,Metro City,10004
PROP_01808,2026-02-12,890770,5,4.0,2810,14050,3.0,0,1977,0,Tech Park District,30045
PROP_01809,2025-08-17,215604,3,2.5,1356,5424,1.5,0,2008,0,Coastal Suburbs,20011
PROP_01810,2025-07-02,791280,5,3.5,2512,10048,2.0,0,1983,0,Greenwood Valley,40082
PROP_01811,2026-01-17,394878,2,1.5,2046,4092,2.0,0,1961,0,Greenwood Valley,40081
PROP_01812,2025-07-23,295865,4,1.0,1259,3777,1.5,0,1994,0,Greenwood Valley,40082
PROP_01813,2025-11-23,218317,4,1.5,979,1958,1.0,0,1992,0,Metro City,10001
PROP_01814,2025-07-14,462550,4,1.0,1595,6380,1.0,0,1987,2022,Metro City,10002
PROP_01815,2026-02-14,910252,5,3.5,4484,22420,3.0,0,1981,0,Greenwood Valley,40082
PROP_01816,2026-04-27,2317221,9,7.5,4517,27102,3.0,0,2011,0,Metro City,10001
PROP_01817,2025-08-28,1220947,4,4.0,2823,8469,2.0,0,2004,2016,Tech Park District,30045
PROP_01818,2025-06-21,365557,1,2.0,1386,5544,1.0,0,1992,2022,Tech Park District,30045
PROP_01819,2025-10-05,558641,2,2.0,2159,12954,2.0,0,1997,2019,Greenwood Valley,40082
PROP_01820,2026-05-29,719040,4,3.0,3360,16800,2.0,0,1989,0,Metro City,10004
PROP_01821,2026-01-11,550066,3,1.5,2273,11365,2.0,0,2008,0,Coastal Suburbs,20012
PROP_01822,2026-01-11,722092,5,4.0,3034,15170,3.0,0,1975,0,Greenwood Valley,40081
PROP_01823,2026-02-24,1032889,6,3.0,3029,18174,3.0,0,2008,0,Tech Park District,30046
PROP_01824,2026-02-23,6205992,7,6.0,6862,54896,2.5,1,1999,0,Tech Park District,30045
PROP_01825,2026-04-09,337820,3,1.0,1778,5334,1.5,0,1965,2017,Metro City,10004
PROP_01826,2025-08-21,269707,4,1.5,1559,6236,1.5,0,2007,0,Greenwood Valley,40081
PROP_01827,2025-12-04,488507,1,1.5,2027,6081,1.5,0,1962,0,Tech Park District,30046
PROP_01828,2025-12-08,1421544,6,3.0,3884,19420,2.0,0,1957,0,Greenwood Valley,40082
PROP_01829,2025-10-23,3095296,6,4.5,7232,43392,2.5,0,1960,0,Coastal Suburbs,20012
PROP_01830,2025-12-16,341250,4,1.5,1950,7800,1.5,0,1967,2019,Greenwood Valley,40081
PROP_01831,2025-12-27,250971,2,1.5,1887,7548,2.0,0,2001,0,Metro City,10001
PROP_01832,2025-11-21,1418507,4,2.5,3481,27848,2.5,0,2009,2019,Coastal Suburbs,20013
PROP_01833,2026-05-14,732480,6,4.0,2688,18816,2.0,0,1967,2016,Greenwood Valley,40082
PROP_01834,2026-04-03,1623517,6,4.0,3578,10734,2.5,0,1978,2018,Greenwood Valley,40081
PROP_01835,2025-06-27,410844,1,2.5,2044,6132,1.5,0,1958,0,Coastal Suburbs,20012
PROP_01836,2026-04-20,280572,2,1.5,1261,7566,2.0,0,1972,2018,Greenwood Valley,40082
PROP_01837,2026-04-28,1087833,5,2.5,3117,18702,3.0,0,1983,0,Coastal Suburbs,20013
PROP_01838,2025-11-19,1364634,5,3.0,4098,20490,2.5,0,1985,0,Tech Park District,30045
PROP_01839,2025-07-04,182512,4,1.0,1037,2074,1.5,0,1978,0,Coastal Suburbs,20013
PROP_01840,2025-11-16,399750,1,2.0,1950,9750,1.5,0,1990,0,Tech Park District,30045
PROP_01841,2025-07-19,397946,2,2.5,1886,9430,2.0,0,1962,0,Metro City,10004
PROP_01842,2026-03-13,930090,4,4.0,3090,9270,2.5,0,2000,0,Metro City,10003
PROP_01843,2026-05-14,394368,3,1.0,1896,3792,1.0,0,2012,0,Coastal Suburbs,20011
PROP_01844,2025-12-15,246737,2,2.0,1801,10806,1.5,0,1968,0,Coastal Suburbs,20013
PROP_01845,2025-10-24,420316,1,1.0,1781,5343,1.5,0,1951,0,Greenwood Valley,40082
PROP_01846,2025-10-08,1424772,5,4.0,4166,12498,2.0,0,1987,0,Greenwood Valley,40081
PROP_01847,2026-05-03,385000,1,1.0,1540,7700,1.0,0,1968,0,Coastal Suburbs,20011
PROP_01848,2026-04-05,301680,2,2.5,1257,3771,1.0,0,1975,0,Coastal Suburbs,20013
PROP_01849,2025-08-16,459600,3,2.0,1915,7660,1.0,0,1967,0,Greenwood Valley,40081
PROP_01850,2025-11-18,212198,2,2.5,1318,2636,1.5,0,2012,0,Greenwood Valley,40081
PROP_01851,2025-07-12,235410,3,1.0,1121,6726,2.0,0,1992,0,Greenwood Valley,40081
PROP_01852,2026-03-26,760815,4,2.5,2871,20097,2.5,0,1966,0,Metro City,10001
PROP_01853,2026-05-06,299736,1,1.5,1656,3312,1.5,0,1991,0,Coastal Suburbs,20011
PROP_01854,2025-08-12,518728,2,2.0,2198,6594,2.0,0,1992,0,Coastal Suburbs,20011
PROP_01855,2025-11-27,825536,4,2.5,2859,17154,3.0,0,2004,2022,Metro City,10004
PROP_01856,2025-11-06,250019,3,1.0,1309,3927,1.0,0,1982,0,Greenwood Valley,40082
PROP_01857,2026-05-02,383684,4,2.0,1988,9940,1.0,0,1987,0,Metro City,10004
PROP_01858,2026-05-24,367425,1,2.5,1633,6532,1.0,0,1971,0,Tech Park District,30045
PROP_01859,2026-05-06,324800,3,1.0,1450,2900,2.0,0,2003,0,Coastal Suburbs,20012
PROP_01860,2025-12-18,251482,2,2.0,1562,4686,2.0,0,1967,0,Coastal Suburbs,20011
PROP_01861,2025-08-06,444334,2,2.5,2126,10630,2.0,0,1984,0,Metro City,10003
PROP_01862,2026-04-01,3196611,7,6.0,7557,113355,2.5,0,1963,0,Tech Park District,30046
PROP_01863,2026-05-29,1072104,5,4.0,3144,18864,2.5,0,1972,0,Tech Park District,30045
PROP_01864,2025-07-14,4938593,8,4.5,8471,67768,2.5,0,2014,0,Coastal Suburbs,20011
PROP_01865,2025-11-06,1173760,5,2.5,3668,14672,2.0,0,1997,2021,Greenwood Valley,40081
PROP_01866,2026-03-14,296334,2,1.0,1467,5868,2.0,0,2006,0,Tech Park District,30046
PROP_01867,2025-12-10,163215,4,1.5,837,3348,1.5,0,2006,2021,Metro City,10001
PROP_01868,2026-04-26,4433543,6,6.0,8465,110045,4.0,0,1963,2018,Metro City,10001
PROP_01869,2025-11-16,985000,4,4.0,3940,11820,2.0,0,1984,0,Coastal Suburbs,20011
PROP_01870,2025-08-05,324282,2,1.0,2206,11030,1.5,0,1964,0,Metro City,10002
PROP_01871,2026-05-10,274195,3,2.5,899,2697,1.0,0,1995,2018,Greenwood Valley,40081
PROP_01872,2026-05-26,434798,1,2.0,2389,7167,2.0,0,1956,0,Tech Park District,30046
PROP_01873,2026-05-17,403760,4,2.0,2060,12360,2.0,0,1985,0,Metro City,10001
PROP_01874,2026-02-25,250250,1,2.5,1625,9750,1.0,0,1999,0,Tech Park District,30046
PROP_01875,2025-07-18,193802,3,2.5,1526,9156,1.0,0,1983,0,Tech Park District,30046
PROP_01876,2026-04-27,408200,1,2.5,2041,12246,1.5,0,2007,0,Coastal Suburbs,20013
PROP_01877,2026-05-10,275450,4,1.0,1574,7870,2.0,0,1989,0,Coastal Suburbs,20013
PROP_01878,2026-01-03,317664,4,1.0,2206,11030,1.5,0,1974,0,Greenwood Valley,40081
PROP_01879,2026-02-16,494760,2,2.5,1995,5985,1.0,0,1991,0,Metro City,10001
PROP_01880,2025-12-03,323145,3,1.5,1935,7740,2.0,0,1978,0,Coastal Suburbs,20011
PROP_01881,2025-06-10,1131550,5,3.0,3050,18300,2.0,0,1992,0,Coastal Suburbs,20013
PROP_01882,2025-12-03,264984,1,1.5,1086,3258,1.0,0,1959,0,Tech Park District,30046
PROP_01883,2025-11-06,201890,3,2.0,1553,6212,2.0,0,1969,0,Tech Park District,30045
PROP_01884,2025-09-01,351072,1,1.5,1656,6624,1.5,0,1985,0,Greenwood Valley,40081
PROP_01885,2025-09-18,564746,4,3.0,2782,22256,2.0,0,2003,0,Greenwood Valley,40081
PROP_01886,2025-11-22,139356,2,1.5,1106,6636,2.0,0,1996,0,Greenwood Valley,40082
PROP_01887,2026-02-04,439148,3,1.5,2174,4348,1.5,0,1993,0,Tech Park District,30046
PROP_01888,2025-09-07,1750715,4,3.5,4156,12468,2.5,0,1989,2019,Metro City,10002
PROP_01889,2025-09-24,445500,4,1.5,1980,11880,1.0,0,1954,0,Coastal Suburbs,20013
PROP_01890,2025-08-10,381810,2,2.5,1958,9790,2.0,0,2004,2025,Coastal Suburbs,20013
PROP_01891,2025-08-19,759330,4,3.0,2655,18585,2.5,0,1952,0,Metro City,10002
PROP_01892,2025-07-10,373428,4,1.0,2277,4554,1.5,0,1954,0,Greenwood Valley,40081
PROP_01893,2025-10-30,252257,1,2.5,1693,10158,1.5,0,1998,0,Coastal Suburbs,20012
PROP_01894,2025-07-22,500256,2,1.0,2316,13896,1.0,0,1968,0,Metro City,10002
PROP_01895,2026-02-15,175408,1,1.5,1154,5770,1.0,0,1968,0,Tech Park District,30045
PROP_01896,2026-03-04,483992,2,2.5,2396,4792,1.5,0,2012,0,Greenwood Valley,40082
PROP_01897,2026-02-25,1863450,4,2.5,4040,16160,2.0,0,1953,2018,Greenwood Valley,40081
PROP_01898,2025-06-20,967495,5,4.0,4117,20585,3.0,0,1984,0,Greenwood Valley,40081
PROP_01899,2026-05-05,924055,4,4.0,3487,20922,2.0,0,1993,0,Metro City,10004
PROP_01900,2025-11-20,327546,4,2.0,1761,8805,2.0,0,1951,0,Greenwood Valley,40081
PROP_01901,2026-04-13,740280,4,2.5,2388,4776,1.5,0,2008,2018,Tech Park District,30046
PROP_01902,2025-08-07,255162,1,1.5,1849,5547,1.5,0,1998,0,Tech Park District,30045
PROP_01903,2026-04-02,208488,2,2.5,952,5712,1.5,0,2000,0,Greenwood Valley,40081
PROP_01904,2025-12-10,193800,4,2.5,1425,7125,2.0,0,1968,0,Metro City,10002
PROP_01905,2025-08-18,1304313,5,3.0,3879,15516,2.5,0,1960,2016,Coastal Suburbs,20011
PROP_01906,2025-08-23,4276160,8,4.5,6640,79680,2.5,1,2010,0,Metro City,10001
PROP_01907,2025-09-01,700374,4,3.5,3099,9297,2.5,0,1957,0,Greenwood Valley,40082
PROP_01908,2026-05-21,417074,2,2.5,1922,11532,1.5,0,2007,0,Tech Park District,30045
PROP_01909,2026-04-16,112440,1,2.0,937,1874,1.0,0,1956,0,Tech Park District,30046
PROP_01910,2025-08-24,361346,3,1.0,2287,6861,1.0,0,1994,0,Metro City,10001
PROP_01911,2026-01-11,199063,2,1.5,867,1734,1.0,1,2010,0,Greenwood Valley,40081
PROP_01912,2025-06-23,476345,3,1.5,2027,10135,1.5,0,1989,0,Greenwood Valley,40082
PROP_01913,2025-12-28,135420,3,1.5,915,3660,1.0,0,1994,0,Coastal Suburbs,20012
PROP_01914,2025-12-04,210752,3,1.0,1184,3552,1.5,0,2006,0,Coastal Suburbs,20012
PROP_01915,2026-05-13,585637,1,2.5,2371,4742,2.0,0,1961,0,Greenwood Valley,40082
PROP_01916,2025-09-30,466500,1,2.0,1866,7464,2.0,0,1960,0,Greenwood Valley,40082
PROP_01917,2026-01-14,242650,3,2.5,1150,4600,2.0,0,2006,0,Metro City,10001
PROP_01918,2026-04-09,294967,4,1.5,1174,4696,1.5,0,1968,2025,Tech Park District,30045
PROP_01919,2025-10-24,1450310,4,2.5,3924,31392,2.0,1,2002,0,Metro City,10001
PROP_01920,2026-01-16,1429310,4,3.0,3863,27041,2.5,0,1976,0,Tech Park District,30045
PROP_01921,2025-09-28,209253,1,1.0,1119,3357,2.0,0,1969,0,Greenwood Valley,40081
PROP_01922,2026-03-01,466317,3,2.0,1919,5757,2.0,0,1963,0,Greenwood Valley,40081
PROP_01923,2025-10-01,1082358,5,4.0,3447,24129,3.0,0,1989,0,Coastal Suburbs,20011
PROP_01924,2025-11-06,296476,4,1.0,1786,10716,1.5,0,1960,0,Tech Park District,30045
PROP_01925,2026-01-27,224930,3,1.0,1355,5420,1.0,0,2004,0,Metro City,10004
PROP_01926,2025-09-08,274722,4,2.5,1477,5908,1.5,0,2007,0,Greenwood Valley,40082
PROP_01927,2025-12-06,720759,1,1.5,2278,13668,2.0,1,1950,0,Metro City,10002
PROP_01928,2026-05-14,408090,3,1.0,2230,13380,1.0,0,1953,0,Greenwood Valley,40081
PROP_01929,2026-03-20,1187087,5,3.0,4129,33032,3.0,0,1958,2022,Tech Park District,30046
PROP_01930,2026-01-12,403190,2,1.0,1753,3506,2.0,0,1953,2019,Greenwood Valley,40081
PROP_01931,2026-01-23,456967,2,2.5,2101,8404,1.0,0,2006,2018,Metro City,10004
PROP_01932,2025-10-23,191760,2,2.0,1410,7050,1.5,0,1963,0,Greenwood Valley,40081
PROP_01933,2025-12-13,252780,1,2.5,1915,5745,2.0,0,2000,0,Metro City,10002
PROP_01934,2026-02-13,306345,3,2.5,1571,4713,1.5,0,1960,0,Tech Park District,30046
PROP_01935,2026-02-26,235445,2,2.0,1085,2170,1.0,0,2005,0,Metro City,10002
PROP_01936,2026-01-01,641387,3,1.5,1899,11394,1.0,1,2007,2021,Tech Park District,30046
PROP_01937,2025-08-22,488931,2,1.5,2063,12378,2.0,0,1961,0,Coastal Suburbs,20011
PROP_01938,2025-09-11,328575,1,1.5,1685,8425,2.0,0,1966,0,Coastal Suburbs,20011
PROP_01939,2026-04-06,381240,3,1.5,1765,5295,2.0,0,1953,0,Greenwood Valley,40082
PROP_01940,2025-08-10,272860,4,2.5,1949,5847,1.5,0,1950,0,Coastal Suburbs,20011
PROP_01941,2025-10-07,365515,3,2.0,1783,5349,1.5,0,1974,2018,Coastal Suburbs,20011
PROP_01942,2025-06-27,278731,1,1.0,1321,5284,1.0,0,2010,0,Greenwood Valley,40082
PROP_01943,2026-04-25,240875,2,1.5,1927,7708,1.5,0,1989,0,Coastal Suburbs,20012
PROP_01944,2026-02-02,1582582,4,3.5,3802,19010,2.5,0,1978,2023,Tech Park District,30045
PROP_01945,2025-12-08,243312,1,2.5,1776,10656,2.0,0,1996,0,Greenwood Valley,40081
PROP_01946,2026-03-11,286700,4,1.5,1880,9400,1.5,0,1988,2020,Greenwood Valley,40082
PROP_01947,2025-07-23,190463,2,1.5,1183,3549,2.0,0,1986,0,Tech Park District,30046
PROP_01948,2026-05-31,153527,4,1.0,821,4105,1.0,0,1990,0,Tech Park District,30046
PROP_01949,2026-02-20,332088,1,2.5,1644,3288,2.0,0,1976,0,Tech Park District,30045
PROP_01950,2025-08-03,552780,2,1.0,2220,4440,1.0,0,2013,0,Coastal Suburbs,20013
PROP_01951,2025-10-24,231852,2,2.0,1668,10008,2.0,0,1954,0,Greenwood Valley,40081
PROP_01952,2025-07-13,411432,2,1.5,1736,6944,1.0,0,1952,0,Metro City,10001
PROP_01953,2025-08-22,310728,4,1.0,1452,7260,1.5,0,2009,0,Greenwood Valley,40082
PROP_01954,2025-10-18,1105440,5,3.5,3920,19600,2.0,0,1980,0,Tech Park District,30046
PROP_01955,2026-01-17,199562,1,2.5,1034,4136,2.0,0,1959,0,Greenwood Valley,40081
PROP_01956,2026-02-18,271064,2,2.0,1093,2186,1.5,0,1970,0,Tech Park District,30045
PROP_01957,2025-08-15,440535,1,1.0,2049,6147,1.0,0,2012,0,Metro City,10004
PROP_01958,2026-01-10,404107,2,1.0,2161,6483,1.5,0,2009,0,Tech Park District,30046
PROP_01959,2025-07-17,1030320,4,3.5,3392,13568,3.0,0,1986,2020,Coastal Suburbs,20012
PROP_01960,2025-09-22,287306,4,1.5,1393,2786,2.0,0,1961,2016,Metro City,10002
PROP_01961,2026-01-17,544016,3,1.0,2248,4496,1.5,0,1982,0,Tech Park District,30045
PROP_01962,2025-11-26,145424,4,1.0,976,5856,2.0,0,1976,0,Coastal Suburbs,20011
PROP_01963,2025-06-14,1626750,6,3.5,4338,13014,2.0,0,2005,0,Coastal Suburbs,20012
PROP_01964,2025-12-30,269690,1,1.5,1810,5430,1.5,0,1964,0,Greenwood Valley,40082
PROP_01965,2025-06-28,249084,2,1.0,1258,2516,1.0,0,1954,0,Coastal Suburbs,20013
PROP_01966,2025-12-20,226086,4,2.0,1538,4614,1.0,0,1954,0,Metro City,10001
PROP_01967,2026-02-13,228160,4,1.5,992,4960,1.0,0,2001,0,Metro City,10002
PROP_01968,2025-12-09,917645,4,2.5,3292,26336,3.0,0,1964,2023,Tech Park District,30045
PROP_01969,2025-09-29,294858,1,1.0,1289,3867,1.0,0,1984,2020,Tech Park District,30045
PROP_01970,2025-12-15,344240,4,1.0,1324,7944,1.5,0,1957,2023,Tech Park District,30046
PROP_01971,2025-07-12,1267472,4,3.5,4282,17128,2.0,0,1976,0,Greenwood Valley,40082
PROP_01972,2025-12-09,619150,1,1.0,2135,4270,1.5,0,1953,2025,Metro City,10002
PROP_01973,2025-09-23,201982,4,2.5,846,1692,1.5,0,2001,2022,Greenwood Valley,40081
PROP_01974,2025-06-15,1073844,4,3.0,3294,26352,2.5,0,1963,0,Greenwood Valley,40081
PROP_01975,2025-11-11,819690,6,4.0,2670,13350,3.0,0,1975,0,Tech Park District,30045
PROP_01976,2025-07-21,251979,1,2.5,1491,8946,1.5,0,1971,0,Coastal Suburbs,20012
PROP_01977,2026-04-29,1124591,5,3.0,2983,20881,2.5,0,1968,0,Tech Park District,30045
PROP_01978,2025-11-19,326025,1,1.5,2070,4140,2.0,0,1977,2024,Tech Park District,30046
PROP_01979,2025-08-14,253500,2,2.5,1200,6000,2.0,0,1968,2024,Coastal Suburbs,20011
PROP_01980,2025-08-10,371812,2,2.5,1322,6610,1.5,0,2003,2020,Metro City,10001
PROP_01981,2025-06-20,934330,5,2.5,4010,16040,2.5,0,1954,0,Greenwood Valley,40082
PROP_01982,2025-10-25,376424,2,2.5,1784,8920,1.0,0,2015,0,Metro City,10004
PROP_01983,2026-01-28,142376,3,2.0,962,3848,1.5,0,1989,0,Metro City,10001
PROP_01984,2026-05-23,171360,4,1.0,1008,4032,1.5,0,1998,0,Greenwood Valley,40081
PROP_01985,2025-08-11,406603,1,2.0,1499,5996,2.0,0,1994,2018,Coastal Suburbs,20012
PROP_01986,2026-05-28,321577,3,1.5,1823,9115,1.0,1,1975,0,Greenwood Valley,40081
PROP_01987,2026-01-27,487998,3,2.0,2181,10905,1.5,0,1950,2017,Tech Park District,30046
PROP_01988,2026-01-16,351560,2,1.5,1870,9350,2.0,0,1966,0,Greenwood Valley,40081
PROP_01989,2026-04-12,630681,2,2.0,2147,4294,2.0,0,1952,2025,Greenwood Valley,40081
PROP_01990,2025-06-03,301126,1,2.5,2198,8792,1.0,0,1974,0,Coastal Suburbs,20012
PROP_01991,2025-07-11,269222,3,2.0,1186,5930,1.5,0,1972,0,Tech Park District,30045
PROP_01992,2025-06-10,1118908,4,3.5,3143,22001,2.5,0,1999,0,Tech Park District,30046
PROP_01993,2025-10-10,460368,1,2.5,2224,8896,1.5,0,1971,0,Tech Park District,30046
PROP_01994,2025-09-19,234048,1,2.5,1219,4876,1.5,0,1990,0,Metro City,10001
PROP_01995,2025-08-16,470432,4,1.5,1928,5784,1.0,0,1961,0,Coastal Suburbs,20012
PROP_01996,2026-03-08,372288,1,2.5,1939,3878,1.0,0,1993,0,Metro City,10001
PROP_01997,2026-04-08,375385,3,2.0,1945,7780,1.0,0,1972,0,Metro City,10002
PROP_01998,2026-02-26,633000,2,1.5,2110,6330,1.5,0,1995,2023,Coastal Suburbs,20012
PROP_01999,2026-01-03,440100,2,2.5,1467,7335,1.5,0,1962,2021,Metro City,10002
PROP_02000,2025-07-27,105120,1,2.5,876,5256,2.0,0,2012,0,Coastal Suburbs,20013
PROP_02001,2025-10-26,5244780,6,4.5,5732,63052,3.0,0,1960,2025,Metro City,10001
PROP_02002,2025-09-30,1479968,5,3.5,3643,14572,3.0,0,1977,2024,Coastal Suburbs,20011
PROP_02003,2025-11-02,466800,4,2.0,1945,9725,1.5,0,1965,0,Tech Park District,30045
PROP_02004,2025-08-02,157297,1,1.5,977,5862,1.0,0,1971,0,Tech Park District,30045
PROP_02005,2025-06-25,237145,4,1.0,1103,6618,1.5,0,1977,2021,Metro City,10004
PROP_02006,2025-10-01,306600,4,1.5,1022,2044,1.0,0,1951,2025,Greenwood Valley,40081
PROP_02007,2026-01-01,421490,2,2.5,1865,3730,2.0,0,2005,0,Metro City,10004
PROP_02008,2026-04-24,313929,1,1.5,1359,8154,1.5,0,2012,0,Coastal Suburbs,20011
PROP_02009,2026-04-15,1422528,4,4.0,3824,11472,2.5,0,1984,0,Greenwood Valley,40082
PROP_02010,2026-01-21,402250,4,2.5,1609,6436,2.0,0,1970,0,Greenwood Valley,40082
PROP_02011,2025-07-03,134946,3,1.0,882,2646,1.5,0,1969,0,Greenwood Valley,40082
PROP_02012,2025-07-27,229955,2,1.0,1243,3729,2.0,0,1994,0,Greenwood Valley,40081
PROP_02013,2026-02-11,310610,1,1.0,1745,6980,1.0,0,1992,0,Tech Park District,30046
PROP_02014,2026-04-02,334926,3,2.5,1618,8090,1.5,0,1975,0,Tech Park District,30045
PROP_02015,2026-03-02,273442,3,1.5,1618,8090,2.0,0,1967,0,Metro City,10001
PROP_02016,2025-06-09,4450878,7,5.0,6683,66830,4.0,0,1979,0,Coastal Suburbs,20011
PROP_02017,2026-04-20,418323,2,2.0,2337,14022,1.0,0,1979,0,Coastal Suburbs,20012
PROP_02018,2026-02-19,274048,3,1.5,2141,6423,1.5,0,1976,0,Metro City,10001
PROP_02019,2026-03-22,380254,2,1.5,2198,4396,2.0,0,1985,0,Metro City,10003
PROP_02020,2025-10-02,290465,4,1.0,1351,6755,1.0,0,1964,0,Metro City,10002
PROP_02021,2025-08-13,242736,4,2.0,1556,6224,1.5,0,1962,0,Greenwood Valley,40082
PROP_02022,2025-10-28,218544,2,2.5,1392,2784,1.5,0,2007,0,Coastal Suburbs,20012
PROP_02023,2026-01-06,242133,3,1.5,1877,11262,1.0,0,1978,0,Greenwood Valley,40082
PROP_02024,2025-06-01,211500,1,2.0,846,2538,1.0,0,1997,0,Greenwood Valley,40081
PROP_02025,2026-04-11,909364,4,2.5,2924,14620,2.0,0,2001,0,Greenwood Valley,40082
PROP_02026,2025-11-28,355152,2,2.0,1812,9060,1.5,0,2004,0,Metro City,10004
PROP_02027,2025-10-02,1207040,4,3.0,3772,15088,2.5,0,1998,0,Tech Park District,30045
PROP_02028,2026-03-20,494036,4,1.5,2186,10930,1.5,0,1979,0,Metro City,10003
PROP_02029,2025-12-31,880152,5,2.5,3224,22568,3.0,0,2003,0,Tech Park District,30046
PROP_02030,2025-09-04,177892,1,2.5,1244,2488,1.0,0,1952,0,Tech Park District,30045
PROP_02031,2026-05-07,523124,4,1.5,2198,6594,1.5,0,1976,0,Greenwood Valley,40081
PROP_02032,2026-05-09,1577557,4,3.5,4469,26814,2.5,0,1958,0,Coastal Suburbs,20011
PROP_02033,2025-07-14,842284,6,2.5,2537,17759,2.0,0,2005,0,Greenwood Valley,40081
PROP_02034,2026-02-24,243610,2,2.5,1433,5732,1.5,0,2010,0,Metro City,10004
PROP_02035,2025-12-02,296928,4,1.0,2062,4124,2.0,0,2003,0,Tech Park District,30046
PROP_02036,2025-07-05,319725,3,2.5,1305,5220,1.5,0,1982,2019,Tech Park District,30045
PROP_02037,2026-02-25,217668,1,2.0,1067,6402,2.0,0,1999,0,Coastal Suburbs,20013
PROP_02038,2026-03-06,528860,3,2.5,1706,3412,2.0,0,1980,2020,Metro City,10002
PROP_02039,2026-02-15,330720,4,2.0,2067,6201,2.0,0,1991,0,Coastal Suburbs,20012
PROP_02040,2026-02-15,282480,4,2.0,1605,9630,2.0,0,1988,0,Coastal Suburbs,20011
PROP_02041,2026-03-11,245182,4,2.0,1162,2324,1.0,0,1999,0,Coastal Suburbs,20012
PROP_02042,2025-06-11,238426,1,1.0,1229,4916,1.5,0,1998,0,Coastal Suburbs,20013
PROP_02043,2025-12-17,257153,4,2.0,1703,6812,1.5,0,1960,0,Tech Park District,30045
PROP_02044,2026-01-27,653668,3,1.0,2345,7035,2.0,0,1990,2024,Coastal Suburbs,20011
PROP_02045,2025-06-23,249744,1,1.0,1419,2838,1.5,0,1977,0,Greenwood Valley,40081
PROP_02046,2026-04-22,120600,4,1.0,1005,3015,2.0,0,1953,0,Coastal Suburbs,20013
PROP_02047,2025-12-16,181230,1,1.0,863,1726,1.0,0,2009,0,Tech Park District,30046
PROP_02048,2025-12-09,376970,4,1.0,2024,8096,2.0,0,1974,2021,Metro City,10003
PROP_02049,2025-10-08,491040,1,1.5,1980,9900,2.0,0,2005,0,Metro City,10003
PROP_02050,2025-06-09,329889,1,2.0,2049,6147,2.0,0,1996,0,Greenwood Valley,40081
PROP_02051,2025-11-30,285337,2,1.5,1087,2174,1.0,0,1970,2016,Metro City,10004
PROP_02052,2025-07-05,456456,2,2.5,2184,4368,1.5,0,1999,0,Tech Park District,30045
PROP_02053,2025-11-24,168822,4,2.5,1017,2034,2.0,0,2003,0,Greenwood Valley,40082
PROP_02054,2025-10-02,365255,2,1.0,1595,9570,1.5,0,1990,0,Coastal Suburbs,20013
PROP_02055,2026-05-03,399583,4,1.0,2117,4234,2.0,0,1966,2019,Metro City,10002
PROP_02056,2026-04-18,307230,3,2.0,1995,11970,1.5,0,1957,0,Coastal Suburbs,20011
PROP_02057,2025-07-24,631215,3,2.0,2028,10140,2.0,0,1963,2025,Coastal Suburbs,20011
PROP_02058,2026-03-25,197380,4,1.0,1390,5560,1.0,0,1958,0,Greenwood Valley,40081
PROP_02059,2025-11-18,1943449,4,2.5,4059,20295,2.0,1,1951,0,Metro City,10002
PROP_02060,2025-08-08,1516427,6,2.5,4447,13341,2.5,0,1980,0,Greenwood Valley,40081
PROP_02061,2025-06-23,333535,3,1.0,1627,3254,2.0,0,2014,0,Tech Park District,30046
PROP_02062,2025-11-28,1512000,5,3.5,4032,24192,3.0,0,1994,0,Coastal Suburbs,20013
PROP_02063,2026-03-07,176576,3,1.0,1424,4272,2.0,0,1987,0,Metro City,10004
PROP_02064,2025-11-21,1005196,4,3.5,3181,25448,3.0,0,2001,0,Greenwood Valley,40082
PROP_02065,2026-04-26,307470,1,2.5,1385,6925,1.0,0,1965,0,Metro City,10003
PROP_02066,2025-08-29,926928,5,2.5,2952,23616,2.5,0,1999,0,Tech Park District,30046
PROP_02067,2026-05-17,124032,4,2.5,816,2448,1.5,0,1984,0,Greenwood Valley,40082
PROP_02068,2026-01-24,497087,1,1.0,1610,6440,1.5,0,2012,2021,Greenwood Valley,40082
PROP_02069,2026-05-23,167990,3,2.5,1070,3210,1.0,0,1991,0,Metro City,10002
PROP_02070,2026-02-01,216163,3,2.5,869,1738,2.0,0,1999,2023,Coastal Suburbs,20011
PROP_02071,2026-04-20,423996,1,2.0,2382,7146,1.0,0,1992,0,Coastal Suburbs,20011
PROP_02072,2025-09-02,293166,3,2.0,1647,3294,1.5,0,1986,0,Metro City,10002
PROP_02073,2025-08-09,481477,1,1.0,2038,4076,1.0,0,1983,2019,Coastal Suburbs,20011
PROP_02074,2025-07-03,1150848,6,2.5,3552,10656,3.0,0,2015,0,Metro City,10003
PROP_02075,2026-01-21,898450,5,4.0,3020,24160,2.5,0,1962,2022,Coastal Suburbs,20013
PROP_02076,2025-06-19,237640,4,1.0,1828,3656,2.0,0,1999,0,Coastal Suburbs,20011
PROP_02077,2025-10-29,6931562,8,7.5,6628,92792,3.0,1,1992,0,Tech Park District,30045
PROP_02078,2025-09-12,4141403,8,5.0,6209,49672,4.0,0,1968,0,Greenwood Valley,40082
PROP_02079,2025-06-23,181867,3,1.5,1062,4248,1.0,0,2009,2024,Greenwood Valley,40081
PROP_02080,2025-09-11,274506,1,1.5,1315,5260,1.5,0,2015,2021,Coastal Suburbs,20013
PROP_02081,2025-06-22,239704,4,2.5,1577,7885,2.0,0,2013,0,Metro City,10003
PROP_02082,2025-11-09,364175,2,1.0,2081,10405,1.5,0,1999,0,Greenwood Valley,40081
PROP_02083,2025-11-06,258066,2,2.5,1062,2124,2.0,0,1987,0,Coastal Suburbs,20011
PROP_02084,2026-02-19,722384,5,3.0,2416,19328,2.0,0,1960,0,Metro City,10003
PROP_02085,2025-12-21,261612,4,2.0,1521,7605,1.5,0,1977,0,Tech Park District,30046
PROP_02086,2026-03-06,1158492,6,3.5,3329,13316,2.0,0,2007,0,Greenwood Valley,40081
PROP_02087,2026-01-29,453960,1,1.0,2328,6984,2.0,0,1988,0,Greenwood Valley,40082
PROP_02088,2025-10-08,648333,3,2.5,2083,4166,2.0,0,1961,2023,Greenwood Valley,40082
PROP_02089,2025-06-19,1384855,4,2.5,3901,27307,3.0,0,1982,0,Greenwood Valley,40081
PROP_02090,2026-04-28,321034,4,2.0,1994,3988,1.0,0,1971,0,Greenwood Valley,40081
PROP_02091,2025-09-06,277207,4,1.0,1393,6965,1.0,0,1977,0,Tech Park District,30046
PROP_02092,2025-10-25,221542,4,2.0,813,4065,1.0,0,2002,2021,Greenwood Valley,40082
PROP_02093,2025-11-30,450765,4,2.5,2268,6804,1.0,0,1965,2018,Greenwood Valley,40081
PROP_02094,2025-06-25,353400,2,2.5,1900,5700,1.5,0,2006,0,Coastal Suburbs,20011
PROP_02095,2026-05-02,324990,2,1.0,1413,5652,2.0,0,1971,0,Tech Park District,30045
PROP_02096,2025-11-17,273974,4,1.0,1359,8154,1.5,1,1973,0,Metro City,10004
PROP_02097,2025-10-18,3080781,8,4.5,4961,64493,4.0,0,1994,0,Tech Park District,30045
PROP_02098,2025-08-03,217868,4,1.5,1757,10542,2.0,0,1989,0,Tech Park District,30045
PROP_02099,2025-12-06,462099,1,1.0,2211,11055,2.0,0,1996,0,Coastal Suburbs,20012
PROP_02100,2026-01-10,553000,2,2.5,1975,5925,1.0,0,1974,2022,Tech Park District,30046
PROP_02101,2025-12-22,356775,4,2.5,1675,10050,1.5,0,1976,0,Tech Park District,30046
PROP_02102,2026-01-12,373152,3,1.0,1794,7176,2.0,0,1978,0,Greenwood Valley,40081
PROP_02103,2025-12-15,292285,4,1.5,1193,3579,2.0,0,2001,0,Metro City,10003
PROP_02104,2025-11-21,245760,1,1.5,2048,4096,1.5,0,1989,0,Metro City,10001
PROP_02105,2025-09-04,7549715,9,5.0,7606,45636,3.0,1,1951,0,Coastal Suburbs,20012
PROP_02106,2026-02-10,1542960,5,3.5,4286,34288,3.0,0,1961,0,Greenwood Valley,40081
PROP_02107,2026-05-21,309670,1,2.5,1730,10380,2.0,0,1999,0,Greenwood Valley,40081
PROP_02108,2026-02-10,285032,2,1.5,1738,5214,1.5,0,1957,0,Metro City,10004
PROP_02109,2025-12-06,5140660,8,6.0,7042,84504,2.5,0,1996,0,Greenwood Valley,40082
PROP_02110,2026-02-21,201465,4,2.5,814,1628,1.0,0,1962,2023,Greenwood Valley,40081
PROP_02111,2025-10-15,181216,2,2.5,809,4854,1.5,0,2015,0,Greenwood Valley,40081
PROP_02112,2025-07-13,366025,3,2.5,1210,4840,2.0,0,1987,2019,Greenwood Valley,40081
PROP_02113,2026-01-04,252824,4,1.0,1144,5720,1.0,0,2013,0,Greenwood Valley,40082
PROP_02114,2025-07-11,1511118,5,3.5,4221,33768,3.0,0,1983,0,Tech Park District,30046
PROP_02115,2026-01-07,383824,3,2.0,2086,6258,1.5,0,1990,0,Tech Park District,30046
PROP_02116,2026-04-05,206426,3,1.5,1706,8530,1.0,0,1984,0,Coastal Suburbs,20012
PROP_02117,2025-09-01,1087796,6,3.5,3764,11292,2.0,0,1985,0,Greenwood Valley,40082
PROP_02118,2026-03-07,406135,3,1.5,1889,5667,1.0,0,2001,0,Metro City,10004
PROP_02119,2025-10-29,263900,2,2.5,2030,10150,1.5,0,1985,0,Coastal Suburbs,20013
PROP_02120,2025-11-12,296916,2,1.0,1362,2724,1.5,0,1977,0,Metro City,10004
PROP_02121,2025-07-23,383990,1,1.5,1634,6536,2.0,0,2005,0,Tech Park District,30045
PROP_02122,2025-07-11,506910,4,2.0,2216,11080,1.5,0,1977,2018,Tech Park District,30046
PROP_02123,2025-11-15,742092,6,4.0,3484,10452,2.5,0,1986,0,Greenwood Valley,40081
PROP_02124,2026-05-05,1479744,4,3.0,4404,26424,2.0,0,1964,0,Metro City,10001
PROP_02125,2025-10-30,376975,3,2.5,1774,10644,2.0,0,1980,2016,Tech Park District,30045
PROP_02126,2025-11-04,516643,2,2.0,1715,6860,1.5,0,1976,2016,Greenwood Valley,40081
PROP_02127,2026-01-15,197570,2,2.5,859,4295,2.0,0,2010,0,Tech Park District,30045
PROP_02128,2026-04-05,861900,6,3.0,3380,27040,2.5,0,1964,0,Metro City,10001
PROP_02129,2026-01-05,553784,3,1.0,2233,6699,1.0,0,2007,0,Greenwood Valley,40082
PROP_02130,2025-08-25,483877,1,2.5,2113,8452,1.0,0,1984,0,Metro City,10004
PROP_02131,2026-05-20,230214,3,2.5,1887,7548,2.0,0,1979,0,Metro City,10004
PROP_02132,2026-01-14,338589,3,2.0,2213,4426,1.5,0,2011,0,Tech Park District,30046
PROP_02133,2025-11-27,304278,4,1.5,2158,10790,1.5,0,2004,0,Metro City,10001
PROP_02134,2026-01-15,1158678,5,2.5,3693,29544,3.0,0,1973,2016,Tech Park District,30046
PROP_02135,2025-06-22,251566,3,1.5,1666,9996,2.0,0,1996,0,Greenwood Valley,40082
PROP_02136,2025-11-28,194562,4,2.5,1201,3603,1.0,0,1981,0,Metro City,10002
PROP_02137,2026-04-11,129000,1,1.5,860,4300,2.0,0,1995,0,Greenwood Valley,40082
PROP_02138,2026-01-09,179772,2,1.5,852,1704,1.0,0,1977,0,Metro City,10002
PROP_02139,2025-10-19,209280,2,1.5,960,5760,1.0,0,1966,0,Tech Park District,30045
PROP_02140,2026-04-24,407680,1,1.0,1960,5880,1.0,0,1988,0,Metro City,10003
PROP_02141,2025-06-30,1536150,5,4.0,4389,30723,2.5,0,1969,0,Greenwood Valley,40081
PROP_02142,2025-07-09,204330,1,2.0,973,5838,1.0,0,2015,2023,Tech Park District,30046
PROP_02143,2026-05-10,267406,1,2.0,1178,4712,1.5,0,1960,0,Tech Park District,30045
PROP_02144,2026-04-23,428230,1,2.5,2290,13740,1.5,0,2014,0,Tech Park District,30045
PROP_02145,2025-12-25,253746,3,2.0,1998,3996,2.0,0,2015,0,Metro City,10003
PROP_02146,2025-12-04,289350,3,1.0,1286,5144,1.0,0,1996,0,Tech Park District,30046
PROP_02147,2026-02-18,147234,3,1.0,926,5556,2.0,0,2007,0,Tech Park District,30045
PROP_02148,2026-05-14,300294,4,2.5,1809,7236,1.5,0,1997,0,Tech Park District,30046
PROP_02149,2025-08-21,333600,4,1.5,1390,8340,1.0,0,1954,0,Metro City,10002
PROP_02150,2025-06-16,1459620,5,3.5,3672,25704,3.0,0,1983,2017,Metro City,10003
PROP_02151,2025-08-13,457737,3,2.5,2149,10745,1.0,0,1978,0,Greenwood Valley,40082
PROP_02152,2026-04-08,1030080,5,4.0,3480,24360,3.0,0,1988,0,Metro City,10002
PROP_02153,2026-05-14,329132,4,2.5,1538,4614,1.0,0,1964,0,Coastal Suburbs,20011
PROP_02154,2026-01-11,270414,1,1.0,1494,5976,1.5,0,1987,0,Coastal Suburbs,20012
PROP_02155,2025-06-18,1220415,4,2.5,4137,28959,3.0,0,2011,0,Tech Park District,30046
PROP_02156,2025-08-04,320242,3,1.0,1417,8502,1.0,0,1956,0,Greenwood Valley,40082
PROP_02157,2025-07-05,459020,3,2.5,1945,7780,1.0,0,1979,0,Metro City,10004
PROP_02158,2025-09-29,895454,6,3.0,2681,21448,3.0,0,2014,0,Greenwood Valley,40081
PROP_02159,2026-04-27,347956,3,1.5,2023,4046,1.0,0,1972,0,Metro City,10001
PROP_02160,2025-12-05,555503,2,1.5,2249,6747,2.0,0,1955,0,Greenwood Valley,40082
PROP_02161,2025-12-03,372534,4,1.5,2141,4282,2.0,0,1988,0,Metro City,10002
PROP_02162,2025-12-14,1121999,5,4.0,4171,25026,2.0,0,1967,0,Greenwood Valley,40081
PROP_02163,2026-03-18,323862,1,1.5,1402,4206,2.0,0,1987,0,Coastal Suburbs,20012
PROP_02164,2025-06-17,628227,5,3.5,2523,12615,2.5,0,1971,0,Coastal Suburbs,20013
PROP_02165,2026-04-06,433006,3,1.0,2198,13188,1.5,0,1984,0,Greenwood Valley,40082
PROP_02166,2025-08-18,249550,4,1.0,1426,5704,1.5,0,1992,0,Coastal Suburbs,20012
PROP_02167,2026-05-14,714849,5,3.5,2991,11964,3.0,0,1998,0,Tech Park District,30046
PROP_02168,2026-01-17,312570,4,2.5,1656,9936,1.0,0,1973,2025,Metro City,10004
PROP_02169,2025-12-07,210805,2,2.0,1585,9510,1.5,0,1978,0,Coastal Suburbs,20011
PROP_02170,2025-12-08,390040,3,1.0,1592,3184,1.0,0,1988,0,Coastal Suburbs,20012
PROP_02171,2026-01-14,299425,1,2.0,1475,5900,2.0,0,2007,0,Tech Park District,30046
PROP_02172,2025-07-10,232866,1,1.0,1522,6088,1.0,0,2000,0,Tech Park District,30046
PROP_02173,2026-03-21,159831,3,2.0,1239,6195,1.0,0,1997,0,Greenwood Valley,40082
PROP_02174,2025-08-10,165146,3,2.0,1163,2326,1.0,0,2015,0,Tech Park District,30046
PROP_02175,2026-02-27,129129,3,1.5,903,2709,1.5,0,1994,0,Tech Park District,30046
PROP_02176,2025-12-05,223295,1,1.5,1258,5032,2.0,0,1983,2018,Metro City,10003
PROP_02177,2025-12-21,216612,4,2.5,1641,4923,1.0,0,1985,0,Coastal Suburbs,20013
PROP_02178,2025-11-08,569135,4,1.0,2323,13938,2.0,0,1955,0,Coastal Suburbs,20013
PROP_02179,2026-04-29,389760,3,2.0,1740,6960,2.0,0,1996,0,Coastal Suburbs,20011
PROP_02180,2025-10-21,703136,5,2.5,3139,15695,3.0,0,1964,0,Metro City,10003
PROP_02181,2025-10-06,832048,6,3.0,2584,12920,2.0,0,1996,0,Coastal Suburbs,20012
PROP_02182,2025-07-29,197246,2,1.5,1022,5110,2.0,0,1993,0,Metro City,10004
PROP_02183,2025-06-14,169784,4,1.5,1117,2234,1.5,0,2006,0,Coastal Suburbs,20012
PROP_02184,2025-09-04,448162,4,2.0,1615,3230,1.0,0,1961,2021,Metro City,10002
PROP_02185,2026-02-11,490603,2,2.0,1729,6916,1.5,0,2008,2016,Tech Park District,30045
PROP_02186,2026-02-21,165467,4,1.0,1094,5470,2.0,0,1950,2021,Coastal Suburbs,20012
PROP_02187,2025-12-16,307732,1,2.0,1746,3492,1.0,0,1961,2023,Greenwood Valley,40082
PROP_02188,2026-03-15,3914433,8,5.0,6853,54824,4.0,1,1997,0,Coastal Suburbs,20011
PROP_02189,2025-07-31,1344780,5,3.5,4338,13014,2.5,0,1968,2024,Tech Park District,30046
PROP_02190,2025-10-13,450795,2,2.5,2199,8796,1.5,0,1992,0,Coastal Suburbs,20011
PROP_02191,2025-10-12,594114,3,1.0,2386,4772,1.5,0,1954,0,Metro City,10002
PROP_02192,2026-05-27,361826,2,2.0,1601,6404,2.0,0,1975,0,Metro City,10001
PROP_02193,2026-01-15,143520,3,2.0,1196,5980,2.0,0,1986,0,Metro City,10003
PROP_02194,2025-09-18,257420,4,1.0,2110,6330,1.0,0,1984,0,Tech Park District,30045
PROP_02195,2026-04-10,288756,2,1.5,1234,7404,2.0,0,1997,0,Metro City,10002
PROP_02196,2025-10-25,157500,4,2.0,875,3500,2.0,0,1980,0,Metro City,10004
PROP_02197,2026-05-22,400848,3,1.0,2386,11930,2.0,0,1981,0,Metro City,10001
PROP_02198,2026-02-07,391830,4,2.0,2118,10590,1.0,0,1988,0,Metro City,10004
PROP_02199,2025-09-11,1108086,5,3.0,3769,26383,2.0,0,2009,0,Tech Park District,30046
PROP_02200,2025-08-02,1462190,4,3.5,4006,16024,2.0,0,1991,0,Greenwood Valley,40082
PROP_02201,2025-08-09,116008,2,2.5,853,2559,2.0,0,1965,0,Coastal Suburbs,20012
PROP_02202,2025-07-08,153946,2,2.5,806,4836,2.0,0,1950,0,Metro City,10001
PROP_02203,2026-01-18,287122,2,1.5,1823,9115,2.0,0,1994,2024,Metro City,10004
PROP_02204,2025-08-28,642798,5,2.5,2747,13735,3.0,0,1999,0,Greenwood Valley,40082
PROP_02205,2026-01-14,335110,4,2.5,1426,7130,1.0,0,1975,0,Metro City,10001
PROP_02206,2025-07-15,165750,1,1.5,1105,2210,1.5,0,1976,0,Tech Park District,30046
PROP_02207,2026-05-16,1266292,6,4.0,3557,28456,3.0,0,1972,0,Coastal Suburbs,20013
PROP_02208,2025-11-11,561289,4,2.5,2329,9316,2.0,0,1974,0,Metro City,10004
PROP_02209,2026-05-08,256512,4,2.5,1336,8016,1.5,0,2013,0,Metro City,10002
PROP_02210,2025-11-25,1090084,6,3.5,3658,14632,3.0,0,2010,0,Coastal Suburbs,20012
PROP_02211,2026-05-30,379620,1,1.0,2052,6156,1.0,0,2004,0,Coastal Suburbs,20012
PROP_02212,2025-07-04,332976,4,1.0,1982,3964,2.0,0,1976,0,Metro City,10002
PROP_02213,2026-03-09,426800,2,2.5,1940,5820,1.0,0,1966,0,Metro City,10002
PROP_02214,2026-03-05,179256,3,2.0,1164,5820,2.0,0,1985,0,Greenwood Valley,40082
PROP_02215,2025-10-27,200770,1,1.0,1181,7086,1.0,0,1987,0,Greenwood Valley,40082
PROP_02216,2025-11-01,256197,2,1.5,1081,6486,1.0,0,2015,0,Metro City,10004
PROP_02217,2025-08-20,380052,3,2.5,1564,3128,1.5,0,2013,0,Metro City,10002
PROP_02218,2026-05-31,436170,1,1.5,2170,8680,1.0,0,1976,0,Metro City,10004
PROP_02219,2026-05-30,204768,4,2.0,864,5184,1.0,0,1970,0,Metro City,10001
PROP_02220,2026-05-25,568107,2,2.5,2011,8044,1.5,0,1973,2020,Tech Park District,30045
PROP_02221,2026-04-23,353829,4,2.5,1743,3486,2.0,0,1952,0,Coastal Suburbs,20011
PROP_02222,2025-08-29,757330,6,3.5,3490,10470,2.0,0,1952,0,Tech Park District,30045
PROP_02223,2025-12-03,205500,2,2.0,1370,8220,1.0,0,1963,2017,Greenwood Valley,40082
PROP_02224,2026-02-16,385357,2,1.5,1557,7785,1.5,0,2014,2019,Greenwood Valley,40081
PROP_02225,2025-09-23,197172,4,1.0,1186,4744,1.5,0,1961,2022,Metro City,10001
PROP_02226,2025-08-02,307019,3,2.0,1462,5848,1.5,1,1972,2019,Tech Park District,30045
PROP_02227,2025-09-11,751488,6,3.0,2991,23928,2.0,0,2012,2018,Tech Park District,30046
PROP_02228,2025-08-11,328716,2,2.0,1588,7940,1.0,0,1983,0,Greenwood Valley,40081
PROP_02229,2025-09-30,267337,2,1.0,905,4525,2.0,1,1963,0,Metro City,10001
PROP_02230,2026-02-08,117600,1,1.5,800,2400,1.0,0,2012,0,Tech Park District,30045
PROP_02231,2025-06-14,270190,3,2.5,1318,2636,2.0,0,1984,0,Metro City,10004
PROP_02232,2025-12-02,393190,4,2.0,2296,4592,1.0,0,1992,2021,Coastal Suburbs,20013
PROP_02233,2026-03-11,308880,1,2.0,2288,11440,2.0,0,1992,0,Metro City,10004
PROP_02234,2026-03-21,402948,1,1.0,2132,8528,1.0,0,2014,0,Tech Park District,30045
PROP_02235,2025-12-06,310968,1,1.5,1851,7404,2.0,0,1965,0,Metro City,10003
PROP_02236,2026-01-26,147160,1,1.0,1132,2264,1.0,0,1969,0,Coastal Suburbs,20012
PROP_02237,2026-03-10,242565,4,2.5,1545,9270,1.5,0,2009,0,Tech Park District,30046
PROP_02238,2025-08-06,482422,4,2.0,2042,4084,1.5,0,1965,2021,Metro City,10002
PROP_02239,2026-04-10,155155,1,1.0,1001,3003,1.0,0,1977,0,Coastal Suburbs,20011
PROP_02240,2025-07-15,639450,4,3.5,3150,22050,2.5,0,1966,0,Greenwood Valley,40081
PROP_02241,2025-07-04,149885,4,2.5,967,2901,1.0,0,1990,0,Tech Park District,30046
PROP_02242,2025-11-06,175120,4,2.5,880,4400,1.5,0,1967,0,Tech Park District,30045
PROP_02243,2025-12-21,5003752,9,7.5,7402,81422,3.0,0,2013,0,Coastal Suburbs,20013
PROP_02244,2026-02-01,305812,3,1.5,1398,2796,1.0,0,1954,2021,Coastal Suburbs,20011
PROP_02245,2026-02-25,229080,4,1.5,1380,6900,1.0,0,2005,0,Metro City,10001
PROP_02246,2025-12-28,321126,2,1.5,1794,8970,2.0,0,1990,0,Metro City,10004
PROP_02247,2025-12-27,374460,2,1.5,1580,4740,2.0,0,2004,0,Coastal Suburbs,20013
PROP_02248,2026-03-22,371290,2,2.0,1735,5205,1.0,0,1980,0,Greenwood Valley,40081
PROP_02249,2025-07-08,509548,2,1.0,2132,6396,1.5,0,1957,0,Metro City,10004
PROP_02250,2025-08-04,447076,3,1.0,2281,13686,2.0,0,1986,0,Greenwood Valley,40081
PROP_02251,2025-11-10,1450881,5,4.0,4467,26802,3.0,1,1959,0,Greenwood Valley,40081
PROP_02252,2026-04-25,936034,5,2.5,3454,24178,2.5,0,1971,0,Metro City,10003
PROP_02253,2025-07-08,308113,2,1.5,2249,4498,2.0,0,1994,0,Tech Park District,30046
PROP_02254,2026-01-17,575757,3,1.0,2331,4662,1.0,0,1989,0,Greenwood Valley,40081
PROP_02255,2026-01-25,334350,3,1.0,1486,2972,1.5,0,2013,2020,Coastal Suburbs,20012
PROP_02256,2026-05-15,435064,4,2.5,1828,9140,1.0,1,1972,0,Coastal Suburbs,20011
PROP_02257,2026-02-20,417632,4,1.0,1877,11262,2.0,0,1995,2020,Metro City,10002
PROP_02258,2025-11-24,1065228,4,2.5,3061,18366,3.0,0,2004,0,Greenwood Valley,40082
PROP_02259,2025-08-05,447193,3,1.5,1288,2576,1.0,1,2001,0,Greenwood Valley,40081
PROP_02260,2026-03-10,1163568,6,3.5,3463,27704,2.0,0,1962,0,Coastal Suburbs,20011
PROP_02261,2026-04-24,296584,3,2.0,2264,4528,2.0,0,1966,0,Metro City,10002
PROP_02262,2026-03-28,357918,3,1.0,1914,3828,1.5,0,2004,0,Coastal Suburbs,20012
PROP_02263,2025-09-02,569910,2,1.5,2355,4710,1.5,0,1951,0,Greenwood Valley,40082
PROP_02264,2025-08-06,261954,3,2.5,1323,3969,2.0,0,1966,0,Coastal Suburbs,20011
PROP_02265,2026-01-08,271988,1,1.0,1402,7010,1.0,0,1964,0,Greenwood Valley,40082
PROP_02266,2026-02-13,168304,4,2.0,1072,2144,2.0,0,1966,0,Coastal Suburbs,20012
PROP_02267,2025-06-29,642765,6,4.0,2935,23480,2.0,0,2013,0,Tech Park District,30046
PROP_02268,2025-08-03,129270,4,2.0,930,2790,2.0,0,1966,0,Greenwood Valley,40082
PROP_02269,2026-02-21,259920,2,1.0,1368,8208,1.5,0,1996,0,Metro City,10002
PROP_02270,2025-08-18,316029,4,1.0,2121,10605,2.0,0,1953,0,Tech Park District,30046
PROP_02271,2025-11-03,418482,1,1.5,2082,4164,1.5,0,2015,0,Greenwood Valley,40082
PROP_02272,2025-08-24,571075,3,1.5,2155,10775,2.0,0,1985,2025,Coastal Suburbs,20013
PROP_02273,2025-08-22,490500,4,1.0,2180,13080,1.5,0,1979,0,Coastal Suburbs,20011
PROP_02274,2025-11-13,401100,1,2.5,2100,4200,1.5,0,1973,0,Greenwood Valley,40082
PROP_02275,2026-05-30,450624,3,2.0,2347,7041,2.0,0,1954,0,Tech Park District,30046
PROP_02276,2025-09-24,196850,2,1.5,1016,2032,2.0,0,1951,2016,Greenwood Valley,40082
PROP_02277,2025-11-25,974056,4,2.5,3112,15560,2.5,0,1996,0,Tech Park District,30046
PROP_02278,2026-02-21,547637,1,2.0,1930,9650,1.5,0,1982,2018,Metro City,10003
PROP_02279,2025-10-24,808758,5,4.0,2643,21144,2.5,0,2010,0,Greenwood Valley,40081
PROP_02280,2025-07-11,167904,4,1.0,1272,3816,1.0,0,1986,0,Metro City,10001
PROP_02281,2025-10-07,381510,2,2.0,1570,7850,2.0,0,1982,0,Coastal Suburbs,20011
PROP_02282,2025-09-09,368722,1,2.0,1266,7596,1.0,0,2014,2023,Metro City,10002
PROP_02283,2026-04-22,331445,2,2.0,1756,3512,1.5,0,1963,2019,Coastal Suburbs,20012
PROP_02284,2026-03-10,227458,3,1.5,1078,3234,1.0,0,1998,0,Metro City,10001
PROP_02285,2025-10-19,320732,3,1.0,1772,3544,1.0,0,2008,0,Metro City,10001
PROP_02286,2025-08-04,1073061,6,4.0,3613,10839,3.0,0,1967,0,Coastal Suburbs,20012
PROP_02287,2026-04-17,128898,3,2.0,1023,2046,1.0,0,1967,0,Coastal Suburbs,20011
PROP_02288,2025-11-03,187275,4,1.5,908,1816,1.5,0,1959,2020,Metro City,10004
PROP_02289,2026-04-11,365769,4,2.5,2139,6417,2.0,0,1983,0,Tech Park District,30045
PROP_02290,2026-03-01,438397,4,1.0,2203,8812,2.0,0,1984,0,Tech Park District,30046
PROP_02291,2025-07-18,195411,3,2.0,1229,6145,1.5,0,2001,0,Greenwood Valley,40081
PROP_02292,2026-02-13,179712,3,2.0,864,2592,1.0,0,1997,0,Tech Park District,30045
PROP_02293,2026-04-25,452640,3,1.5,1840,11040,1.0,0,1990,0,Tech Park District,30045
PROP_02294,2025-08-26,324518,4,1.5,1538,6152,1.5,0,1973,0,Greenwood Valley,40081
PROP_02295,2026-03-31,435708,3,2.0,2394,9576,2.0,0,1954,0,Greenwood Valley,40082
PROP_02296,2026-03-25,429897,1,2.5,1963,11778,2.0,0,1988,0,Tech Park District,30045
PROP_02297,2025-08-18,257250,3,2.0,1225,6125,1.5,0,1987,0,Coastal Suburbs,20013
PROP_02298,2025-08-27,179140,2,1.0,845,3380,1.0,0,1982,0,Greenwood Valley,40081
PROP_02299,2026-05-04,516340,1,1.0,2347,11735,1.0,0,1968,2020,Tech Park District,30045
PROP_02300,2026-04-16,157388,2,2.5,1078,4312,2.0,0,2011,0,Greenwood Valley,40081
PROP_02301,2026-04-06,1467202,4,3.0,3923,11769,3.0,0,1988,0,Metro City,10004
PROP_02302,2025-11-20,993099,5,3.5,3037,24296,2.0,0,1983,0,Tech Park District,30046
PROP_02303,2026-03-16,881879,5,3.5,3851,23106,3.0,0,1972,0,Tech Park District,30046
PROP_02304,2025-06-22,333428,3,1.5,1699,3398,2.0,0,1985,2018,Coastal Suburbs,20013
PROP_02305,2025-06-15,1169881,5,3.0,4349,26094,2.0,0,1953,0,Coastal Suburbs,20013
PROP_02306,2025-07-12,466344,4,2.0,2159,8636,1.0,0,1979,0,Tech Park District,30045
PROP_02307,2025-06-24,366466,2,1.5,1889,11334,1.0,0,1993,0,Metro City,10001
PROP_02308,2026-04-25,4147605,7,7.5,7695,84645,3.0,0,1973,0,Coastal Suburbs,20013
PROP_02309,2026-03-23,324632,2,1.5,2108,10540,1.0,0,2006,0,Coastal Suburbs,20012
PROP_02310,2025-10-14,326585,2,1.0,1505,3010,1.0,0,1950,0,Coastal Suburbs,20013
PROP_02311,2026-04-30,485355,3,2.5,1965,9825,1.5,0,1958,0,Coastal Suburbs,20011
PROP_02312,2025-09-16,197899,1,2.0,1171,2342,2.0,0,1958,0,Tech Park District,30046
PROP_02313,2026-03-20,530281,3,1.0,1775,10650,1.0,0,2007,2019,Coastal Suburbs,20011
PROP_02314,2025-12-31,156000,2,2.0,975,3900,2.0,0,2008,0,Metro City,10002
PROP_02315,2026-04-13,131200,4,1.0,800,4800,1.0,0,1953,0,Tech Park District,30045
PROP_02316,2026-04-24,1391572,4,3.5,3823,15292,2.0,0,1991,0,Greenwood Valley,40081
PROP_02317,2025-06-16,432839,1,2.0,2071,12426,2.0,0,1964,0,Metro City,10002
PROP_02318,2026-02-10,556710,2,1.0,1928,11568,2.0,0,1950,2020,Greenwood Valley,40081
PROP_02319,2026-04-18,239172,2,2.0,1049,3147,1.0,0,2013,0,Metro City,10004
PROP_02320,2026-03-07,394591,3,1.0,2003,8012,2.0,0,1992,0,Greenwood Valley,40082
PROP_02321,2025-10-27,880530,5,4.0,3594,28752,2.5,0,2014,0,Greenwood Valley,40081
PROP_02322,2026-04-25,419667,1,2.0,2371,7113,1.0,0,1984,0,Tech Park District,30045
PROP_02323,2025-11-02,255517,3,2.5,1099,2198,1.5,0,1974,2025,Tech Park District,30045
PROP_02324,2026-02-03,1729575,4,4.0,3947,23682,2.5,1,2003,0,Coastal Suburbs,20013
PROP_02325,2025-10-04,210441,1,1.0,911,4555,2.0,0,2008,0,Tech Park District,30046
PROP_02326,2026-05-17,1199008,6,4.0,3368,26944,3.0,0,1990,0,Greenwood Valley,40082
PROP_02327,2025-12-25,371676,2,2.0,1977,5931,1.0,0,1995,0,Greenwood Valley,40081
PROP_02328,2025-10-31,3628376,9,4.5,5608,67296,2.5,0,1975,0,Coastal Suburbs,20012
PROP_02329,2026-01-19,391952,2,2.5,2227,13362,1.0,0,1970,0,Metro City,10004
PROP_02330,2025-07-08,1484798,4,3.0,3892,23352,2.5,1,1969,2016,Coastal Suburbs,20012
PROP_02331,2026-05-19,257632,3,1.0,1552,4656,1.0,0,1993,0,Metro City,10003
PROP_02332,2025-07-01,236455,1,2.0,1805,10830,1.0,0,1976,0,Greenwood Valley,40081
PROP_02333,2025-08-20,1253166,4,4.0,3786,30288,2.0,0,1991,0,Tech Park District,30045
PROP_02334,2026-01-12,1815667,5,2.5,4442,13326,2.5,0,1984,2017,Tech Park District,30046
PROP_02335,2025-12-30,275720,4,1.0,904,3616,2.0,0,1989,2020,Tech Park District,30045
PROP_02336,2026-02-03,268870,1,2.5,1288,7728,2.0,0,1960,2023,Coastal Suburbs,20012
PROP_02337,2026-01-24,795795,6,3.5,3445,17225,3.0,0,1969,0,Greenwood Valley,40082
PROP_02338,2025-09-13,337824,2,2.5,1836,7344,1.0,0,1963,0,Greenwood Valley,40082
PROP_02339,2025-11-22,170368,3,1.5,968,2904,1.0,0,1970,0,Greenwood Valley,40081
PROP_02340,2026-04-07,338437,1,1.5,1083,2166,1.5,0,1983,2021,Metro City,10001
PROP_02341,2025-08-13,1236702,5,2.5,3889,31112,2.5,0,1998,0,Greenwood Valley,40082
PROP_02342,2025-11-08,199398,2,1.0,1002,5010,2.0,0,1997,0,Tech Park District,30046
PROP_02343,2025-11-11,1503782,6,4.0,4037,20185,2.5,0,2001,2023,Greenwood Valley,40082
PROP_02344,2025-11-24,421344,2,1.0,1824,7296,2.0,0,1989,0,Greenwood Valley,40081
PROP_02345,2025-12-22,341448,3,1.0,1388,8328,2.0,0,1967,0,Tech Park District,30045
PROP_02346,2025-08-06,231080,3,2.0,1090,3270,1.0,0,1955,0,Greenwood Valley,40081
PROP_02347,2025-12-07,1238193,5,3.0,4169,33352,2.5,0,2011,0,Coastal Suburbs,20013
PROP_02348,2026-02-19,191308,1,1.5,1132,2264,1.5,0,1961,0,Greenwood Valley,40082
PROP_02349,2026-03-15,819060,4,3.0,2482,7446,2.0,0,1983,0,Coastal Suburbs,20013
PROP_02350,2025-07-25,362974,3,2.0,1871,9355,1.5,0,1995,0,Greenwood Valley,40082
PROP_02351,2025-11-11,341744,3,1.5,1643,9858,1.5,0,2008,0,Greenwood Valley,40081
PROP_02352,2025-10-02,302602,4,1.5,2131,12786,1.5,0,1980,0,Coastal Suburbs,20012
PROP_02353,2026-01-25,937570,5,3.0,3233,22631,3.0,0,2005,0,Greenwood Valley,40082
PROP_02354,2025-08-02,325156,2,2.0,2197,10985,1.0,0,2005,0,Metro City,10004
PROP_02355,2025-10-15,386304,4,1.5,2012,6036,1.5,0,1967,0,Greenwood Valley,40082
PROP_02356,2026-01-17,222948,4,1.5,1689,8445,2.0,0,1961,0,Tech Park District,30045
PROP_02357,2025-10-05,510500,4,1.0,2042,4084,2.0,0,1966,2019,Metro City,10002
PROP_02358,2025-08-12,388050,2,1.0,2388,9552,2.0,0,1985,2022,Greenwood Valley,40081
PROP_02359,2025-07-20,920416,6,3.5,4109,32872,2.0,0,2000,0,Coastal Suburbs,20012
PROP_02360,2025-06-26,422284,2,1.5,2188,8752,1.0,0,1974,0,Greenwood Valley,40081
PROP_02361,2025-10-27,207250,1,2.0,829,2487,1.0,0,1990,2025,Greenwood Valley,40081
PROP_02362,2025-12-14,226512,2,1.0,1089,4356,2.0,0,1956,0,Tech Park District,30045
PROP_02363,2026-04-12,1190439,6,3.0,3411,13644,3.0,0,2009,0,Tech Park District,30045
PROP_02364,2026-01-01,122256,2,1.0,849,5094,1.0,0,1972,0,Tech Park District,30046
PROP_02365,2025-10-06,1351295,4,4.0,4345,34760,3.0,0,1995,0,Tech Park District,30045
PROP_02366,2025-08-21,304669,2,2.5,1531,7655,1.0,0,1963,0,Greenwood Valley,40082
PROP_02367,2025-11-15,722670,5,4.0,2834,14170,3.0,0,1966,0,Metro City,10002
PROP_02368,2026-03-23,278980,2,1.0,1508,3016,2.0,0,1978,0,Coastal Suburbs,20012
PROP_02369,2025-11-08,190293,3,1.5,1389,6945,1.5,0,1966,0,Metro City,10004
PROP_02370,2025-09-06,233836,1,1.0,1103,5515,1.5,0,1990,0,Metro City,10002
PROP_02371,2025-08-21,1502228,4,2.5,4127,33016,2.0,1,2000,2021,Metro City,10003
PROP_02372,2026-02-11,261360,3,2.0,1188,5940,1.5,0,1984,0,Metro City,10001
PROP_02373,2026-02-19,159357,4,1.0,1317,3951,1.0,0,1957,0,Coastal Suburbs,20011
PROP_02374,2026-01-26,1835212,5,4.0,4449,17796,2.5,0,1956,2024,Coastal Suburbs,20011
PROP_02375,2026-02-11,436880,1,1.0,2032,6096,1.0,0,1977,0,Greenwood Valley,40082
PROP_02376,2025-11-05,1258180,6,4.0,3268,26144,2.0,0,2010,2021,Metro City,10001
PROP_02377,2026-02-10,423878,4,1.0,1781,5343,2.0,0,1953,0,Tech Park District,30046
PROP_02378,2025-06-12,634781,2,1.5,2257,9028,1.5,0,1986,2017,Tech Park District,30046
PROP_02379,2025-07-17,209400,2,2.0,1047,5235,1.5,0,1958,0,Tech Park District,30046
PROP_02380,2025-12-19,1163328,5,4.0,3984,19920,3.0,0,2002,0,Tech Park District,30045
PROP_02381,2026-02-14,379236,2,1.5,1716,6864,1.0,0,1984,0,Greenwood Valley,40081
PROP_02382,2026-01-21,218566,2,1.5,1061,4244,1.0,0,1995,0,Coastal Suburbs,20011
PROP_02383,2025-10-02,245504,2,1.5,1792,8960,1.5,0,1986,0,Tech Park District,30045
PROP_02384,2025-09-19,218136,2,2.5,894,5364,1.0,0,1969,0,Greenwood Valley,40082
PROP_02385,2026-03-26,353976,2,2.0,2107,6321,1.5,0,1969,0,Coastal Suburbs,20011
PROP_02386,2025-11-28,246560,3,2.5,1072,6432,1.5,0,1992,0,Tech Park District,30045
PROP_02387,2025-06-25,368392,2,2.0,2339,11695,1.5,0,1956,2023,Metro City,10004
PROP_02388,2025-06-26,345840,4,2.5,1572,9432,1.5,0,2005,2016,Coastal Suburbs,20012
PROP_02389,2025-10-23,380472,2,2.0,2292,4584,2.0,0,1992,0,Tech Park District,30045
PROP_02390,2026-02-09,246168,2,2.5,1578,9468,1.0,0,1991,0,Greenwood Valley,40081
PROP_02391,2026-04-02,255404,3,2.5,1906,11436,2.0,0,1984,0,Coastal Suburbs,20012
PROP_02392,2026-05-01,441262,3,2.0,1681,8405,1.5,0,1962,2020,Coastal Suburbs,20013
PROP_02393,2026-05-11,274800,4,2.5,1145,6870,2.0,0,1971,0,Greenwood Valley,40081
PROP_02394,2026-01-27,773244,4,3.5,2742,19194,2.5,0,2003,0,Tech Park District,30046
PROP_02395,2025-10-25,282448,1,1.5,2224,6672,1.0,0,1965,0,Coastal Suburbs,20013
PROP_02396,2026-03-02,388143,1,1.5,2121,6363,1.5,0,1950,0,Coastal Suburbs,20012
PROP_02397,2025-06-05,1166140,4,2.5,3980,15920,2.0,0,1973,0,Coastal Suburbs,20011
PROP_02398,2025-07-26,274482,3,1.5,1242,2484,1.0,0,1977,0,Coastal Suburbs,20011
PROP_02399,2026-01-07,172593,2,1.0,1143,5715,1.0,0,2004,0,Tech Park District,30045
PROP_02400,2025-08-08,317444,3,1.0,1301,2602,2.0,0,1990,0,Metro City,10001
PROP_02401,2025-10-14,380190,1,1.0,1748,8740,1.5,0,1972,2020,Metro City,10001
PROP_02402,2025-12-05,3929604,9,4.5,6027,36162,3.0,0,1988,0,Coastal Suburbs,20012
PROP_02403,2025-12-24,171592,1,2.5,822,2466,1.5,0,1954,2016,Metro City,10001
PROP_02404,2025-12-05,237188,1,1.5,1379,8274,2.0,0,1971,0,Metro City,10002
PROP_02405,2025-06-24,280687,2,1.5,1343,2686,2.0,0,1973,0,Metro City,10001
PROP_02406,2025-12-23,234220,1,1.5,980,2940,1.0,0,1994,0,Greenwood Valley,40081
PROP_02407,2025-06-27,694350,6,3.0,3086,18516,2.5,0,1960,0,Coastal Suburbs,20013
PROP_02408,2026-03-19,662144,5,4.0,2956,20692,2.0,0,1992,0,Metro City,10001
PROP_02409,2026-03-15,1198806,5,4.0,3358,10074,2.0,0,1988,0,Greenwood Valley,40082
PROP_02410,2025-09-08,302881,1,2.0,2179,4358,1.5,0,1985,0,Tech Park District,30045
PROP_02411,2025-12-03,129605,3,2.0,805,4830,1.5,0,1987,0,Metro City,10003
PROP_02412,2026-03-11,256066,4,2.0,1693,8465,2.0,0,1979,2023,Greenwood Valley,40082
PROP_02413,2025-10-26,223124,1,2.0,1844,5532,1.5,0,1960,0,Greenwood Valley,40082
PROP_02414,2025-07-08,359730,4,1.5,2284,6852,2.0,0,1965,2024,Coastal Suburbs,20012
PROP_02415,2025-12-15,432530,1,1.0,2338,7014,1.0,0,1953,0,Coastal Suburbs,20011
PROP_02416,2026-02-14,342990,1,1.0,1545,3090,1.0,0,1990,0,Coastal Suburbs,20012
PROP_02417,2026-01-17,929395,5,2.5,2764,16584,2.0,0,1995,2023,Greenwood Valley,40082
PROP_02418,2026-03-09,1132830,6,2.5,3070,15350,2.0,0,1953,0,Greenwood Valley,40082
PROP_02419,2025-10-22,1003967,6,2.5,2656,7968,2.0,1,1992,0,Tech Park District,30045
PROP_02420,2026-04-16,443112,4,1.0,1996,7984,1.0,0,1953,0,Greenwood Valley,40082
PROP_02421,2026-05-15,1180888,5,4.0,3656,18280,2.0,0,2009,0,Metro City,10002
PROP_02422,2026-04-09,873381,6,3.0,2418,12090,3.0,1,1989,0,Metro City,10002
PROP_02423,2025-07-31,249480,2,2.0,1188,3564,1.0,0,1973,0,Coastal Suburbs,20012
PROP_02424,2025-08-05,292152,4,1.5,1739,5217,2.0,0,1977,0,Greenwood Valley,40081
PROP_02425,2025-07-20,1092920,6,2.5,3070,24560,2.5,0,1981,0,Tech Park District,30046
PROP_02426,2025-12-19,327096,3,2.5,1386,8316,1.5,0,1981,0,Greenwood Valley,40082
PROP_02427,2025-12-09,241368,4,2.0,1068,3204,2.0,0,2008,0,Coastal Suburbs,20012
PROP_02428,2025-11-21,192692,2,1.5,1438,2876,1.5,0,1963,0,Coastal Suburbs,20012
PROP_02429,2026-03-13,283900,1,1.0,1336,4008,1.0,0,1982,2021,Coastal Suburbs,20011
PROP_02430,2025-12-05,150016,2,2.5,1172,3516,1.0,0,1986,0,Coastal Suburbs,20012
PROP_02431,2025-08-13,714714,4,3.5,3234,16170,2.5,0,1959,0,Tech Park District,30046
PROP_02432,2025-09-10,827640,5,3.5,3762,22572,3.0,0,1988,0,Tech Park District,30046
PROP_02433,2026-04-05,213248,1,2.0,952,2856,2.0,0,1984,0,Tech Park District,30046
PROP_02434,2026-02-16,459429,3,1.5,2001,12006,2.0,1,1982,0,Coastal Suburbs,20012
PROP_02435,2025-12-23,283920,4,2.0,2366,14196,1.0,0,1957,0,Coastal Suburbs,20012
PROP_02436,2026-02-12,246420,1,1.5,1369,6845,2.0,0,1956,0,Metro City,10003
PROP_02437,2025-06-21,237495,2,1.0,852,5112,1.0,0,1988,2019,Greenwood Valley,40081
PROP_02438,2025-06-24,936795,5,3.0,2595,20760,2.0,0,2003,0,Greenwood Valley,40082
PROP_02439,2025-06-20,501977,1,2.5,2018,10090,1.0,0,1963,2018,Greenwood Valley,40082
PROP_02440,2025-08-10,280496,1,2.5,1492,2984,1.5,0,2006,0,Metro City,10004
PROP_02441,2025-11-18,157584,2,2.0,804,2412,2.0,1,2003,0,Metro City,10001
PROP_02442,2026-01-29,485500,4,1.5,1942,11652,2.0,0,1979,0,Tech Park District,30045
PROP_02443,2026-02-21,360393,4,1.0,1341,8046,2.0,0,1954,2025,Metro City,10002
PROP_02444,2026-01-20,219055,4,2.0,1135,2270,1.0,0,1960,0,Greenwood Valley,40082
PROP_02445,2025-08-16,286368,1,2.5,1256,6280,1.0,0,1958,0,Tech Park District,30045
PROP_02446,2026-04-07,500981,3,2.0,1735,6940,2.0,0,1977,2023,Tech Park District,30046
PROP_02447,2026-02-19,315033,3,2.0,1821,9105,2.0,0,1999,0,Coastal Suburbs,20013
PROP_02448,2025-08-11,227030,1,1.0,1555,9330,1.0,0,1990,0,Metro City,10004
PROP_02449,2025-11-15,378112,2,2.0,1688,3376,1.0,0,1999,0,Tech Park District,30045
PROP_02450,2026-04-10,224560,3,2.5,1604,3208,1.5,0,1971,0,Metro City,10004
PROP_02451,2025-11-11,287802,2,1.5,1577,6308,2.0,0,1952,2018,Metro City,10003
PROP_02452,2025-08-23,369602,1,2.0,2042,6126,1.5,0,1993,0,Tech Park District,30046
PROP_02453,2025-12-19,185924,4,2.0,877,4385,2.0,0,1991,0,Tech Park District,30045
PROP_02454,2026-04-12,861656,5,3.5,3034,15170,2.0,0,1987,0,Coastal Suburbs,20012
PROP_02455,2025-11-01,184172,3,1.5,1123,5615,2.0,0,1985,0,Metro City,10001
PROP_02456,2026-03-31,1525296,4,4.0,4434,22170,3.0,0,1956,0,Greenwood Valley,40082
PROP_02457,2025-11-20,240832,3,1.0,1696,3392,1.0,0,1993,0,Coastal Suburbs,20013
PROP_02458,2026-02-15,364734,4,2.0,1762,7048,1.0,0,1958,0,Metro City,10002
PROP_02459,2026-02-16,1044990,5,4.0,3415,17075,2.0,0,1959,0,Coastal Suburbs,20013
PROP_02460,2026-02-28,233920,1,2.0,1088,2176,1.5,0,1983,2017,Greenwood Valley,40081
PROP_02461,2026-02-06,228646,2,2.5,1094,6564,1.0,0,1974,0,Metro City,10004
PROP_02462,2026-05-29,233175,1,2.5,974,4870,1.0,1,1979,0,Metro City,10003
PROP_02463,2026-03-16,205716,3,1.5,1659,8295,1.0,0,1975,0,Tech Park District,30046
PROP_02464,2025-11-01,559125,1,1.0,1988,5964,1.5,0,2013,2025,Greenwood Valley,40081
PROP_02465,2026-01-30,1120948,5,4.0,3947,19735,2.5,0,1957,0,Greenwood Valley,40081
PROP_02466,2025-06-09,732756,6,3.5,3228,16140,3.0,0,1956,0,Metro City,10003
PROP_02467,2025-12-06,138600,2,1.5,900,5400,2.0,0,1974,0,Coastal Suburbs,20013
PROP_02468,2025-11-17,1521777,4,3.0,3896,31168,3.0,1,1990,0,Coastal Suburbs,20013
PROP_02469,2026-05-11,190380,4,2.0,835,4175,1.0,0,1951,0,Metro City,10004
PROP_02470,2025-07-27,262027,1,2.0,1426,8556,1.5,0,2003,2024,Tech Park District,30045
PROP_02471,2025-12-31,3597084,7,7.5,7356,102984,3.0,0,1986,0,Coastal Suburbs,20013
PROP_02472,2026-03-26,741096,5,3.0,2538,10152,2.0,0,2014,0,Tech Park District,30046
PROP_02473,2025-11-05,1077363,4,3.5,3141,21987,2.5,0,1960,0,Greenwood Valley,40082
PROP_02474,2026-05-19,903150,5,3.5,2676,21408,3.0,0,1990,2022,Tech Park District,30046
PROP_02475,2026-04-19,177606,3,1.5,1287,7722,1.0,0,1997,0,Tech Park District,30046
PROP_02476,2025-06-14,202212,4,2.0,1476,5904,1.5,0,2014,0,Coastal Suburbs,20013
PROP_02477,2026-04-02,1406580,4,3.5,3940,23640,2.0,0,1979,0,Greenwood Valley,40082
PROP_02478,2026-01-29,1678088,4,3.0,4463,35704,2.0,0,1989,0,Coastal Suburbs,20013
PROP_02479,2025-10-14,711690,4,4.0,3389,16945,3.0,0,1981,0,Greenwood Valley,40082
PROP_02480,2026-05-02,355532,1,2.5,2003,12018,1.0,0,1999,2021,Metro City,10002
PROP_02481,2026-03-24,1657137,5,3.5,3583,28664,2.0,0,1975,2024,Greenwood Valley,40082
PROP_02482,2026-03-23,335940,3,1.0,1527,3054,1.5,0,2015,0,Greenwood Valley,40082
PROP_02483,2025-09-25,466407,3,2.0,1651,8255,1.0,0,1988,2025,Tech Park District,30046
PROP_02484,2025-06-27,1182660,4,4.0,3428,20568,3.0,0,1997,0,Coastal Suburbs,20012
PROP_02485,2026-03-26,805752,4,3.0,3249,22743,2.5,0,1973,0,Greenwood Valley,40081
PROP_02486,2026-02-01,286020,3,2.5,2043,10215,1.0,0,1968,0,Tech Park District,30045
PROP_02487,2025-08-27,1519632,5,4.0,4392,30744,2.5,0,2014,0,Greenwood Valley,40082
PROP_02488,2026-02-24,122227,4,1.5,919,3676,1.0,0,1983,0,Greenwood Valley,40081
PROP_02489,2026-04-19,249600,3,1.0,1664,6656,1.0,0,1967,0,Greenwood Valley,40081
PROP_02490,2026-04-14,253208,4,1.5,1021,6126,1.0,0,2004,0,Greenwood Valley,40081
PROP_02491,2025-12-12,99507,2,2.5,809,4045,1.0,0,2002,0,Metro City,10003
PROP_02492,2025-08-15,335814,3,2.5,1731,6924,1.5,0,1971,0,Greenwood Valley,40082
PROP_02493,2026-05-15,360480,3,1.0,2253,4506,1.0,0,2010,0,Tech Park District,30045
PROP_02494,2025-10-03,288869,2,2.5,1423,7115,1.0,0,1966,0,Coastal Suburbs,20011
PROP_02495,2025-06-17,1020760,4,2.5,3020,9060,2.0,0,1950,0,Coastal Suburbs,20012
PROP_02496,2026-03-21,292944,4,1.5,2154,4308,2.0,0,1963,0,Greenwood Valley,40082
PROP_02497,2026-05-25,751854,5,4.0,2523,10092,3.0,0,2000,0,Coastal Suburbs,20013
PROP_02498,2025-07-27,214684,1,1.5,1124,5620,1.5,0,1993,0,Tech Park District,30046
PROP_02499,2025-09-06,385292,1,1.5,2167,13002,1.5,1,1978,0,Coastal Suburbs,20013
PROP_02500,2025-06-10,556571,2,1.0,2151,6453,1.0,0,1966,2023,Coastal Suburbs,20012
PROP_02501,2026-01-12,222456,1,2.0,897,2691,1.0,0,2008,0,Tech Park District,30046
PROP_02502,2025-11-08,153180,4,2.0,1110,4440,2.0,0,2014,0,Greenwood Valley,40081
PROP_02503,2026-01-01,540140,2,1.0,2260,4520,1.5,0,2006,0,Coastal Suburbs,20013
PROP_02504,2025-08-17,294500,1,2.5,1520,7600,1.5,0,2015,2021,Tech Park District,30045
PROP_02505,2025-12-29,1609490,5,2.5,3743,29944,2.5,0,1953,2018,Coastal Suburbs,20013
PROP_02506,2026-05-20,644047,3,1.5,2174,8696,2.0,0,2011,2022,Tech Park District,30046
PROP_02507,2025-09-13,192256,2,2.5,1502,6008,1.0,0,1961,0,Greenwood Valley,40081
PROP_02508,2025-12-28,261138,2,1.5,1226,7356,2.0,0,1974,0,Tech Park District,30046
PROP_02509,2026-02-12,163905,3,1.0,1115,5575,1.0,0,1991,0,Metro City,10001
PROP_02510,2026-04-10,269398,4,1.0,1697,5091,1.0,0,1978,2019,Greenwood Valley,40081
PROP_02511,2026-01-28,220224,4,2.5,1776,8880,1.0,0,1975,0,Metro City,10001
PROP_02512,2025-07-02,1248346,6,3.0,3938,19690,2.5,0,1962,0,Coastal Suburbs,20012
PROP_02513,2026-05-28,335654,3,2.5,1387,4161,2.0,0,1954,0,Metro City,10003
PROP_02514,2025-08-10,414776,2,1.0,1603,6412,2.0,0,1984,2024,Greenwood Valley,40082
PROP_02515,2026-02-21,249106,1,2.0,1859,11154,1.5,0,1970,0,Greenwood Valley,40081
PROP_02516,2025-09-15,1678492,4,4.0,4119,16476,2.5,0,2015,2025,Metro City,10002
PROP_02517,2026-03-15,197000,3,1.0,985,3940,1.5,0,2009,0,Metro City,10003
PROP_02518,2025-11-14,346323,1,1.0,1723,5169,2.0,0,1982,0,Metro City,10001
PROP_02519,2026-05-06,166272,4,2.0,1299,6495,2.0,0,1985,0,Coastal Suburbs,20013
PROP_02520,2026-01-31,672178,5,4.0,2678,18746,2.0,0,1951,0,Metro City,10003
PROP_02521,2026-02-25,199420,3,1.5,1534,3068,1.0,0,1975,0,Coastal Suburbs,20013
PROP_02522,2025-12-10,119841,2,2.0,929,2787,1.5,0,1979,0,Tech Park District,30045
PROP_02523,2025-11-08,481252,4,2.5,1758,8790,1.5,0,1971,2024,Coastal Suburbs,20011
PROP_02524,2025-08-28,1046720,5,2.5,3271,22897,3.0,0,1977,0,Tech Park District,30045
PROP_02525,2026-01-22,340461,2,1.0,1881,3762,2.0,0,1970,0,Tech Park District,30046
PROP_02526,2026-02-28,189378,4,1.0,1169,5845,1.5,0,1950,0,Coastal Suburbs,20013
PROP_02527,2025-11-23,301200,3,1.0,1255,3765,1.0,0,2015,0,Tech Park District,30046
PROP_02528,2026-03-07,1679980,5,4.0,4421,13263,3.0,0,1967,0,Tech Park District,30046
PROP_02529,2025-11-29,1216880,6,4.0,3710,22260,2.5,0,1973,0,Coastal Suburbs,20011
PROP_02530,2026-05-13,293563,4,2.5,1801,10806,1.5,0,1984,0,Metro City,10002
PROP_02531,2026-05-15,263007,3,2.5,931,2793,1.5,0,2011,2021,Greenwood Valley,40081
PROP_02532,2026-04-26,463932,4,2.0,2367,7101,1.5,0,1988,0,Metro City,10003
PROP_02533,2026-05-21,328208,4,1.0,2248,4496,2.0,0,1963,0,Coastal Suburbs,20012
PROP_02534,2025-10-14,437848,2,1.5,1912,7648,1.0,0,1986,0,Tech Park District,30046
PROP_02535,2026-04-09,399627,1,2.5,2337,14022,1.0,0,2014,0,Greenwood Valley,40081
PROP_02536,2026-02-03,266327,3,1.0,1163,5815,1.5,0,1956,0,Metro City,10002
PROP_02537,2025-09-07,468832,2,1.5,2392,14352,2.0,0,1996,0,Tech Park District,30046
PROP_02538,2025-10-05,229460,1,2.0,1490,7450,2.0,0,2001,0,Tech Park District,30046
PROP_02539,2025-10-21,1436534,5,3.0,4301,12903,2.5,0,1999,0,Metro City,10002
PROP_02540,2026-03-13,1467984,5,4.0,4112,32896,2.0,1,2010,0,Greenwood Valley,40082
PROP_02541,2025-10-31,276528,4,1.5,1646,9876,1.0,0,1965,0,Tech Park District,30046
PROP_02542,2025-09-24,743750,3,1.0,2380,7140,2.0,0,1950,2022,Coastal Suburbs,20011
PROP_02543,2025-10-31,436196,3,1.0,1827,7308,1.5,0,1958,2025,Coastal Suburbs,20012
PROP_02544,2025-10-26,277680,2,1.0,1335,2670,1.0,0,2001,0,Coastal Suburbs,20012
PROP_02545,2026-05-27,181475,4,2.5,1190,4760,2.0,0,1989,2025,Coastal Suburbs,20011
PROP_02546,2025-09-15,455607,4,2.5,2139,6417,1.0,0,1957,0,Greenwood Valley,40082
PROP_02547,2026-05-20,184536,3,2.5,1398,4194,1.5,0,1972,0,Coastal Suburbs,20013
PROP_02548,2026-05-27,278357,2,2.0,1609,8045,2.0,0,1959,0,Coastal Suburbs,20012
PROP_02549,2026-02-06,771600,5,4.0,2572,7716,2.5,0,1969,0,Coastal Suburbs,20011
PROP_02550,2025-11-10,1000144,6,4.0,3677,25739,2.0,0,2013,0,Metro City,10002
PROP_02551,2026-02-01,307440,2,2.0,2135,6405,2.0,0,1957,0,Metro City,10001
PROP_02552,2025-11-26,234366,4,2.5,1166,3498,2.0,0,1989,0,Metro City,10004
PROP_02553,2026-03-14,165418,4,1.5,1133,6798,1.5,0,1950,0,Metro City,10003
PROP_02554,2025-10-19,280115,4,1.0,2315,4630,1.0,0,1987,0,Greenwood Valley,40081
PROP_02555,2025-10-26,500727,3,1.5,1846,11076,1.0,0,1967,2020,Metro City,10001
PROP_02556,2025-08-02,228278,4,2.0,1454,7270,1.0,0,1959,0,Metro City,10001
PROP_02557,2026-03-21,1094445,5,3.0,3267,22869,3.0,0,1982,2016,Metro City,10002
PROP_02558,2026-05-13,886006,6,2.5,4301,17204,3.0,0,1971,0,Greenwood Valley,40081
PROP_02559,2026-03-06,434660,1,2.5,1688,8440,1.0,0,1979,2019,Metro City,10003
PROP_02560,2025-12-12,798768,5,4.0,3698,18490,2.5,0,1971,0,Metro City,10004
PROP_02561,2025-12-20,1128582,6,3.0,3042,9126,2.0,0,1959,0,Coastal Suburbs,20012
PROP_02562,2025-11-24,153900,3,1.5,1026,5130,1.5,0,1970,0,Coastal Suburbs,20011
PROP_02563,2025-08-14,362516,1,2.0,2354,4708,1.5,0,1985,0,Greenwood Valley,40081
PROP_02564,2025-10-27,768246,5,3.0,2622,10488,3.0,0,1955,0,Metro City,10002
PROP_02565,2025-06-22,247680,4,1.5,1290,7740,1.0,0,1987,0,Coastal Suburbs,20012
PROP_02566,2025-10-26,195729,3,2.0,1231,7386,2.0,0,1995,0,Coastal Suburbs,20012
PROP_02567,2025-07-11,593718,1,2.5,2111,8444,1.0,0,1981,2025,Metro City,10002
PROP_02568,2025-11-25,1297404,5,2.5,3516,28128,3.0,0,1963,0,Metro City,10003
PROP_02569,2026-01-13,233415,2,1.5,1755,8775,1.0,0,2011,0,Metro City,10003
PROP_02570,2026-05-02,407744,2,1.0,2216,4432,1.5,0,1951,0,Tech Park District,30046
PROP_02571,2025-10-10,281534,3,2.5,1474,7370,1.0,0,1998,0,Tech Park District,30046
PROP_02572,2026-02-01,550560,4,2.5,2294,4588,1.5,0,1983,0,Metro City,10004
PROP_02573,2025-09-18,369277,2,2.5,1858,11148,1.0,0,1995,2018,Metro City,10001
PROP_02574,2025-09-12,264945,2,2.0,1039,5195,1.0,0,2011,2021,Tech Park District,30045
PROP_02575,2026-03-03,806799,5,3.5,2611,10444,3.0,0,1975,0,Coastal Suburbs,20013
PROP_02576,2025-10-17,245904,3,1.0,1308,5232,1.0,0,1970,0,Metro City,10004
PROP_02577,2026-03-15,285532,2,2.0,1292,7752,1.5,0,1955,0,Coastal Suburbs,20013
PROP_02578,2026-05-23,341530,4,1.5,1394,2788,1.0,0,1988,0,Tech Park District,30045
PROP_02579,2025-10-18,227240,2,2.5,1748,3496,1.5,0,2003,0,Tech Park District,30046
PROP_02580,2025-08-10,430986,4,2.0,1977,9885,1.5,0,1962,0,Metro City,10003
PROP_02581,2025-07-26,1436765,5,2.5,3806,22836,2.0,0,1962,2024,Metro City,10002
PROP_02582,2026-04-12,936244,6,4.0,3686,22116,3.0,0,1954,0,Metro City,10003
PROP_02583,2026-03-28,1478220,6,4.0,4260,12780,3.0,0,1962,0,Coastal Suburbs,20011
PROP_02584,2025-10-01,602565,2,2.0,2363,4726,1.0,0,2006,2022,Greenwood Valley,40081
PROP_02585,2025-10-03,1181293,5,3.5,4355,34840,2.0,0,1968,2025,Greenwood Valley,40081
PROP_02586,2025-06-26,1502445,6,3.5,3075,15375,3.0,1,1958,0,Metro City,10002
PROP_02587,2026-05-09,652064,3,1.0,2272,9088,2.0,1,1997,0,Greenwood Valley,40081
PROP_02588,2026-02-27,350066,3,1.5,1733,8665,1.0,0,1997,0,Coastal Suburbs,20011
PROP_02589,2025-09-24,336672,1,2.5,2338,14028,1.5,0,1984,0,Greenwood Valley,40081
PROP_02590,2026-04-23,309510,3,1.0,1710,6840,1.5,0,1965,0,Metro City,10001
PROP_02591,2025-09-28,1058472,4,4.0,4392,17568,3.0,0,1972,0,Greenwood Valley,40082
PROP_02592,2025-06-27,209982,2,2.0,1329,7974,2.0,0,1997,0,Tech Park District,30046
PROP_02593,2025-07-22,1456125,5,3.5,3530,21180,3.0,0,2009,2019,Greenwood Valley,40081
PROP_02594,2025-12-29,919010,6,3.5,3169,22183,3.0,0,1957,0,Greenwood Valley,40081
PROP_02595,2025-11-17,332661,3,1.5,2263,11315,1.0,0,2010,0,Greenwood Valley,40082
PROP_02596,2026-01-28,284437,1,1.5,1517,7585,1.0,0,1975,2022,Coastal Suburbs,20013
PROP_02597,2025-07-22,380010,2,2.5,2390,4780,1.5,0,2007,0,Greenwood Valley,40082
PROP_02598,2026-05-15,193866,2,2.0,818,4090,1.5,0,1970,0,Greenwood Valley,40081
PROP_02599,2025-08-10,368226,1,2.5,2273,11365,1.5,0,2006,0,Metro City,10003
PROP_02600,2025-06-03,659687,1,2.5,2111,6333,2.0,0,1989,2020,Tech Park District,30046
PROP_02601,2026-03-09,207766,1,2.0,1586,7930,2.0,0,1976,0,Greenwood Valley,40081
PROP_02602,2025-08-20,470522,1,2.0,2254,9016,1.0,0,2000,2019,Metro City,10004
PROP_02603,2025-12-26,132794,4,1.5,991,2973,1.0,0,2005,0,Tech Park District,30045
PROP_02604,2026-05-01,3159318,8,4.5,5829,46632,4.0,0,1970,0,Greenwood Valley,40082
PROP_02605,2026-01-30,4815040,8,5.0,5872,46976,4.0,0,2005,2023,Metro City,10004
PROP_02606,2026-01-31,311121,1,1.5,1863,3726,1.5,0,1964,0,Metro City,10003
PROP_02607,2026-04-30,136271,3,2.0,1073,5365,1.0,0,2006,0,Greenwood Valley,40082
PROP_02608,2025-09-11,4944354,6,6.0,8449,59143,4.0,1,2001,0,Tech Park District,30046
PROP_02609,2025-10-26,629186,2,2.0,2179,13074,2.0,0,1972,2021,Tech Park District,30046
PROP_02610,2025-11-12,1028755,4,3.5,4165,12495,2.0,0,1992,0,Greenwood Valley,40081
PROP_02611,2025-10-25,175536,4,2.0,954,5724,1.0,0,1992,0,Metro City,10003
PROP_02612,2026-04-27,814320,5,3.5,3770,26390,3.0,0,2013,0,Coastal Suburbs,20012
PROP_02613,2025-07-01,510408,3,2.5,2363,4726,1.5,0,1959,0,Coastal Suburbs,20011
PROP_02614,2025-07-16,681875,2,1.5,2182,8728,1.5,0,1962,2016,Greenwood Valley,40082
PROP_02615,2026-04-30,376677,1,1.5,1993,9965,1.0,0,1955,0,Metro City,10003
PROP_02616,2026-03-21,197274,3,1.0,1078,5390,2.0,0,1951,0,Tech Park District,30045
PROP_02617,2025-09-27,402320,1,2.0,2140,12840,1.0,0,1952,0,Metro City,10003
PROP_02618,2026-03-01,489060,1,1.0,2223,4446,1.5,0,1993,2024,Tech Park District,30045
PROP_02619,2025-06-20,185180,1,1.5,940,1880,1.5,0,2003,0,Greenwood Valley,40081
PROP_02620,2025-08-29,255833,3,2.5,1717,8585,1.5,0,1969,0,Coastal Suburbs,20013
PROP_02621,2025-12-31,324632,2,1.0,1736,6944,2.0,0,1991,0,Tech Park District,30045
PROP_02622,2025-08-30,241986,2,1.0,1301,3903,1.0,0,2005,0,Coastal Suburbs,20012
PROP_02623,2025-06-19,230400,1,2.5,1600,6400,1.5,0,1977,0,Tech Park District,30046
PROP_02624,2025-12-21,276770,4,2.0,2129,4258,1.5,0,1999,0,Tech Park District,30045
PROP_02625,2026-02-09,1252948,4,3.0,3327,9981,2.5,1,2012,0,Tech Park District,30045
PROP_02626,2025-09-04,529295,2,2.0,2395,9580,1.5,0,1965,0,Metro City,10002
PROP_02627,2025-10-27,1237400,4,3.0,3680,11040,3.0,0,1985,2023,Metro City,10003
PROP_02628,2025-06-20,349010,1,2.5,2053,10265,1.5,0,1972,0,Tech Park District,30045
PROP_02629,2025-06-05,656149,5,3.0,2969,11876,2.5,0,1972,0,Greenwood Valley,40081
PROP_02630,2025-10-31,239040,2,2.0,1494,7470,2.0,0,1970,2018,Coastal Suburbs,20012
PROP_02631,2026-03-18,732920,5,2.5,2510,15060,2.0,0,1952,0,Metro City,10001
PROP_02632,2026-04-05,415680,2,2.0,2165,6495,1.5,0,1981,0,Greenwood Valley,40082
PROP_02633,2025-07-25,562247,2,1.0,1882,9410,2.0,0,1956,2022,Metro City,10002
PROP_02634,2025-11-19,304965,2,1.0,2259,4518,1.0,0,1987,0,Greenwood Valley,40082
PROP_02635,2025-10-24,376038,4,1.5,1607,3214,1.0,0,2010,0,Coastal Suburbs,20013
PROP_02636,2026-01-19,164016,3,1.5,1072,4288,1.0,0,1967,0,Tech Park District,30045
PROP_02637,2026-04-25,357204,2,2.5,1734,6936,1.5,0,1956,0,Tech Park District,30046
PROP_02638,2026-03-06,467748,1,2.0,1877,7508,1.5,1,1998,0,Metro City,10003
PROP_02639,2026-02-24,912084,6,4.0,4471,22355,2.0,0,1986,0,Coastal Suburbs,20013
PROP_02640,2026-02-08,426062,3,2.5,2341,11705,1.0,0,1972,0,Coastal Suburbs,20012
PROP_02641,2025-08-08,328923,1,1.5,1449,5796,1.5,0,2010,0,Coastal Suburbs,20011
PROP_02642,2026-02-14,606375,4,2.5,1875,3750,2.0,1,1977,0,Tech Park District,30046
PROP_02643,2026-01-26,808704,5,3.5,3744,26208,2.0,0,1964,0,Metro City,10002
PROP_02644,2025-10-18,240588,3,1.0,978,5868,1.5,0,2012,0,Tech Park District,30046
PROP_02645,2025-09-07,332724,4,2.0,1398,8388,2.0,0,1960,0,Coastal Suburbs,20012
PROP_02646,2025-07-28,214389,1,1.0,861,1722,2.0,0,2002,0,Coastal Suburbs,20011
PROP_02647,2025-11-17,331200,1,2.0,1800,7200,2.0,0,1955,0,Metro City,10004
PROP_02648,2025-08-23,195129,1,1.0,803,3212,2.0,0,1973,0,Greenwood Valley,40082
PROP_02649,2026-01-21,931480,6,3.5,4015,24090,2.5,0,1988,0,Coastal Suburbs,20012
PROP_02650,2026-04-28,1212964,5,2.5,4271,12813,3.0,0,1958,0,Coastal Suburbs,20011
PROP_02651,2025-10-10,298350,2,2.0,1275,6375,1.5,0,2011,0,Coastal Suburbs,20012
PROP_02652,2025-09-04,950544,4,4.0,3772,26404,2.5,0,1958,0,Coastal Suburbs,20012
PROP_02653,2025-06-08,268031,4,2.5,953,2859,2.0,0,1960,2025,Greenwood Valley,40081
PROP_02654,2025-11-20,1099941,5,4.0,4089,28623,2.5,0,2010,0,Metro City,10004
PROP_02655,2025-10-30,588256,2,2.0,2372,7116,1.5,0,1981,0,Metro City,10004
PROP_02656,2026-03-18,418276,2,2.5,1973,7892,2.0,0,1991,0,Metro City,10002
PROP_02657,2026-05-12,480909,1,2.5,1947,3894,2.0,0,1972,0,Greenwood Valley,40082
PROP_02658,2025-09-07,186024,4,2.5,1348,6740,2.0,0,1973,0,Coastal Suburbs,20013
PROP_02659,2025-08-29,600015,2,2.5,2172,6516,1.0,0,1972,2023,Metro City,10003
PROP_02660,2026-04-09,511910,3,1.5,1988,3976,2.0,0,2000,2022,Tech Park District,30046
PROP_02661,2026-04-24,212534,4,1.5,1598,4794,2.0,0,1995,0,Coastal Suburbs,20011
PROP_02662,2025-12-25,376743,4,1.0,1415,8490,1.0,0,1975,2023,Greenwood Valley,40082
PROP_02663,2026-01-05,459140,2,2.5,2087,6261,2.0,0,2006,0,Coastal Suburbs,20013
PROP_02664,2026-02-19,214076,1,2.5,982,2946,2.0,0,1962,0,Metro City,10003
PROP_02665,2025-11-15,383152,2,1.5,1244,2488,1.0,1,2015,0,Coastal Suburbs,20012
PROP_02666,2025-07-15,253023,2,1.0,1311,6555,2.0,0,1959,0,Greenwood Valley,40082
PROP_02667,2025-12-23,242130,1,2.0,1153,4612,1.0,0,2002,0,Greenwood Valley,40081
PROP_02668,2026-05-09,519485,3,2.0,1942,11652,1.0,0,1996,2024,Greenwood Valley,40082
PROP_02669,2025-07-19,133815,4,1.5,811,2433,1.0,0,1978,0,Tech Park District,30046
PROP_02670,2025-09-03,211508,4,2.5,1012,4048,2.0,0,2002,0,Tech Park District,30045
PROP_02671,2025-08-11,271488,3,2.5,1344,6720,1.5,0,1954,0,Coastal Suburbs,20012
PROP_02672,2026-01-31,254364,1,1.0,1927,7708,2.0,0,2011,0,Coastal Suburbs,20013
PROP_02673,2025-11-13,576912,6,3.5,2856,22848,2.0,0,1963,0,Tech Park District,30046
PROP_02674,2025-10-06,426582,3,2.0,1823,9115,1.0,0,2004,0,Greenwood Valley,40082
PROP_02675,2025-06-04,291017,3,1.5,1249,3747,1.5,0,1985,0,Greenwood Valley,40082
PROP_02676,2025-10-12,155541,4,1.5,1119,5595,1.0,0,1994,0,Greenwood Valley,40081
PROP_02677,2025-12-14,225180,4,1.5,1390,5560,1.0,0,1964,0,Coastal Suburbs,20012
PROP_02678,2025-09-29,1397158,4,3.5,4339,17356,2.5,0,2004,0,Metro City,10003
PROP_02679,2026-01-15,257883,4,2.5,1283,6415,1.5,0,1964,0,Metro City,10003
PROP_02680,2025-10-15,1245816,5,3.0,3993,23958,2.5,0,1994,0,Metro City,10004
PROP_02681,2025-11-16,1280710,5,4.0,2878,11512,2.0,0,1982,2020,Tech Park District,30046
PROP_02682,2025-11-02,1011724,4,3.5,3142,15710,2.5,0,2011,0,Greenwood Valley,40081
PROP_02683,2026-03-26,319987,2,2.0,1855,9275,1.5,0,1960,2025,Greenwood Valley,40081
PROP_02684,2026-03-21,291592,2,1.5,2296,6888,2.0,0,1957,0,Greenwood Valley,40082
PROP_02685,2025-06-06,244032,1,2.5,1271,6355,1.5,0,1954,0,Metro City,10003
PROP_02686,2025-10-12,491100,2,2.0,1637,4911,2.0,0,1963,2019,Metro City,10002
PROP_02687,2026-05-01,940722,4,4.0,3778,15112,2.0,0,1997,0,Coastal Suburbs,20011
PROP_02688,2025-12-02,1528360,6,2.5,4022,16088,3.0,0,1965,0,Greenwood Valley,40082
PROP_02689,2026-05-21,441512,3,2.5,1832,10992,1.0,0,1974,0,Metro City,10004
PROP_02690,2025-09-29,285708,4,2.5,1249,7494,2.0,0,2005,2022,Greenwood Valley,40081
PROP_02691,2025-07-02,360355,4,2.0,1486,2972,1.0,0,1985,2016,Metro City,10004
PROP_02692,2026-05-08,394695,2,1.0,2205,4410,1.0,0,1973,0,Greenwood Valley,40081
PROP_02693,2025-07-31,308935,4,1.5,1507,6028,1.5,0,1988,0,Coastal Suburbs,20012
PROP_02694,2026-01-25,397265,1,2.5,1705,6820,1.0,0,1971,0,Tech Park District,30046
PROP_02695,2025-11-05,374544,4,1.0,1836,11016,1.5,0,1990,0,Tech Park District,30045
PROP_02696,2025-08-21,361550,4,2.0,2066,10330,1.0,0,1997,0,Metro City,10003
PROP_02697,2025-12-25,222632,2,1.0,1637,9822,1.5,0,1966,0,Greenwood Valley,40081
PROP_02698,2026-05-18,207975,4,1.0,1175,5875,2.0,0,2007,0,Tech Park District,30046
PROP_02699,2026-02-13,219915,2,2.0,972,2916,1.5,0,1950,2022,Coastal Suburbs,20011
PROP_02700,2026-05-27,269080,3,1.5,868,4340,2.0,0,1976,2022,Coastal Suburbs,20013
PROP_02701,2025-11-07,370962,2,2.5,1671,6684,2.0,0,2010,0,Metro City,10004
PROP_02702,2026-05-20,406293,2,2.0,1395,2790,1.0,0,2011,2018,Tech Park District,30046
PROP_02703,2025-07-31,547832,2,2.0,2209,13254,2.0,0,1958,0,Tech Park District,30045
PROP_02704,2026-04-24,318212,2,1.5,1501,7505,2.0,0,2010,0,Tech Park District,30046
PROP_02705,2025-10-30,331254,1,1.0,1386,2772,1.5,0,1988,0,Metro City,10001
PROP_02706,2025-12-06,630746,1,2.5,2369,4738,1.0,0,1998,2017,Metro City,10004
PROP_02707,2026-04-11,429442,3,2.5,2158,8632,1.0,0,1992,0,Coastal Suburbs,20013
PROP_02708,2025-09-22,355558,4,1.0,1631,9786,2.0,0,1989,0,Metro City,10002
PROP_02709,2025-09-21,382900,3,1.0,2188,6564,2.0,0,2001,0,Tech Park District,30045
PROP_02710,2025-08-08,322560,3,1.0,1792,3584,2.0,0,1994,0,Coastal Suburbs,20011
PROP_02711,2026-01-31,290940,4,2.5,2238,6714,2.0,0,1954,0,Tech Park District,30045
PROP_02712,2025-08-18,1193280,6,2.5,3520,28160,3.0,0,2003,0,Coastal Suburbs,20013
PROP_02713,2026-01-19,253952,1,2.5,1024,5120,1.0,0,2007,0,Coastal Suburbs,20012
PROP_02714,2026-04-07,1138757,6,2.5,4031,24186,3.0,0,1978,2019,Greenwood Valley,40081
PROP_02715,2025-12-09,392551,2,1.0,1547,3094,1.0,0,1983,2022,Tech Park District,30046
PROP_02716,2025-12-30,351480,1,1.5,1515,4545,1.5,0,2001,0,Coastal Suburbs,20012
PROP_02717,2026-05-26,387660,2,2.0,1820,10920,1.5,0,1954,0,Greenwood Valley,40082
PROP_02718,2026-03-09,280155,2,1.5,983,3932,1.5,0,1954,2018,Greenwood Valley,40081
PROP_02719,2026-01-28,183073,3,2.5,979,4895,1.5,0,1983,0,Greenwood Valley,40081
PROP_02720,2026-03-03,496522,3,2.0,2197,13182,2.0,0,1986,0,Tech Park District,30045
PROP_02721,2026-05-07,714318,1,1.5,2295,11475,2.0,0,2012,2019,Tech Park District,30046
PROP_02722,2025-09-20,1031525,4,4.0,3410,23870,2.5,0,1989,2023,Metro City,10002
PROP_02723,2025-10-05,406539,4,2.0,2151,4302,1.5,0,1950,0,Greenwood Valley,40081
PROP_02724,2026-05-15,158614,2,2.0,1117,4468,1.5,0,1975,0,Greenwood Valley,40081
PROP_02725,2026-04-02,586608,4,3.5,2904,23232,2.5,0,1995,0,Greenwood Valley,40081
PROP_02726,2025-07-12,370512,2,2.5,1494,2988,1.5,0,1957,0,Coastal Suburbs,20013
PROP_02727,2026-02-25,303408,4,1.5,1764,3528,1.0,0,1989,0,Tech Park District,30045
PROP_02728,2026-01-15,368160,4,1.0,2301,6903,1.0,0,2007,0,Coastal Suburbs,20013
PROP_02729,2026-02-26,348295,4,2.5,1699,6796,1.5,0,2014,0,Coastal Suburbs,20012
PROP_02730,2026-05-27,1483772,6,4.0,4276,21380,3.0,0,1987,0,Metro City,10003
PROP_02731,2025-12-03,656868,4,2.0,2104,10520,1.0,1,2002,0,Coastal Suburbs,20011
PROP_02732,2025-07-10,271744,4,2.5,2123,12738,1.0,0,1974,0,Metro City,10003
PROP_02733,2026-03-16,622633,5,4.0,2461,12305,2.0,0,1978,0,Metro City,10002
PROP_02734,2025-07-28,1218958,6,2.5,4498,13494,2.0,0,1951,0,Metro City,10003
PROP_02735,2025-07-02,388725,1,1.5,1825,10950,2.0,0,1974,0,Greenwood Valley,40081
PROP_02736,2026-03-08,1148346,6,3.0,4383,30681,2.0,0,1983,0,Tech Park District,30046
PROP_02737,2026-02-14,148500,4,2.5,825,4950,1.5,0,1998,0,Tech Park District,30045
PROP_02738,2025-09-12,525702,2,2.5,2137,6411,1.0,0,1966,0,Tech Park District,30046
PROP_02739,2026-03-21,477538,2,2.5,2113,4226,1.0,0,1966,0,Tech Park District,30045
PROP_02740,2026-03-02,290224,4,2.5,2134,4268,1.5,0,1954,0,Tech Park District,30045
PROP_02741,2025-08-16,403401,4,2.5,1656,6624,1.0,1,2003,0,Greenwood Valley,40082
PROP_02742,2025-08-24,372290,1,2.5,1262,6310,1.0,0,1960,2019,Greenwood Valley,40081
PROP_02743,2025-11-15,149490,2,1.0,906,3624,2.0,0,2000,0,Metro City,10002
PROP_02744,2026-02-22,323856,3,2.5,1384,8304,1.5,0,1971,0,Greenwood Valley,40081
PROP_02745,2026-01-13,199988,1,2.0,1156,3468,2.0,0,1972,0,Coastal Suburbs,20012
PROP_02746,2025-07-30,952269,5,3.5,2553,7659,2.5,0,1981,0,Greenwood Valley,40081
PROP_02747,2026-05-15,1015324,5,3.5,3362,26896,2.0,0,1989,0,Tech Park District,30046
PROP_02748,2025-09-14,394632,1,2.5,2088,12528,1.0,0,2004,0,Tech Park District,30046
PROP_02749,2026-03-26,434042,3,2.0,2107,8428,2.0,0,1981,0,Greenwood Valley,40081
PROP_02750,2026-02-06,145152,4,2.5,864,5184,2.0,0,1964,0,Tech Park District,30045
PROP_02751,2025-07-17,284160,1,1.5,2368,9472,2.0,0,1986,0,Coastal Suburbs,20011
PROP_02752,2026-02-17,911183,5,4.0,4123,20615,2.0,0,1989,0,Coastal Suburbs,20011
PROP_02753,2026-01-15,2572629,7,6.0,5261,26305,3.0,0,1999,0,Metro City,10002
PROP_02754,2025-06-29,5501798,8,5.0,7616,83776,3.0,1,1979,0,Coastal Suburbs,20011
PROP_02755,2026-01-19,237510,2,1.5,1015,2030,1.0,0,1965,0,Metro City,10003
PROP_02756,2025-08-07,314608,3,1.0,1484,2968,2.0,0,1953,0,Tech Park District,30046
PROP_02757,2026-02-18,1287342,5,4.0,4207,16828,3.0,0,1978,0,Metro City,10001
PROP_02758,2025-12-30,195580,4,1.5,1540,4620,1.5,0,1969,0,Tech Park District,30045
PROP_02759,2026-01-20,3011742,6,7.5,6197,61970,4.0,0,1987,0,Greenwood Valley,40082
PROP_02760,2026-03-16,754958,5,4.0,3578,10734,3.0,0,1997,0,Coastal Suburbs,20012
PROP_02761,2025-06-30,540462,2,2.5,2197,13182,2.0,0,1994,0,Greenwood Valley,40082
PROP_02762,2026-03-14,421155,1,2.5,2292,13752,1.0,0,1990,2017,Metro City,10003
PROP_02763,2026-01-23,278848,3,1.0,1121,4484,2.0,0,1996,2022,Metro City,10001
PROP_02764,2026-05-11,114240,2,2.5,952,4760,2.0,0,2002,0,Greenwood Valley,40081
PROP_02765,2025-11-05,956658,5,2.5,3842,23052,3.0,0,1982,0,Tech Park District,30046
PROP_02766,2025-06-12,1570506,5,2.5,4291,12873,2.5,0,1954,0,Metro City,10001
PROP_02767,2025-12-20,306862,2,1.0,2161,12966,2.0,0,2008,0,Coastal Suburbs,20012
PROP_02768,2025-10-09,226304,4,2.0,1664,6656,1.0,0,1990,0,Coastal Suburbs,20012
PROP_02769,2025-06-02,266445,4,1.5,1395,2790,1.0,0,1976,0,Coastal Suburbs,20012
PROP_02770,2025-09-20,993592,6,2.5,2901,14505,2.5,0,2000,2018,Coastal Suburbs,20012
PROP_02771,2026-03-24,245175,1,2.5,1401,4203,2.0,0,2004,2020,Tech Park District,30045
PROP_02772,2025-07-08,398235,3,1.0,2085,8340,2.0,0,2004,0,Greenwood Valley,40081
PROP_02773,2025-06-24,1340325,5,3.5,4140,20700,2.5,0,1962,2020,Coastal Suburbs,20011
PROP_02774,2026-01-03,304563,3,2.0,1011,2022,2.0,0,1963,2020,Tech Park District,30045
PROP_02775,2025-11-24,464616,1,2.5,1912,11472,2.0,0,2004,0,Greenwood Valley,40081
PROP_02776,2026-05-25,516305,1,1.0,1941,11646,1.0,1,1963,0,Tech Park District,30046
PROP_02777,2025-07-03,402675,4,2.0,1820,5460,1.0,0,1997,2025,Tech Park District,30046
PROP_02778,2026-03-05,197160,4,1.0,992,4960,2.0,0,1996,2017,Greenwood Valley,40081
PROP_02779,2025-07-01,263730,1,1.5,1770,3540,1.0,0,1991,0,Greenwood Valley,40082
PROP_02780,2025-07-06,410760,3,1.5,1956,3912,1.5,0,1954,0,Greenwood Valley,40082
PROP_02781,2026-01-28,378510,3,2.5,2294,6882,1.5,0,2000,2025,Greenwood Valley,40081
PROP_02782,2025-06-17,438774,1,1.0,2022,8088,1.5,0,1972,0,Coastal Suburbs,20012
PROP_02783,2025-10-25,442500,2,1.0,2360,4720,1.0,0,2008,2021,Metro City,10001
PROP_02784,2025-12-27,315736,2,1.5,1294,2588,1.0,0,2013,0,Coastal Suburbs,20013
PROP_02785,2025-09-01,156748,3,2.5,1052,5260,1.0,0,1983,0,Metro City,10002
PROP_02786,2025-08-09,244782,4,1.5,1094,3282,1.5,0,2012,2019,Tech Park District,30045
PROP_02787,2026-04-25,286497,1,2.0,1179,2358,1.5,0,1983,0,Metro City,10003
PROP_02788,2026-04-27,231154,3,1.5,1501,3002,2.0,0,1992,0,Greenwood Valley,40081
PROP_02789,2026-01-02,339304,4,2.5,2044,12264,1.0,0,2012,0,Metro City,10003
PROP_02790,2025-12-09,309354,1,2.5,2194,4388,1.0,0,1980,0,Tech Park District,30046
PROP_02791,2025-12-13,218870,2,1.0,1018,2036,1.5,0,1955,0,Metro City,10001
PROP_02792,2026-01-16,3440560,8,6.0,7415,44490,2.5,0,1973,0,Tech Park District,30046
PROP_02793,2025-12-11,441477,2,2.0,2241,11205,1.0,0,1976,0,Coastal Suburbs,20011
PROP_02794,2025-12-10,351641,3,2.5,1863,5589,1.5,0,1978,2017,Metro City,10002
PROP_02795,2025-07-12,443760,1,1.0,2064,12384,1.0,0,1963,0,Greenwood Valley,40081
PROP_02796,2026-05-16,1547287,5,3.5,3410,23870,2.0,0,1985,2023,Metro City,10004
PROP_02797,2026-05-05,321856,2,1.5,1712,3424,2.0,0,2000,0,Coastal Suburbs,20013
PROP_02798,2026-03-04,175341,4,2.5,831,1662,1.5,0,1991,0,Tech Park District,30046
PROP_02799,2025-08-08,712950,6,2.5,2910,20370,2.0,0,1979,0,Coastal Suburbs,20011
PROP_02800,2026-05-01,1496140,4,3.5,4416,26496,3.0,1,1993,0,Tech Park District,30045
PROP_02801,2025-11-26,427860,3,2.5,2377,9508,1.0,0,1977,0,Tech Park District,30045
PROP_02802,2025-07-31,165396,4,2.5,924,4620,1.0,0,1961,0,Greenwood Valley,40081
PROP_02803,2025-08-31,365050,1,2.0,1490,4470,1.0,0,1976,0,Metro City,10004
PROP_02804,2026-03-03,220698,2,2.5,1809,10854,1.0,0,1977,0,Coastal Suburbs,20012
PROP_02805,2025-12-19,108599,2,1.0,829,3316,1.5,0,2011,0,Coastal Suburbs,20011
PROP_02806,2026-02-26,419202,3,2.5,2218,8872,1.0,0,2011,0,Metro City,10004
PROP_02807,2025-08-05,220375,4,2.0,1075,6450,2.0,0,1978,0,Tech Park District,30046
PROP_02808,2025-09-23,291375,4,1.5,2331,4662,2.0,0,1979,0,Greenwood Valley,40081
PROP_02809,2025-06-02,1155636,6,2.5,4098,28686,3.0,0,2005,0,Tech Park District,30045
PROP_02810,2025-06-12,1678593,5,3.5,3606,14424,2.0,1,1957,2021,Greenwood Valley,40081
PROP_02811,2025-10-31,1005280,6,3.5,4120,24720,2.5,0,1956,0,Metro City,10003
PROP_02812,2026-01-24,674690,6,3.0,2546,7638,2.0,0,1960,0,Greenwood Valley,40082
PROP_02813,2026-05-11,483312,1,2.5,2090,10450,1.0,0,1984,2021,Metro City,10003
PROP_02814,2026-03-06,248062,1,1.0,882,3528,1.0,0,1982,2020,Tech Park District,30046
PROP_02815,2026-01-04,487176,2,2.0,2298,13788,1.5,0,2002,0,Greenwood Valley,40082
PROP_02816,2026-02-28,288652,2,2.0,1708,8540,1.0,0,1955,0,Coastal Suburbs,20012
PROP_02817,2025-12-12,465905,1,1.5,2167,4334,1.5,0,1957,0,Tech Park District,30045
PROP_02818,2025-09-26,299744,1,2.0,1292,2584,1.5,0,1959,0,Metro City,10003
PROP_02819,2025-10-05,259695,3,2.5,1791,8955,1.0,0,1955,0,Tech Park District,30045
PROP_02820,2026-01-22,321354,1,2.5,1623,8115,1.0,0,1998,0,Coastal Suburbs,20011
PROP_02821,2025-11-25,256968,4,2.0,1548,9288,2.0,0,1982,0,Tech Park District,30046
PROP_02822,2025-08-19,309181,1,1.0,1295,6475,2.0,0,2013,2020,Metro City,10002
PROP_02823,2025-10-20,8015699,6,6.0,8250,74250,4.0,1,1989,0,Greenwood Valley,40082
PROP_02824,2025-09-05,248320,3,2.5,1280,7680,1.0,0,2014,0,Metro City,10003
PROP_02825,2025-07-28,1393920,5,4.0,4356,26136,2.5,0,1976,0,Metro City,10004
PROP_02826,2025-06-17,242608,2,2.0,1028,6168,1.0,0,1965,0,Metro City,10003
PROP_02827,2026-05-05,233800,4,2.5,1670,8350,1.0,0,1965,0,Greenwood Valley,40082
PROP_02828,2026-01-01,259673,3,1.5,1501,9006,2.0,0,1964,0,Tech Park District,30045
PROP_02829,2026-04-11,368550,3,2.5,2340,11700,1.5,0,1997,2022,Greenwood Valley,40081
PROP_02830,2025-06-09,270737,4,2.5,895,3580,1.5,0,2011,2017,Coastal Suburbs,20013
PROP_02831,2025-10-02,158496,4,2.5,913,2739,1.5,1,1960,0,Tech Park District,30045
PROP_02832,2025-09-14,304150,1,2.0,1738,6952,1.0,0,2012,0,Tech Park District,30046
PROP_02833,2025-07-05,411742,3,2.5,1599,7995,1.0,0,1984,2016,Tech Park District,30046
PROP_02834,2025-07-22,4926080,8,5.0,7697,38485,4.0,0,2010,0,Tech Park District,30045
PROP_02835,2026-04-01,206752,3,2.5,923,5538,2.0,1,2004,0,Coastal Suburbs,20012
PROP_02836,2025-06-18,416196,4,1.0,2102,6306,1.5,0,1983,0,Metro City,10002
PROP_02837,2026-01-15,411010,1,1.0,1787,10722,1.5,0,1995,0,Tech Park District,30045
PROP_02838,2026-04-03,264217,3,1.5,1369,6845,1.0,0,1958,0,Greenwood Valley,40082
PROP_02839,2026-05-11,714343,5,3.5,2489,19912,2.5,0,1972,0,Greenwood Valley,40081
PROP_02840,2026-05-27,513750,3,2.5,2055,10275,2.0,0,1968,0,Metro City,10004
PROP_02841,2025-06-25,241995,1,1.5,1241,4964,2.0,0,1976,2023,Greenwood Valley,40081
PROP_02842,2025-10-04,282240,4,1.5,2352,9408,2.0,0,1961,0,Tech Park District,30045
PROP_02843,2025-06-23,244167,2,2.0,1661,6644,1.0,0,1969,0,Tech Park District,30045
PROP_02844,2025-12-23,167328,3,2.0,996,1992,2.0,0,1979,0,Metro City,10003
PROP_02845,2026-01-11,348528,4,2.5,2192,10960,2.0,0,1977,0,Metro City,10003
PROP_02846,2025-09-28,300076,2,2.5,1531,6124,1.0,0,1999,0,Tech Park District,30045
PROP_02847,2026-03-04,380325,3,1.0,2305,6915,1.0,0,2007,0,Greenwood Valley,40081
PROP_02848,2025-09-20,768504,5,3.0,2706,16236,2.0,0,1995,0,Coastal Suburbs,20013
PROP_02849,2025-06-29,535000,2,2.0,2140,8560,2.0,0,1981,0,Greenwood Valley,40082
PROP_02850,2025-08-11,2033612,6,4.0,4397,30779,2.0,0,1984,2017,Coastal Suburbs,20012
PROP_02851,2026-02-13,1885093,5,3.0,4475,26850,2.5,0,1999,2017,Coastal Suburbs,20013
PROP_02852,2025-10-27,438774,4,1.5,2022,10110,2.0,0,1990,0,Metro City,10003
PROP_02853,2025-09-28,183736,4,1.5,952,5712,1.0,0,1952,0,Tech Park District,30045
PROP_02854,2026-03-22,1109952,6,2.5,2952,20664,2.5,0,1981,0,Metro City,10004
PROP_02855,2025-11-11,416070,1,2.0,2070,10350,1.0,0,1953,0,Coastal Suburbs,20012
PROP_02856,2026-03-23,169814,1,1.0,862,1724,2.0,0,1997,0,Coastal Suburbs,20012
PROP_02857,2026-04-03,958300,5,2.5,2590,20720,3.0,0,2009,0,Coastal Suburbs,20011
PROP_02858,2026-05-11,1442175,5,3.5,4100,12300,2.5,1,1973,2023,Coastal Suburbs,20011
PROP_02859,2025-11-12,188180,4,1.0,970,1940,1.0,0,1971,0,Coastal Suburbs,20012
PROP_02860,2025-09-30,822976,4,3.5,2464,7392,2.5,0,1998,0,Metro City,10002
PROP_02861,2025-11-02,220025,3,1.0,1354,4062,1.5,0,1985,2017,Greenwood Valley,40082
PROP_02862,2025-08-13,4320170,6,6.0,5889,29445,2.5,1,1958,0,Metro City,10001
PROP_02863,2026-05-05,387362,2,2.5,1631,9786,1.0,0,2013,2024,Tech Park District,30046
PROP_02864,2026-02-22,796082,5,3.5,3941,15764,2.5,0,1984,0,Greenwood Valley,40081
PROP_02865,2025-09-22,1064880,4,4.0,3480,27840,3.0,0,1964,0,Tech Park District,30046
PROP_02866,2025-12-29,1226268,4,3.0,4443,26658,2.0,0,1962,0,Greenwood Valley,40082
PROP_02867,2025-11-01,911979,6,4.0,3753,18765,2.5,0,2001,0,Tech Park District,30045
PROP_02868,2025-10-19,972077,5,3.5,3587,10761,2.5,0,1967,0,Greenwood Valley,40082
PROP_02869,2025-07-02,246935,4,1.0,1885,11310,1.0,0,1958,0,Tech Park District,30045
PROP_02870,2026-03-13,382353,4,1.5,1641,9846,1.5,0,1955,0,Metro City,10002
PROP_02871,2026-03-30,154840,1,2.0,1106,2212,1.5,0,2006,0,Tech Park District,30045
PROP_02872,2025-08-29,295944,3,1.5,1672,6688,2.0,0,2009,0,Metro City,10004
PROP_02873,2026-04-17,238866,1,2.5,971,3884,1.0,0,2005,0,Metro City,10001
PROP_02874,2026-05-14,593635,4,2.5,2423,14538,2.5,0,2014,0,Greenwood Valley,40082
PROP_02875,2026-01-05,436516,1,2.5,1789,8945,1.0,0,1966,0,Tech Park District,30046
PROP_02876,2026-03-12,316000,2,2.0,2000,4000,1.5,0,1964,0,Coastal Suburbs,20011
PROP_02877,2026-02-09,286738,4,1.5,1201,6005,1.5,0,1956,2025,Greenwood Valley,40081
PROP_02878,2025-06-25,481346,1,2.0,2014,12084,1.5,0,2000,0,Metro City,10002
PROP_02879,2025-11-24,410550,2,2.0,2346,11730,1.0,0,2003,0,Metro City,10001
PROP_02880,2026-04-26,124476,4,1.0,943,4715,2.0,0,2000,0,Metro City,10001
PROP_02881,2026-05-10,312117,3,2.0,2067,8268,2.0,0,2000,0,Greenwood Valley,40081
PROP_02882,2025-12-13,435812,4,1.5,1972,9860,1.5,0,1974,0,Greenwood Valley,40081
PROP_02883,2026-02-24,1575200,4,4.0,4400,17600,2.0,0,1968,0,Metro City,10002
PROP_02884,2025-11-11,612255,1,2.5,2058,8232,1.0,0,1976,2024,Tech Park District,30046
PROP_02885,2026-05-23,1818339,6,3.0,3578,10734,2.0,1,1950,0,Greenwood Valley,40081
PROP_02886,2025-12-31,189168,2,1.5,855,1710,1.5,0,1990,2022,Tech Park District,30046
PROP_02887,2025-12-27,684204,5,3.5,3404,20424,2.5,0,1986,0,Metro City,10004
PROP_02888,2025-08-16,210735,2,1.0,1338,6690,1.0,0,1970,2022,Metro City,10003
PROP_02889,2025-11-01,363660,2,1.0,2204,4408,1.5,0,1965,2024,Tech Park District,30046
PROP_02890,2025-12-10,317060,4,1.5,1910,11460,1.0,0,2012,0,Tech Park District,30046
PROP_02891,2025-09-03,285570,3,1.0,1710,5130,1.5,0,1951,0,Greenwood Valley,40081
PROP_02892,2026-03-03,168176,3,2.0,914,1828,1.0,0,2009,0,Coastal Suburbs,20013
PROP_02893,2026-01-29,340950,3,1.0,2273,9092,1.0,0,1984,0,Greenwood Valley,40082
PROP_02894,2025-10-02,127200,3,1.0,1060,2120,2.0,0,2013,0,Metro City,10003
PROP_02895,2025-09-24,257172,3,1.0,1478,7390,2.0,0,1977,0,Metro City,10003
PROP_02896,2025-11-01,345150,2,2.5,1950,11700,2.0,0,2015,0,Coastal Suburbs,20012
PROP_02897,2026-05-29,154812,2,2.0,1164,3492,2.0,0,1996,0,Coastal Suburbs,20011
PROP_02898,2025-08-13,206192,2,2.0,1052,3156,1.5,0,1961,0,Greenwood Valley,40081
PROP_02899,2026-01-24,343232,4,2.5,1984,7936,1.0,0,2004,0,Tech Park District,30045
PROP_02900,2025-06-30,334482,3,2.0,1563,7815,2.0,0,1954,0,Coastal Suburbs,20011
PROP_02901,2026-03-15,1236270,5,3.0,2842,19894,2.5,0,2011,2019,Tech Park District,30045
PROP_02902,2025-12-29,615549,4,3.0,2433,12165,2.0,0,1980,0,Coastal Suburbs,20013
PROP_02903,2025-12-31,377307,4,1.0,2373,7119,1.5,0,2013,0,Coastal Suburbs,20011
PROP_02904,2026-03-13,830550,4,4.0,3955,23730,3.0,0,2013,0,Metro City,10001
PROP_02905,2026-02-27,406704,4,2.0,1776,10656,2.0,0,1975,0,Greenwood Valley,40081
PROP_02906,2025-08-08,295945,4,1.5,1885,3770,2.0,0,1975,0,Metro City,10003
PROP_02907,2025-12-16,418250,2,2.0,1750,8750,1.0,0,1996,0,Metro City,10004
PROP_02908,2025-10-03,266664,4,1.5,1626,8130,2.0,0,2014,0,Greenwood Valley,40081
PROP_02909,2025-10-09,257715,4,1.0,828,4140,1.5,0,1958,2018,Metro City,10004
PROP_02910,2025-09-13,290627,2,2.0,1151,6906,2.0,0,2014,2022,Greenwood Valley,40081
PROP_02911,2025-11-17,234398,2,2.0,1006,6036,2.0,0,1951,0,Metro City,10004
PROP_02912,2026-04-28,480112,3,1.0,2065,12390,1.5,0,1982,2023,Metro City,10001
PROP_02913,2025-07-11,1120136,6,3.0,3189,15945,2.5,0,1998,2023,Metro City,10003
PROP_02914,2026-01-17,215004,1,1.5,943,5658,2.0,0,2003,0,Coastal Suburbs,20012
PROP_02915,2025-12-07,257542,3,1.5,2111,4222,2.0,0,1977,0,Tech Park District,30046
PROP_02916,2025-07-18,1402132,6,3.0,4198,12594,2.0,0,2013,0,Coastal Suburbs,20013
PROP_02917,2026-03-02,703804,5,4.0,2804,11216,3.0,0,1959,0,Metro City,10003
PROP_02918,2025-09-06,1765132,6,3.5,3989,15956,2.5,0,1985,2020,Coastal Suburbs,20011
PROP_02919,2025-06-27,1230180,5,3.0,4242,16968,3.0,0,2011,0,Coastal Suburbs,20011
PROP_02920,2025-10-16,343344,1,2.5,1866,7464,2.0,0,1951,0,Coastal Suburbs,20011
PROP_02921,2025-12-11,264496,4,2.5,1084,2168,2.0,0,2015,0,Tech Park District,30046
PROP_02922,2026-05-11,492252,3,2.0,2159,8636,1.0,0,2001,0,Greenwood Valley,40082
PROP_02923,2026-04-06,141087,4,1.5,1077,5385,1.5,0,2005,0,Coastal Suburbs,20013
PROP_02924,2026-04-05,2819727,8,4.5,5433,70629,2.5,0,2002,0,Metro City,10003
PROP_02925,2025-06-21,199088,2,2.5,1082,3246,1.5,0,2004,0,Coastal Suburbs,20011
PROP_02926,2025-07-08,227981,4,1.0,923,2769,1.5,0,1984,0,Greenwood Valley,40081
PROP_02927,2025-09-05,578583,1,2.0,2381,14286,1.0,0,1979,0,Metro City,10003
PROP_02928,2026-03-28,216204,1,1.5,1676,8380,1.5,0,2005,0,Metro City,10004
PROP_02929,2026-05-10,323806,1,2.5,1603,6412,2.0,0,1989,0,Metro City,10001
PROP_02930,2026-03-14,570237,1,2.5,1862,7448,1.5,0,1988,2018,Tech Park District,30045
PROP_02931,2025-09-20,512394,2,2.0,2162,12972,2.0,0,1975,0,Metro City,10003
PROP_02932,2026-02-01,312435,4,2.0,2385,11925,2.0,0,2007,0,Coastal Suburbs,20011
PROP_02933,2025-09-15,776175,5,2.5,3275,26200,2.5,0,1995,0,Greenwood Valley,40081
PROP_02934,2025-11-18,328878,2,2.5,1661,6644,1.0,0,2002,0,Metro City,10004
PROP_02935,2025-11-03,258434,3,1.5,1382,6910,1.5,0,1960,0,Greenwood Valley,40082
PROP_02936,2025-06-08,246951,3,2.0,1193,7158,2.0,0,1995,0,Greenwood Valley,40081
PROP_02937,2025-09-17,336582,2,1.0,1333,2666,2.0,0,1970,2024,Greenwood Valley,40082
PROP_02938,2025-09-06,248880,1,2.5,1360,4080,1.0,0,1967,0,Coastal Suburbs,20011
PROP_02939,2025-07-31,251735,3,2.0,1265,3795,2.0,0,1994,0,Greenwood Valley,40082
PROP_02940,2026-02-01,386100,3,1.0,1404,7020,1.5,0,1985,2023,Greenwood Valley,40082
PROP_02941,2025-10-03,1015560,4,3.5,2821,19747,2.0,0,1959,0,Coastal Suburbs,20013
PROP_02942,2026-05-23,369210,2,1.5,1985,11910,1.0,0,1966,0,Greenwood Valley,40082
PROP_02943,2026-04-06,329268,3,2.5,2386,4772,1.0,0,1950,0,Coastal Suburbs,20012
PROP_02944,2026-05-27,553987,1,2.0,2370,14220,2.0,0,1994,2021,Tech Park District,30046
PROP_02945,2025-09-13,3410982,7,6.0,5338,48042,3.0,0,1953,0,Metro City,10002
PROP_02946,2025-12-21,926394,4,2.5,3381,23667,2.5,0,1980,0,Metro City,10004
PROP_02947,2025-10-01,1001616,6,2.5,4336,17344,3.0,0,1969,0,Greenwood Valley,40082
PROP_02948,2026-03-10,1348352,4,4.0,3664,29312,2.0,0,2015,0,Metro City,10001
PROP_02949,2025-11-12,1151052,6,3.0,4303,34424,2.5,0,1997,2023,Tech Park District,30046
PROP_02950,2025-10-23,999856,6,2.5,4048,16192,2.5,0,2006,0,Metro City,10003
PROP_02951,2025-12-12,148029,3,2.5,1113,2226,1.5,0,1982,0,Tech Park District,30045
PROP_02952,2026-01-25,415548,2,2.5,2037,12222,1.5,0,1970,0,Metro City,10004
PROP_02953,2026-03-01,312816,4,1.5,1596,9576,1.0,0,1996,0,Coastal Suburbs,20013
PROP_02954,2026-04-29,5125544,8,7.5,8486,118804,2.5,0,1968,0,Metro City,10002
PROP_02955,2025-12-01,292815,3,1.0,1446,8676,2.0,0,2011,2023,Metro City,10001
PROP_02956,2025-11-05,279630,3,1.5,1195,3585,1.0,0,1979,0,Greenwood Valley,40081
PROP_02957,2025-10-12,228096,4,2.0,1584,3168,2.0,0,2009,0,Coastal Suburbs,20013
PROP_02958,2025-12-02,219780,1,1.0,888,2664,1.5,0,1995,2024,Metro City,10002
PROP_02959,2026-02-18,1332697,5,2.5,2913,14565,2.0,0,1956,2022,Greenwood Valley,40081
PROP_02960,2026-02-10,300570,1,2.0,1241,6205,1.5,1,1971,0,Coastal Suburbs,20011
PROP_02961,2026-01-25,526103,4,2.0,2183,10915,1.0,0,1990,0,Greenwood Valley,40081
PROP_02962,2025-07-21,239778,3,1.5,1903,9515,1.0,0,2006,0,Metro City,10003
PROP_02963,2026-01-27,318711,3,2.0,2139,12834,1.5,0,1998,0,Coastal Suburbs,20013
PROP_02964,2025-11-11,301392,3,1.5,1932,7728,1.0,0,2013,0,Tech Park District,30046
PROP_02965,2025-09-13,253935,2,2.5,1881,7524,1.0,0,1991,0,Metro City,10003
PROP_02966,2025-12-07,350150,1,1.0,1192,2384,2.0,0,1966,2023,Coastal Suburbs,20012
PROP_02967,2025-11-08,374417,3,2.5,1679,3358,2.0,0,2008,0,Tech Park District,30045
PROP_02968,2025-12-29,153600,1,2.0,1280,5120,1.0,0,1973,0,Metro City,10001
PROP_02969,2025-06-24,344318,3,2.5,1558,7790,2.0,0,1996,0,Tech Park District,30046
PROP_02970,2026-03-16,325680,4,2.5,1416,2832,1.0,0,1991,0,Coastal Suburbs,20013
PROP_02971,2025-09-22,719190,3,2.5,2358,7074,1.0,0,1952,2017,Coastal Suburbs,20011
PROP_02972,2025-08-14,160875,4,1.5,825,3300,1.0,0,1971,0,Greenwood Valley,40082
PROP_02973,2025-06-09,238680,1,2.5,1105,6630,1.0,0,1964,0,Metro City,10004
PROP_02974,2025-10-12,355300,1,2.5,1615,3230,1.5,0,2005,2023,Metro City,10004
PROP_02975,2026-03-11,250560,3,1.0,1044,5220,2.0,0,2006,0,Metro City,10003
PROP_02976,2026-03-27,373833,3,2.5,1707,3414,2.0,0,1956,0,Coastal Suburbs,20011
PROP_02977,2026-03-24,1460875,4,3.0,4495,17980,2.0,0,1989,0,Tech Park District,30046
PROP_02978,2025-12-31,582504,2,2.5,1513,9078,1.5,1,2005,2023,Greenwood Valley,40081
PROP_02979,2025-10-30,720801,4,2.5,2547,17829,3.0,0,1982,0,Tech Park District,30045
PROP_02980,2025-08-18,281692,2,1.5,1587,7935,1.0,0,1958,2022,Tech Park District,30046
PROP_02981,2025-09-09,210150,2,1.5,1401,7005,1.5,0,1980,0,Greenwood Valley,40081
PROP_02982,2025-11-16,483616,3,1.5,2159,6477,2.0,0,1980,0,Greenwood Valley,40082
PROP_02983,2025-09-26,184077,1,2.0,1017,6102,2.0,0,1998,0,Metro City,10002
PROP_02984,2025-12-12,265914,4,1.0,1422,7110,2.0,0,1957,0,Metro City,10001
PROP_02985,2026-03-19,159874,2,2.0,1118,5590,2.0,0,1959,0,Metro City,10003
PROP_02986,2025-10-04,768483,6,2.5,2487,17409,3.0,0,1956,0,Coastal Suburbs,20012
PROP_02987,2026-02-11,307768,1,2.5,2108,10540,2.0,0,2011,0,Metro City,10003
PROP_02988,2026-03-09,364320,1,2.5,1760,3520,2.0,0,1994,0,Coastal Suburbs,20013
PROP_02989,2026-05-02,548451,4,2.5,2257,13542,2.0,0,1972,0,Tech Park District,30045
PROP_02990,2026-05-17,348300,2,1.0,1548,3096,2.0,0,1961,0,Metro City,10001
PROP_02991,2025-11-20,1330425,6,3.5,3645,29160,2.5,0,1962,0,Greenwood Valley,40081
PROP_02992,2025-10-10,312004,3,1.0,2026,12156,1.0,0,2001,0,Tech Park District,30045
PROP_02993,2026-02-06,6391393,9,7.5,7357,88284,2.5,0,1989,2018,Tech Park District,30045
PROP_02994,2026-04-25,222440,3,2.0,1340,4020,2.0,0,1961,0,Greenwood Valley,40081
PROP_02995,2026-02-07,348820,3,2.5,1630,9780,1.5,0,1963,0,Metro City,10001
PROP_02996,2026-01-22,825945,4,3.0,3239,19434,2.5,0,2013,0,Tech Park District,30046
PROP_02997,2025-08-26,1248534,5,3.0,3303,13212,2.5,0,1968,0,Greenwood Valley,40082
PROP_02998,2025-11-28,449268,4,2.5,1467,7335,1.0,0,1975,2021,Coastal Suburbs,20013
PROP_02999,2025-08-26,471042,3,2.0,2379,9516,2.0,0,1971,0,Metro City,10001
PROP_03000,2025-08-11,274456,2,2.5,1183,4732,2.0,0,1973,0,Tech Park District,30045
PROP_03001,2026-03-07,913104,4,3.5,4476,26856,3.0,0,1957,0,Greenwood Valley,40081
PROP_03002,2026-02-06,676347,2,1.5,2247,4494,1.5,1,1952,0,Coastal Suburbs,20013
PROP_03003,2025-09-03,682773,6,4.0,2501,10004,2.5,0,2006,0,Tech Park District,30045
PROP_03004,2026-03-05,1019304,6,4.0,3267,26136,2.5,0,2010,0,Tech Park District,30046
PROP_03005,2026-04-25,205320,2,1.0,1160,3480,2.0,0,1999,0,Metro City,10003
PROP_03006,2025-07-01,454515,3,1.5,2355,11775,1.5,0,1992,0,Tech Park District,30046
PROP_03007,2026-02-24,196730,2,1.5,824,4944,2.0,0,2002,2020,Tech Park District,30046
PROP_03008,2025-06-18,331830,4,1.0,1229,7374,1.0,0,1955,2022,Coastal Suburbs,20013
PROP_03009,2025-07-09,149625,3,1.0,875,4375,2.0,0,1969,0,Coastal Suburbs,20013
PROP_03010,2026-05-09,350796,4,1.0,1426,4278,1.5,0,1963,0,Metro City,10004
PROP_03011,2025-06-25,355046,1,2.0,1571,9426,1.5,0,1972,0,Coastal Suburbs,20012
PROP_03012,2025-06-04,148560,1,1.5,1238,4952,1.0,0,2015,0,Metro City,10004
PROP_03013,2025-12-29,285688,1,1.0,1742,3484,1.5,0,1976,0,Greenwood Valley,40081
PROP_03014,2025-08-10,2314368,5,2.5,4480,35840,2.5,1,2014,0,Metro City,10002
PROP_03015,2026-04-19,1166672,5,3.0,2863,11452,2.0,0,2013,2021,Tech Park District,30045
PROP_03016,2025-09-27,257563,1,1.0,1423,4269,2.0,0,1955,0,Coastal Suburbs,20011
PROP_03017,2025-07-05,148608,4,2.0,1161,2322,2.0,0,1958,0,Greenwood Valley,40082
PROP_03018,2026-05-29,213954,1,1.5,1014,2028,1.0,0,2006,0,Greenwood Valley,40082
PROP_03019,2025-08-17,250848,2,1.0,1072,2144,1.5,0,1952,0,Metro City,10002
PROP_03020,2025-06-05,155844,3,1.0,962,5772,1.5,0,1953,0,Coastal Suburbs,20011
PROP_03021,2025-09-20,252288,3,1.5,1728,5184,1.5,0,1951,0,Metro City,10003
PROP_03022,2026-02-14,1207806,4,2.5,4283,29981,3.0,0,1958,0,Coastal Suburbs,20011
PROP_03023,2026-01-20,177320,1,1.0,1240,6200,1.0,0,1989,0,Coastal Suburbs,20011
PROP_03024,2025-12-09,398125,1,1.5,1625,3250,1.5,0,1970,0,Tech Park District,30046
PROP_03025,2025-07-01,481954,1,2.5,2306,6918,2.0,0,1979,0,Tech Park District,30046
PROP_03026,2026-04-13,267997,4,1.5,1662,4986,1.5,0,1989,2025,Coastal Suburbs,20012
PROP_03027,2026-04-23,728156,5,3.0,2546,12730,3.0,0,1962,0,Tech Park District,30046
PROP_03028,2026-05-08,109440,4,1.5,912,5472,1.0,0,2011,0,Coastal Suburbs,20011
PROP_03029,2026-04-12,262416,4,2.5,1491,4473,1.0,0,1999,0,Coastal Suburbs,20012
PROP_03030,2026-02-03,244488,2,1.0,2004,8016,2.0,0,1953,0,Tech Park District,30046
PROP_03031,2026-05-04,353740,4,2.5,1538,3076,1.0,0,1980,0,Tech Park District,30045
PROP_03032,2026-02-05,424148,1,1.5,1982,7928,2.0,0,1996,0,Tech Park District,30046
PROP_03033,2025-06-09,963965,5,3.0,2641,7923,3.0,0,1952,0,Tech Park District,30046
PROP_03034,2025-06-04,245388,3,1.0,2028,12168,2.0,0,2001,0,Coastal Suburbs,20011
PROP_03035,2026-02-28,917728,4,4.0,3808,11424,3.0,0,1999,0,Metro City,10004
PROP_03036,2026-03-10,254497,1,2.0,1621,3242,1.5,0,2015,0,Greenwood Valley,40082
PROP_03037,2025-12-28,412490,4,2.0,1670,10020,2.0,0,1971,0,Tech Park District,30045
PROP_03038,2025-06-07,1015560,6,4.0,2730,8190,2.0,0,1993,0,Metro City,10003
PROP_03039,2025-06-09,1610112,4,3.5,3594,14376,3.0,1,1964,0,Greenwood Valley,40082
PROP_03040,2026-02-27,205352,1,2.0,1544,9264,1.5,0,1956,0,Greenwood Valley,40082
PROP_03041,2025-10-19,326155,3,2.0,1763,5289,1.5,0,1967,0,Metro City,10004
PROP_03042,2026-03-02,140320,4,1.0,877,5262,1.0,0,1983,0,Coastal Suburbs,20013
PROP_03043,2025-10-25,205088,3,2.5,884,2652,1.0,0,1987,0,Metro City,10003
PROP_03044,2025-06-09,196137,2,2.0,1147,4588,1.5,0,1960,0,Metro City,10004
PROP_03045,2026-02-13,484855,2,1.0,1979,7916,1.5,0,1997,0,Metro City,10004
PROP_03046,2026-05-24,226182,4,1.0,1518,9108,1.5,0,2007,0,Metro City,10001
PROP_03047,2026-05-12,985576,6,4.0,2824,8472,3.0,0,2004,0,Coastal Suburbs,20011
PROP_03048,2026-01-07,1206272,4,2.5,3968,19840,2.5,0,2011,0,Tech Park District,30046
PROP_03049,2025-08-31,269104,3,1.0,1936,7744,1.5,0,1989,0,Greenwood Valley,40082
PROP_03050,2025-07-25,385424,1,1.5,1853,9265,1.0,0,1992,0,Coastal Suburbs,20012
PROP_03051,2025-07-20,367233,2,2.0,2199,8796,1.0,0,2002,0,Metro City,10003
PROP_03052,2026-02-24,1694775,6,2.5,3830,15320,3.0,0,1955,2021,Metro City,10001
PROP_03053,2025-08-16,4194160,9,5.0,8144,40720,4.0,0,1956,0,Coastal Suburbs,20011
PROP_03054,2025-10-02,238000,4,2.5,1750,8750,2.0,0,1965,0,Tech Park District,30045
PROP_03055,2025-09-07,979439,4,4.0,2544,17808,2.5,1,1989,0,Tech Park District,30045
PROP_03056,2026-04-14,1140748,6,2.5,3668,14672,3.0,0,2010,0,Tech Park District,30045
PROP_03057,2026-02-25,391748,3,2.0,1646,8230,1.5,0,1970,0,Tech Park District,30045
PROP_03058,2025-10-08,305515,2,2.5,1247,3741,1.5,0,1955,0,Coastal Suburbs,20013
PROP_03059,2025-11-29,393621,4,2.0,2199,4398,1.5,0,1989,0,Metro City,10001
PROP_03060,2025-10-15,279462,2,1.5,1982,11892,1.5,0,2005,0,Greenwood Valley,40082
PROP_03061,2025-12-21,258083,4,1.0,1127,4508,1.0,0,1980,0,Tech Park District,30045
PROP_03062,2025-07-11,294803,1,1.0,1246,2492,2.0,1,1986,0,Coastal Suburbs,20012
PROP_03063,2025-12-09,317871,4,1.5,1647,3294,1.0,0,2009,0,Tech Park District,30046
PROP_03064,2025-12-25,378697,3,2.5,1903,9515,1.0,0,1965,0,Coastal Suburbs,20011
PROP_03065,2026-01-22,1279852,5,3.5,4252,17008,2.0,0,2015,0,Tech Park District,30046
PROP_03066,2026-03-17,155664,4,1.0,828,4968,2.0,0,1978,0,Coastal Suburbs,20012
PROP_03067,2025-10-03,422740,3,2.5,1838,3676,1.5,0,1951,0,Metro City,10001
PROP_03068,2026-05-23,1013885,6,2.5,2932,14660,2.5,1,1971,0,Metro City,10003
PROP_03069,2025-09-24,442596,4,1.0,1916,9580,1.0,0,1975,0,Greenwood Valley,40081
PROP_03070,2025-11-01,294804,1,1.5,1724,5172,1.0,0,1950,0,Coastal Suburbs,20013
PROP_03071,2026-05-17,378666,2,2.0,1962,3924,2.0,0,2012,0,Metro City,10002
PROP_03072,2025-07-12,186048,4,1.0,1216,3648,2.0,0,1970,0,Coastal Suburbs,20013
PROP_03073,2026-05-01,253708,2,1.5,1547,9282,2.0,0,1961,0,Metro City,10001
PROP_03074,2026-04-29,441271,2,1.5,1831,7324,1.0,0,2008,0,Greenwood Valley,40081
PROP_03075,2025-06-17,281750,1,2.5,1127,5635,2.0,0,1959,0,Coastal Suburbs,20013
PROP_03076,2025-07-18,345618,4,2.5,1899,3798,1.0,0,2006,0,Metro City,10002
PROP_03077,2025-12-25,392283,3,1.5,2349,4698,2.0,0,2007,0,Coastal Suburbs,20013
PROP_03078,2025-12-12,457405,3,1.5,2015,8060,1.0,0,1969,0,Metro City,10003
PROP_03079,2025-12-11,200600,3,2.5,1003,2006,1.5,0,1979,2022,Coastal Suburbs,20011
PROP_03080,2026-03-10,251034,3,2.5,1806,3612,1.0,0,1969,0,Greenwood Valley,40081
PROP_03081,2026-01-30,133152,1,1.5,876,5256,1.0,0,1986,0,Metro City,10003
PROP_03082,2025-06-29,463430,2,2.5,1915,11490,1.5,0,1978,0,Tech Park District,30046
PROP_03083,2026-04-23,456960,4,1.0,2240,11200,1.0,0,1958,0,Coastal Suburbs,20012
PROP_03084,2025-06-05,167552,4,2.0,952,4760,2.0,0,2003,0,Greenwood Valley,40081
PROP_03085,2026-05-26,422224,3,2.5,2399,4798,2.0,0,1993,0,Coastal Suburbs,20013
PROP_03086,2025-08-27,962742,5,3.0,3533,17665,3.0,0,2015,2021,Greenwood Valley,40082
PROP_03087,2025-07-13,360009,2,1.5,2353,14118,1.5,0,1984,0,Greenwood Valley,40082
PROP_03088,2026-02-11,510862,4,2.5,2111,4222,1.0,0,1972,0,Metro City,10002
PROP_03089,2026-01-09,809760,6,2.5,3360,20160,3.0,0,1987,0,Metro City,10004
PROP_03090,2026-04-27,253760,3,1.0,2080,6240,1.5,0,2015,0,Metro City,10003
PROP_03091,2025-11-17,704250,4,4.0,2817,19719,3.0,0,2013,2021,Tech Park District,30046
PROP_03092,2026-03-17,184458,2,2.0,866,2598,2.0,0,1987,0,Coastal Suburbs,20013
PROP_03093,2025-07-19,1173649,5,3.5,4237,21185,2.5,0,1998,0,Metro City,10001
PROP_03094,2026-02-26,447226,1,2.5,2171,4342,1.5,0,1990,0,Coastal Suburbs,20013
PROP_03095,2025-06-22,519715,4,1.0,2395,4790,2.0,0,1964,0,Tech Park District,30045
PROP_03096,2025-09-26,255150,1,2.5,1575,7875,1.0,0,1987,0,Metro City,10003
PROP_03097,2025-09-17,306600,1,1.0,1400,4200,1.0,0,2007,0,Tech Park District,30046
PROP_03098,2026-05-21,321874,1,2.5,1939,5817,1.5,0,2003,0,Tech Park District,30046
PROP_03099,2026-03-18,1141681,6,3.0,3671,25697,3.0,0,2001,0,Coastal Suburbs,20011
PROP_03100,2026-01-30,293637,3,1.0,1390,2780,1.5,0,2003,2020,Metro City,10001
PROP_03101,2025-10-17,140298,2,2.5,1047,6282,1.0,0,1971,0,Greenwood Valley,40082
PROP_03102,2025-06-24,263712,3,2.0,1241,2482,2.0,0,1985,2021,Coastal Suburbs,20011
PROP_03103,2025-07-09,540765,1,1.0,1773,5319,1.5,0,1966,2016,Tech Park District,30046
PROP_03104,2026-05-17,1201288,5,4.0,3212,19272,3.0,0,1997,0,Greenwood Valley,40081
PROP_03105,2025-10-22,514057,4,2.5,1732,8660,1.5,1,1975,0,Metro City,10003
PROP_03106,2026-03-06,1054080,5,4.0,3294,19764,2.0,0,1990,0,Coastal Suburbs,20012
PROP_03107,2026-03-16,1136013,4,3.5,3771,18855,3.0,0,1985,2019,Greenwood Valley,40081
PROP_03108,2026-05-03,1059357,5,4.0,3543,10629,2.0,0,2012,0,Coastal Suburbs,20012
PROP_03109,2025-06-17,260540,1,2.5,1861,9305,1.0,0,1988,0,Greenwood Valley,40082
PROP_03110,2025-08-31,421346,3,1.0,2206,8824,1.5,0,1973,0,Coastal Suburbs,20012
PROP_03111,2025-11-09,311032,3,2.0,2287,6861,1.5,0,1957,0,Greenwood Valley,40081
PROP_03112,2025-06-09,788528,4,4.0,3536,10608,2.5,0,1981,0,Tech Park District,30046
PROP_03113,2025-09-15,942450,4,4.0,3090,21630,2.0,0,1964,0,Tech Park District,30046
PROP_03114,2026-03-28,168000,4,2.5,800,4000,1.5,0,1977,2025,Metro City,10003
PROP_03115,2025-08-13,403312,4,2.5,2216,8864,2.0,0,1961,0,Coastal Suburbs,20012
PROP_03116,2026-05-31,367200,4,1.5,1632,8160,2.0,0,1958,0,Greenwood Valley,40082
PROP_03117,2025-12-21,681804,5,3.0,2889,11556,2.0,0,2002,0,Coastal Suburbs,20011
PROP_03118,2025-07-10,378820,3,2.5,1612,6448,1.5,0,1953,0,Greenwood Valley,40082
PROP_03119,2025-11-01,287091,2,2.0,1953,7812,1.5,0,2009,0,Coastal Suburbs,20012
PROP_03120,2025-08-23,691446,6,3.0,3423,17115,3.0,0,1953,0,Metro City,10001
PROP_03121,2026-03-16,195337,4,2.0,853,3412,2.0,0,2003,0,Coastal Suburbs,20011
PROP_03122,2025-10-02,151136,2,1.5,983,3932,1.0,0,1984,2017,Metro City,10001
PROP_03123,2026-03-18,249678,3,1.5,1746,8730,2.0,0,1972,0,Tech Park District,30046
PROP_03124,2025-12-17,387280,3,2.5,2060,8240,1.0,0,1982,0,Coastal Suburbs,20011
PROP_03125,2026-05-13,664134,4,4.0,3118,21826,3.0,0,2003,0,Greenwood Valley,40082
PROP_03126,2026-03-04,588840,3,1.0,2103,10515,1.0,0,1997,2019,Metro City,10002
PROP_03127,2025-11-17,226665,3,2.0,1679,3358,1.0,0,1978,0,Tech Park District,30046
PROP_03128,2025-12-14,273265,2,2.5,1333,5332,2.0,0,2015,2020,Tech Park District,30046
PROP_03129,2025-08-11,1346175,4,3.5,3474,13896,2.5,0,1966,2024,Tech Park District,30045
PROP_03130,2026-05-19,376585,1,1.5,1837,7348,2.0,0,1959,0,Greenwood Valley,40081
PROP_03131,2025-07-11,283650,3,1.0,1830,7320,1.0,0,1983,0,Tech Park District,30045
PROP_03132,2026-02-12,557600,5,3.5,2720,10880,2.0,0,2005,0,Tech Park District,30046
PROP_03133,2025-11-25,294400,4,1.5,1472,4416,1.0,0,1984,0,Tech Park District,30046
PROP_03134,2025-06-28,503472,5,3.0,2468,19744,2.5,0,1957,0,Coastal Suburbs,20013
PROP_03135,2025-07-21,526988,4,3.5,2596,15576,3.0,0,1993,0,Coastal Suburbs,20013
PROP_03136,2026-01-10,230295,3,1.5,1181,7086,1.0,0,1953,2021,Metro City,10001
PROP_03137,2025-09-27,886475,6,4.0,3005,21035,2.5,0,1999,0,Tech Park District,30046
PROP_03138,2025-07-09,1340790,4,3.0,3585,14340,2.0,0,1994,0,Greenwood Valley,40081
PROP_03139,2025-11-22,547500,2,1.0,2190,13140,1.5,0,1981,0,Tech Park District,30046
PROP_03140,2026-04-06,429275,1,2.5,1540,9240,2.0,0,1952,2020,Coastal Suburbs,20011
PROP_03141,2026-04-11,337760,3,2.5,2111,10555,1.0,0,2007,0,Tech Park District,30046
PROP_03142,2026-04-01,254336,3,1.0,1987,11922,1.0,0,2012,0,Greenwood Valley,40082
PROP_03143,2025-12-21,385170,1,2.5,1388,4164,2.0,0,1983,2020,Coastal Suburbs,20011
PROP_03144,2025-11-15,207740,2,1.0,1105,4420,2.0,0,1951,0,Greenwood Valley,40082
PROP_03145,2025-06-16,286200,4,1.0,1908,11448,2.0,0,1958,0,Coastal Suburbs,20013
PROP_03146,2026-04-21,530150,2,1.0,2305,11525,2.0,0,1966,2017,Coastal Suburbs,20012
PROP_03147,2025-10-18,164560,3,2.5,935,1870,1.5,0,1994,0,Greenwood Valley,40082
PROP_03148,2026-01-17,141363,1,1.5,1017,3051,1.0,0,1999,0,Tech Park District,30046
PROP_03149,2026-02-07,200778,2,1.0,921,4605,1.5,0,1998,0,Coastal Suburbs,20011
PROP_03150,2025-09-25,922500,6,4.0,2500,12500,2.0,0,1980,0,Tech Park District,30045
PROP_03151,2025-11-30,298506,3,2.5,2314,9256,1.5,0,1998,0,Greenwood Valley,40081
PROP_03152,2026-03-11,279936,2,2.5,1728,10368,2.0,0,1959,0,Greenwood Valley,40081
PROP_03153,2025-12-10,239861,2,1.0,1831,7324,1.5,0,1963,0,Metro City,10001
PROP_03154,2026-01-08,374928,4,2.0,1752,8760,2.0,0,2008,0,Greenwood Valley,40081
PROP_03155,2025-09-04,1133273,6,3.0,4033,32264,2.5,0,1985,0,Greenwood Valley,40081
PROP_03156,2026-05-15,1322458,6,3.0,4379,30653,2.5,0,1990,0,Metro City,10001
PROP_03157,2026-03-27,219924,2,1.5,1341,4023,1.0,0,1953,0,Metro City,10001
PROP_03158,2026-05-05,259065,4,2.5,1515,6060,1.5,0,2005,0,Metro City,10001
PROP_03159,2025-12-12,150540,2,2.0,965,1930,1.5,0,1975,0,Metro City,10004
PROP_03160,2025-07-14,167713,2,2.5,1261,3783,1.0,0,1983,0,Tech Park District,30045
PROP_03161,2026-04-13,853714,4,2.5,3082,15410,3.0,0,1979,0,Metro City,10004
PROP_03162,2025-10-30,851430,4,2.5,2810,11240,2.5,0,1963,0,Tech Park District,30046
PROP_03163,2025-10-05,3930480,9,5.0,8240,82400,2.5,0,2003,0,Metro City,10004
PROP_03164,2025-07-08,369840,4,1.0,1608,9648,1.5,0,1985,0,Greenwood Valley,40081
PROP_03165,2025-07-13,418610,2,2.0,2042,8168,1.5,0,1974,0,Tech Park District,30045
PROP_03166,2025-10-16,418705,3,2.5,1709,8545,2.0,0,2011,0,Tech Park District,30045
PROP_03167,2025-08-18,961590,5,2.5,3990,31920,2.5,0,1981,0,Coastal Suburbs,20013
PROP_03168,2025-12-12,314001,1,2.0,2259,4518,2.0,0,1994,0,Metro City,10001
PROP_03169,2026-05-31,307965,2,1.5,1257,2514,2.0,0,1969,0,Metro City,10004
PROP_03170,2026-04-21,549294,3,2.0,2206,6618,1.0,0,1987,0,Greenwood Valley,40081
PROP_03171,2025-08-18,1379400,6,2.5,4180,16720,3.0,0,1961,0,Coastal Suburbs,20013
PROP_03172,2025-12-17,279039,2,1.0,1979,11874,1.0,0,1977,0,Greenwood Valley,40082
PROP_03173,2025-11-10,1290471,4,4.0,3423,17115,2.5,0,2013,0,Coastal Suburbs,20012
PROP_03174,2025-12-02,142848,3,2.0,992,4960,1.5,0,2012,0,Coastal Suburbs,20012
PROP_03175,2025-07-25,219635,3,2.5,1417,4251,2.0,0,2000,0,Coastal Suburbs,20011
PROP_03176,2025-07-17,131690,2,2.0,1013,5065,2.0,0,1989,0,Tech Park District,30046
PROP_03177,2025-06-03,181008,4,1.5,1257,2514,1.0,0,1966,0,Coastal Suburbs,20012
PROP_03178,2025-11-05,2994801,7,6.0,4529,40761,2.5,0,1983,2023,Greenwood Valley,40082
PROP_03179,2026-01-14,330684,2,2.0,1621,9726,1.5,0,1964,0,Greenwood Valley,40082
PROP_03180,2025-12-02,158028,1,2.5,1013,3039,1.5,0,1988,0,Coastal Suburbs,20011
PROP_03181,2025-10-17,482792,3,1.0,2081,4162,1.5,0,1983,0,Greenwood Valley,40081
PROP_03182,2025-07-23,340380,3,2.5,1860,7440,1.0,0,1965,0,Metro City,10004
PROP_03183,2025-08-07,230584,2,1.5,1517,9102,1.5,0,1982,0,Greenwood Valley,40081
PROP_03184,2025-07-15,352488,1,1.5,1546,4638,1.5,0,1995,0,Tech Park District,30045
PROP_03185,2025-09-04,509082,1,1.0,2139,4278,1.5,0,1978,0,Metro City,10003
PROP_03186,2026-01-07,744168,6,3.0,3684,25788,2.5,0,1962,0,Metro City,10002
PROP_03187,2026-01-16,552544,4,2.5,2228,4456,1.5,0,1993,0,Greenwood Valley,40081
PROP_03188,2026-03-13,215760,3,2.0,1798,10788,1.5,0,1974,0,Metro City,10001
PROP_03189,2026-03-12,292365,1,2.5,1335,2670,2.0,0,1991,0,Coastal Suburbs,20011
PROP_03190,2026-02-18,375386,2,2.5,1661,6644,1.5,0,1990,0,Tech Park District,30045
PROP_03191,2025-12-26,541687,2,1.5,1926,9630,1.5,0,1955,2024,Coastal Suburbs,20013
PROP_03192,2025-07-23,343308,1,1.0,1876,11256,2.0,0,1950,0,Metro City,10003
PROP_03193,2025-06-14,415188,4,2.5,2089,6267,2.0,0,1956,2019,Coastal Suburbs,20012
PROP_03194,2025-07-16,588238,1,2.5,1969,5907,1.0,0,1998,2022,Metro City,10004
PROP_03195,2025-11-29,420903,1,2.0,2227,4454,2.0,1,2007,0,Coastal Suburbs,20011
PROP_03196,2026-03-11,200880,2,2.0,1116,6696,1.5,0,1989,0,Coastal Suburbs,20012
PROP_03197,2025-07-18,274113,4,2.0,2061,8244,1.5,0,1968,0,Greenwood Valley,40081
PROP_03198,2026-04-02,245088,3,2.5,1104,6624,2.0,0,1977,0,Coastal Suburbs,20011
PROP_03199,2026-04-03,180668,1,2.0,1457,8742,1.5,0,1969,0,Metro City,10004
PROP_03200,2025-11-14,149120,1,2.0,932,4660,1.5,0,1955,0,Metro City,10003
PROP_03201,2025-12-15,227745,3,1.0,945,5670,2.0,0,1970,0,Metro City,10003
PROP_03202,2025-06-07,328164,4,2.0,2001,8004,1.0,0,2003,0,Tech Park District,30046
PROP_03203,2025-10-28,268125,1,2.5,2145,6435,1.0,0,1995,0,Greenwood Valley,40082
PROP_03204,2025-12-29,193110,4,2.0,1230,4920,1.5,0,1966,0,Metro City,10001
PROP_03205,2025-12-16,300144,3,2.5,2028,4056,1.0,0,1966,0,Tech Park District,30046
PROP_03206,2025-07-14,313238,2,2.0,2071,8284,1.5,0,1967,2021,Greenwood Valley,40081
PROP_03207,2026-03-14,303372,4,1.5,1431,5724,1.5,0,2010,0,Metro City,10001
PROP_03208,2025-10-03,231154,4,2.0,1738,8690,1.0,0,1977,0,Coastal Suburbs,20012
PROP_03209,2026-03-20,492906,1,1.0,2181,4362,1.0,0,1981,0,Coastal Suburbs,20013
PROP_03210,2026-02-22,214400,1,1.0,1340,4020,1.0,0,1974,0,Greenwood Valley,40082
PROP_03211,2025-08-26,522990,2,2.5,1937,5811,2.0,0,1994,2021,Greenwood Valley,40082
PROP_03212,2026-05-17,363194,4,2.0,1586,9516,1.5,0,1999,0,Tech Park District,30046
PROP_03213,2025-12-12,168592,3,2.5,1028,3084,1.0,0,1993,0,Greenwood Valley,40081
PROP_03214,2025-08-26,213290,2,1.5,1385,6925,2.0,0,1983,0,Greenwood Valley,40082
PROP_03215,2025-08-11,481998,3,1.0,2211,8844,1.5,0,1977,0,Tech Park District,30046
PROP_03216,2025-10-16,140100,3,1.0,934,5604,1.0,0,1975,0,Greenwood Valley,40081
PROP_03217,2025-11-02,285284,3,2.0,1954,7816,1.0,0,1974,0,Greenwood Valley,40082
PROP_03218,2025-10-16,333984,4,2.5,2272,4544,1.0,0,1998,0,Coastal Suburbs,20012
PROP_03219,2026-02-08,522400,4,4.0,2612,13060,3.0,0,1992,0,Greenwood Valley,40082
PROP_03220,2025-08-14,6069926,7,7.5,6849,61641,3.0,0,1976,2020,Greenwood Valley,40081
PROP_03221,2025-07-03,234738,2,2.5,966,4830,2.0,0,2008,0,Greenwood Valley,40082
PROP_03222,2025-08-25,353802,2,1.0,2066,10330,2.0,0,2007,2016,Tech Park District,30045
PROP_03223,2026-01-09,406455,1,1.5,1659,3318,1.5,0,1988,0,Metro City,10003
PROP_03224,2025-10-20,284112,4,2.5,1973,7892,1.5,0,1971,0,Tech Park District,30046
PROP_03225,2026-01-02,222449,2,2.5,1229,2458,2.0,0,1994,0,Metro City,10002
PROP_03226,2025-11-01,242715,2,2.0,1471,8826,2.0,0,1997,0,Tech Park District,30045
PROP_03227,2026-02-03,320546,3,2.5,958,1916,1.5,1,1984,0,Metro City,10002
PROP_03228,2025-07-10,874618,5,3.0,4087,16348,2.0,0,1969,0,Tech Park District,30045
PROP_03229,2025-12-02,224880,1,1.5,1874,3748,1.0,0,2012,0,Greenwood Valley,40082
PROP_03230,2025-10-07,243129,3,2.5,804,2412,2.0,1,1976,0,Tech Park District,30046
PROP_03231,2025-10-05,259677,4,1.5,2013,12078,2.0,0,1971,0,Tech Park District,30046
PROP_03232,2026-04-17,315072,1,2.0,2188,6564,1.5,0,2010,0,Metro City,10003
PROP_03233,2026-02-09,293241,3,1.0,1339,5356,2.0,0,1956,0,Coastal Suburbs,20013
PROP_03234,2026-04-01,6675732,8,6.0,7184,86208,2.5,1,1954,2021,Coastal Suburbs,20013
PROP_03235,2026-04-12,974225,4,2.5,3325,23275,2.0,0,1967,0,Coastal Suburbs,20011
PROP_03236,2025-09-09,414180,4,1.0,2340,9360,1.5,0,1978,0,Coastal Suburbs,20011
PROP_03237,2026-01-21,324548,3,1.0,1876,5628,2.0,0,2006,0,Tech Park District,30046
PROP_03238,2025-07-25,216000,3,2.0,1800,5400,1.0,0,2008,0,Greenwood Valley,40081
PROP_03239,2025-08-09,175480,1,2.0,820,3280,1.5,0,1953,0,Coastal Suburbs,20012
PROP_03240,2025-11-03,188469,4,2.0,1461,8766,2.0,0,2000,0,Tech Park District,30045
PROP_03241,2025-06-04,644910,6,3.0,3071,12284,2.0,0,1982,0,Greenwood Valley,40082
PROP_03242,2025-12-20,127020,1,1.0,876,4380,2.0,0,1981,0,Metro City,10004
PROP_03243,2025-11-18,361089,1,2.0,2271,6813,1.0,0,2000,0,Coastal Suburbs,20012
PROP_03244,2026-04-14,260936,4,1.0,1352,2704,2.0,0,1992,0,Coastal Suburbs,20011
PROP_03245,2025-12-12,212364,2,1.5,1388,4164,1.0,0,1957,0,Coastal Suburbs,20012
PROP_03246,2025-11-16,328790,2,1.5,1342,4026,1.5,0,1962,0,Metro City,10002
PROP_03247,2026-01-12,355275,2,2.0,1579,3158,2.0,0,1973,0,Coastal Suburbs,20012
PROP_03248,2025-11-19,216618,4,2.0,914,5484,2.0,0,1996,0,Tech Park District,30046
PROP_03249,2026-01-07,581350,2,1.0,2114,10570,1.0,0,1981,2019,Metro City,10003
PROP_03250,2026-04-30,366597,2,1.0,2277,9108,1.5,0,2003,0,Greenwood Valley,40081
PROP_03251,2026-04-01,437100,2,2.0,1457,8742,2.0,0,2007,2019,Coastal Suburbs,20012
PROP_03252,2025-08-09,277830,2,1.0,1372,6860,1.0,0,1973,2024,Coastal Suburbs,20013
PROP_03253,2025-11-01,319200,1,1.5,1824,7296,1.0,0,1993,0,Coastal Suburbs,20011
PROP_03254,2025-11-12,144418,1,2.0,886,1772,1.5,0,1989,0,Metro City,10004
PROP_03255,2026-04-05,342540,2,2.0,1557,7785,1.5,0,1979,2021,Coastal Suburbs,20011
PROP_03256,2026-05-22,204340,2,1.5,1202,6010,1.5,0,1993,0,Metro City,10003
PROP_03257,2025-09-11,259750,4,2.0,2078,4156,2.0,0,1993,0,Coastal Suburbs,20011
PROP_03258,2026-02-01,328656,4,2.0,1968,7872,1.0,0,1994,0,Metro City,10003
PROP_03259,2025-11-08,111107,2,1.0,811,4055,1.0,0,2005,0,Greenwood Valley,40081
PROP_03260,2025-08-30,254475,4,2.0,1755,7020,1.0,0,1984,0,Tech Park District,30046
PROP_03261,2025-12-21,1091871,4,4.0,2959,23672,2.0,0,1950,0,Tech Park District,30046
PROP_03262,2025-11-11,280935,3,2.0,2081,4162,1.0,0,1997,0,Tech Park District,30045
PROP_03263,2025-10-28,414585,1,1.5,1665,8325,1.5,0,1953,0,Greenwood Valley,40081
PROP_03264,2026-05-22,420650,4,2.0,1790,3580,1.0,0,1971,2021,Tech Park District,30045
PROP_03265,2026-04-21,231872,4,2.0,1354,4062,1.0,0,1987,2020,Coastal Suburbs,20013
PROP_03266,2026-02-07,295536,3,1.5,2256,9024,1.0,0,1958,0,Metro City,10002
PROP_03267,2026-03-22,291442,1,2.0,1293,2586,2.0,1,1996,0,Greenwood Valley,40081
PROP_03268,2025-10-03,417508,3,2.5,1924,9620,1.0,0,1987,0,Greenwood Valley,40082
PROP_03269,2025-11-14,256601,1,2.5,1873,3746,2.0,0,1954,0,Greenwood Valley,40081
PROP_03270,2025-12-10,243504,1,2.0,1602,9612,2.0,0,1963,0,Tech Park District,30046
PROP_03271,2025-10-22,182476,1,1.0,1372,5488,2.0,0,1957,0,Greenwood Valley,40082
PROP_03272,2025-12-19,107012,3,1.5,863,3452,2.0,0,2003,0,Coastal Suburbs,20013
PROP_03273,2025-12-04,122598,1,2.5,882,3528,2.0,0,1953,0,Tech Park District,30045
PROP_03274,2025-07-29,236775,3,2.5,1925,7700,1.0,0,2005,0,Tech Park District,30045
PROP_03275,2026-03-16,314963,3,1.5,1507,3014,1.5,0,1965,0,Tech Park District,30045
PROP_03276,2025-09-11,219146,2,1.0,1501,4503,2.0,0,1992,0,Coastal Suburbs,20012
PROP_03277,2026-03-31,247588,4,1.0,1324,3972,1.5,0,1964,0,Metro City,10004
PROP_03278,2026-03-07,1026564,4,3.5,4444,17776,2.5,0,1954,0,Metro City,10004
PROP_03279,2025-09-01,217206,1,2.5,1097,4388,2.0,0,1991,0,Greenwood Valley,40081
PROP_03280,2026-05-16,892242,6,4.0,2542,20336,3.0,0,1966,0,Coastal Suburbs,20012
PROP_03281,2026-03-09,346110,1,1.0,1992,11952,2.0,0,1962,2020,Coastal Suburbs,20011
PROP_03282,2025-06-14,701100,6,2.5,3075,24600,3.0,0,1967,0,Metro City,10001
PROP_03283,2026-01-23,313546,3,1.0,1486,8916,1.5,0,1983,0,Coastal Suburbs,20013
PROP_03284,2026-05-29,1086514,4,4.0,4147,20735,3.0,0,2005,0,Tech Park District,30046
PROP_03285,2025-09-16,666063,6,2.5,2741,8223,2.5,0,1967,0,Greenwood Valley,40082
PROP_03286,2026-01-11,1376472,4,2.5,4146,24876,2.5,0,1979,0,Greenwood Valley,40081
PROP_03287,2025-10-28,148304,1,2.5,806,4836,2.0,0,1956,0,Greenwood Valley,40082
PROP_03288,2026-05-21,382800,2,1.5,2320,4640,1.5,0,1957,0,Coastal Suburbs,20013
PROP_03289,2025-07-06,131614,4,1.5,833,1666,1.5,0,1991,0,Coastal Suburbs,20012
PROP_03290,2025-12-27,625860,4,1.0,2196,13176,1.5,0,1964,2016,Coastal Suburbs,20012
PROP_03291,2026-05-11,375900,1,1.5,2148,10740,1.5,0,2002,0,Tech Park District,30045
PROP_03292,2026-02-11,1157460,4,3.0,3820,11460,2.5,0,2013,0,Greenwood Valley,40081
PROP_03293,2025-08-11,261625,1,1.0,1495,2990,2.0,0,1955,0,Tech Park District,30046
PROP_03294,2026-04-21,216701,1,2.0,1559,7795,1.5,0,1986,0,Coastal Suburbs,20012
PROP_03295,2025-11-03,116740,1,2.5,898,3592,1.0,0,2006,0,Coastal Suburbs,20012
PROP_03296,2025-10-02,202335,3,1.5,1645,8225,2.0,0,1980,0,Metro City,10001
PROP_03297,2025-10-08,636937,1,1.0,2370,11850,1.5,0,1952,2016,Metro City,10004
PROP_03298,2026-05-04,1309337,5,3.0,2831,14155,2.5,0,1966,2025,Tech Park District,30045
PROP_03299,2025-08-18,199044,2,2.5,873,2619,2.0,0,2013,0,Tech Park District,30045
PROP_03300,2026-01-03,1530760,5,4.0,3905,15620,2.5,1,1981,0,Greenwood Valley,40082
PROP_03301,2025-12-11,190074,2,2.5,802,4812,1.0,0,1955,0,Greenwood Valley,40082
PROP_03302,2025-07-08,125356,1,1.0,1036,2072,1.0,0,2014,0,Metro City,10002
PROP_03303,2026-01-16,950380,5,2.5,2501,17507,2.5,0,1995,0,Coastal Suburbs,20012
PROP_03304,2026-04-03,212652,1,2.5,1611,6444,1.5,0,1985,0,Greenwood Valley,40082
PROP_03305,2026-02-01,246048,4,1.5,1056,3168,1.5,0,1966,0,Tech Park District,30046
PROP_03306,2026-03-26,473722,1,1.5,2283,11415,1.0,0,1988,2022,Metro City,10003
PROP_03307,2025-12-23,364320,1,2.0,1584,9504,2.0,0,1977,2025,Tech Park District,30046
PROP_03308,2026-03-01,269120,1,1.0,1160,3480,2.0,0,2002,0,Greenwood Valley,40082
PROP_03309,2026-02-15,171990,2,2.5,1274,6370,2.0,0,2015,0,Tech Park District,30046
PROP_03310,2026-05-21,1074570,5,3.5,4214,25284,2.0,0,1982,0,Tech Park District,30045
PROP_03311,2026-01-01,370500,2,2.5,1900,7600,1.0,0,2001,0,Metro City,10001
PROP_03312,2026-03-06,283987,2,1.0,2347,11735,1.5,0,2002,0,Metro City,10003
PROP_03313,2025-06-19,1073280,5,3.5,4472,31304,2.5,0,1989,0,Metro City,10004
PROP_03314,2025-12-02,252200,2,1.5,1940,7760,1.5,0,1988,0,Tech Park District,30046
PROP_03315,2026-05-26,411501,4,1.5,1879,5637,2.0,0,1952,0,Tech Park District,30045
PROP_03316,2026-03-02,220524,4,1.0,1081,6486,2.0,0,1978,0,Tech Park District,30046
PROP_03317,2026-04-01,260026,2,1.0,1781,3562,1.5,0,1955,0,Coastal Suburbs,20011
PROP_03318,2026-04-23,852918,4,3.5,2655,18585,3.0,0,1980,2020,Greenwood Valley,40082
PROP_03319,2025-07-14,258210,2,2.0,1510,6040,1.0,0,2013,0,Tech Park District,30045
PROP_03320,2025-07-26,300168,3,1.5,1516,3032,1.5,0,1978,0,Metro City,10003
PROP_03321,2025-10-06,827572,6,3.5,2644,21152,3.0,0,2015,0,Coastal Suburbs,20011
PROP_03322,2026-05-03,259202,1,2.0,1189,4756,1.5,0,1957,0,Greenwood Valley,40082
PROP_03323,2026-05-07,190491,4,1.0,1351,4053,1.5,0,1995,0,Greenwood Valley,40082
PROP_03324,2025-11-29,402325,2,2.0,1694,8470,2.0,0,2015,2025,Metro City,10004
PROP_03325,2025-08-25,228137,2,2.5,1417,8502,1.5,0,2007,0,Coastal Suburbs,20013
PROP_03326,2026-04-28,246605,4,1.0,1333,6665,1.0,0,1961,0,Greenwood Valley,40082
PROP_03327,2026-04-10,952545,4,2.5,3036,15180,2.5,0,1992,2022,Tech Park District,30045
PROP_03328,2025-06-23,274120,4,2.5,1780,8900,1.5,0,1978,0,Coastal Suburbs,20012
PROP_03329,2026-03-16,262200,1,1.5,1725,6900,2.0,0,1970,0,Greenwood Valley,40081
PROP_03330,2026-04-27,1245672,4,3.0,3942,23652,2.5,0,1997,0,Tech Park District,30046
PROP_03331,2026-05-13,415956,3,1.5,2039,10195,1.5,0,1980,0,Tech Park District,30046
PROP_03332,2026-04-28,394552,1,2.0,1697,3394,1.5,0,2013,2023,Tech Park District,30045
PROP_03333,2025-12-22,316062,1,1.0,1951,9755,1.5,0,2007,0,Coastal Suburbs,20013
PROP_03334,2025-11-17,175392,2,2.5,928,3712,2.0,0,1984,0,Coastal Suburbs,20013
PROP_03335,2026-01-07,317460,4,1.5,1924,7696,1.5,0,1985,0,Coastal Suburbs,20013
PROP_03336,2025-07-25,293178,4,2.5,2238,13428,2.0,0,2007,0,Tech Park District,30045
PROP_03337,2025-06-06,413708,3,2.5,1753,3506,1.0,0,1974,0,Tech Park District,30045
PROP_03338,2025-07-21,1125910,4,4.0,3043,9129,3.0,0,2010,2019,Metro City,10003
PROP_03339,2025-10-11,210834,1,1.5,954,5724,2.0,0,2004,0,Greenwood Valley,40081
PROP_03340,2025-09-22,247698,4,2.5,1782,8910,1.0,0,2014,0,Metro City,10004
PROP_03341,2026-02-17,302556,2,1.5,1327,6635,1.5,0,2006,0,Tech Park District,30046
PROP_03342,2026-02-21,444366,4,1.0,2106,8424,2.0,0,2008,0,Greenwood Valley,40081
PROP_03343,2026-03-13,182196,2,1.5,1446,4338,2.0,0,1974,0,Tech Park District,30046
PROP_03344,2026-03-25,2140173,4,3.5,3798,18990,2.0,1,1962,2021,Metro City,10002
PROP_03345,2026-05-19,1332810,4,2.5,3765,11295,2.5,0,1950,0,Tech Park District,30045
PROP_03346,2026-03-22,228580,4,1.5,1039,3117,1.0,0,1988,0,Metro City,10004
PROP_03347,2025-09-22,320968,3,1.5,1514,6056,1.0,0,1981,0,Coastal Suburbs,20011
PROP_03348,2026-01-15,302470,1,1.5,1490,5960,2.0,0,1958,0,Coastal Suburbs,20013
PROP_03349,2025-12-09,340328,2,1.0,2239,11195,1.0,0,1997,0,Tech Park District,30046
PROP_03350,2025-12-18,311593,3,1.5,1475,5900,1.5,0,2000,2025,Coastal Suburbs,20011
PROP_03351,2026-01-24,521131,2,2.5,2095,8380,2.0,0,2014,2019,Coastal Suburbs,20012
PROP_03352,2026-05-14,944536,5,4.0,3191,22337,2.0,0,1952,0,Greenwood Valley,40081
PROP_03353,2026-03-29,183821,2,1.0,983,5898,1.0,0,1977,0,Tech Park District,30045
PROP_03354,2026-05-20,228656,4,1.5,922,5532,2.0,0,2011,0,Tech Park District,30045
PROP_03355,2026-02-12,459903,1,1.5,1847,5541,2.0,0,1974,0,Metro City,10001
PROP_03356,2025-08-17,474717,1,2.0,2073,8292,1.5,0,1960,0,Metro City,10001
PROP_03357,2025-11-24,364131,2,1.0,1435,2870,1.0,0,1984,2024,Metro City,10004
PROP_03358,2025-06-13,1025484,4,2.5,3524,14096,2.0,0,2013,0,Metro City,10001
PROP_03359,2026-02-03,230112,1,1.0,1504,6016,2.0,0,1960,0,Coastal Suburbs,20011
PROP_03360,2025-07-24,361882,1,1.0,1281,6405,1.5,0,1990,2025,Greenwood Valley,40081
PROP_03361,2025-10-30,666616,5,3.5,3236,19416,2.0,0,1959,0,Coastal Suburbs,20011
PROP_03362,2025-12-30,1038818,5,3.0,4106,12318,3.0,0,1988,0,Metro City,10001
PROP_03363,2025-07-14,297562,4,1.5,1058,2116,1.0,0,1954,2021,Coastal Suburbs,20013
PROP_03364,2025-07-30,205164,1,2.0,1251,3753,1.5,0,1989,0,Coastal Suburbs,20012
PROP_03365,2025-08-12,3177865,9,4.5,5585,61435,3.0,0,1991,0,Metro City,10003
PROP_03366,2025-11-26,533215,2,1.5,2269,9076,1.0,0,1987,0,Metro City,10004
PROP_03367,2025-11-07,176640,1,1.0,1280,7680,2.0,0,2000,0,Coastal Suburbs,20012
PROP_03368,2025-11-23,286231,1,2.0,1117,2234,2.0,0,2014,2022,Greenwood Valley,40082
PROP_03369,2026-01-20,170820,2,2.0,1095,6570,1.0,0,1991,0,Metro City,10003
PROP_03370,2025-09-14,286080,2,1.0,1192,5960,1.0,0,1976,0,Tech Park District,30046
PROP_03371,2026-02-22,439668,4,2.0,1863,7452,1.0,0,1982,0,Coastal Suburbs,20011
PROP_03372,2026-02-03,296810,1,2.0,2215,4430,1.5,0,1959,0,Metro City,10002
PROP_03373,2025-11-26,1194750,5,2.5,4425,13275,2.0,0,2015,0,Coastal Suburbs,20013
PROP_03374,2026-01-30,263764,2,1.5,2162,8648,2.0,0,1986,0,Tech Park District,30045
PROP_03375,2025-07-20,207711,2,2.5,1099,4396,1.5,0,1984,0,Coastal Suburbs,20012
PROP_03376,2026-01-11,978219,6,4.0,2651,7953,2.0,0,1966,0,Coastal Suburbs,20013
PROP_03377,2026-05-23,253440,4,2.5,1024,2048,1.0,0,2015,2021,Coastal Suburbs,20013
PROP_03378,2026-01-18,598417,3,1.5,2186,10930,1.0,0,2002,2025,Tech Park District,30045
PROP_03379,2025-11-11,761530,6,2.5,2408,7224,2.0,0,1978,2016,Tech Park District,30045
PROP_03380,2025-07-05,283010,4,2.0,1555,7775,2.0,0,1973,0,Metro City,10004
PROP_03381,2025-11-01,210759,1,2.0,1293,5172,1.5,0,1972,0,Coastal Suburbs,20012
PROP_03382,2025-06-23,208189,1,2.0,1209,7254,2.0,1,1993,0,Metro City,10004
PROP_03383,2026-05-30,414154,3,1.5,1874,3748,1.5,0,1969,0,Tech Park District,30045
PROP_03384,2025-07-29,222347,1,2.5,1178,5890,1.5,0,1956,2021,Greenwood Valley,40082
PROP_03385,2025-06-12,315445,1,2.0,1495,5980,1.0,0,1997,0,Metro City,10003
PROP_03386,2025-11-23,214236,3,1.5,1082,2164,1.5,0,1968,0,Greenwood Valley,40082
PROP_03387,2026-04-28,200502,1,1.5,846,2538,2.0,0,1972,0,Greenwood Valley,40081
PROP_03388,2025-07-26,212972,2,1.0,1439,5756,1.5,0,1981,0,Metro City,10002
PROP_03389,2026-05-13,176484,3,1.5,924,2772,1.0,0,1958,0,Tech Park District,30046
PROP_03390,2025-08-24,320256,1,2.0,1668,6672,1.5,0,1981,0,Metro City,10001
PROP_03391,2025-10-03,1190107,5,3.5,2966,23728,2.0,0,1953,2018,Greenwood Valley,40081
PROP_03392,2026-02-20,487625,4,2.5,2075,10375,2.0,0,1973,0,Greenwood Valley,40081
PROP_03393,2025-08-29,161214,2,2.0,831,4155,2.0,0,1998,0,Greenwood Valley,40082
PROP_03394,2026-03-10,169344,4,1.0,882,4410,1.0,0,2013,0,Greenwood Valley,40082
PROP_03395,2025-08-21,213330,1,1.0,1094,5470,1.0,0,1966,2021,Tech Park District,30045
PROP_03396,2025-11-17,423156,2,1.5,2364,14184,1.0,0,1977,0,Coastal Suburbs,20011
PROP_03397,2026-03-14,3056760,9,6.0,7278,65502,3.0,0,2012,0,Metro City,10004
PROP_03398,2026-01-05,1929970,4,3.5,4424,30968,2.5,0,1957,2023,Tech Park District,30045
PROP_03399,2026-01-23,261356,4,1.0,1172,5860,1.5,0,1972,0,Metro City,10003
PROP_03400,2025-09-27,1237788,6,3.5,3942,31536,3.0,0,1958,0,Tech Park District,30046
PROP_03401,2025-12-25,378157,1,1.0,1531,7655,2.0,0,1983,0,Greenwood Valley,40082
PROP_03402,2026-04-19,566200,4,2.0,2384,14304,2.0,0,1989,2023,Tech Park District,30045
PROP_03403,2025-09-03,339621,1,2.0,1433,8598,1.5,0,1964,0,Coastal Suburbs,20012
PROP_03404,2025-09-04,530712,2,2.5,2268,11340,2.0,0,2009,0,Metro City,10004
PROP_03405,2026-04-24,5405898,8,6.0,7369,51583,3.0,1,1963,0,Greenwood Valley,40082
PROP_03406,2026-05-03,219870,3,2.0,1047,3141,1.5,0,1993,0,Metro City,10003
PROP_03407,2026-01-08,458218,1,2.5,1705,3410,1.5,0,1993,2016,Greenwood Valley,40081
PROP_03408,2025-12-20,211717,1,2.0,1013,3039,1.5,0,1972,0,Metro City,10001
PROP_03409,2025-06-15,365721,3,2.5,1717,5151,1.5,0,1993,0,Coastal Suburbs,20013
PROP_03410,2026-04-11,1339820,4,4.0,4322,21610,3.0,0,1991,0,Coastal Suburbs,20012
PROP_03411,2025-09-10,768690,6,3.5,3285,19710,2.5,0,1969,0,Greenwood Valley,40082
PROP_03412,2026-01-17,225239,1,2.5,1399,8394,1.5,0,1998,0,Coastal Suburbs,20011
PROP_03413,2026-03-31,160384,4,2.5,896,5376,1.5,0,2006,0,Metro City,10001
PROP_03414,2026-01-06,389376,2,1.0,2304,13824,1.5,0,1972,0,Metro City,10001
PROP_03415,2025-12-17,402415,1,2.5,1963,9815,2.0,0,1982,0,Metro City,10004
PROP_03416,2025-06-03,121216,3,2.0,947,1894,2.0,0,1971,0,Tech Park District,30045
PROP_03417,2026-05-27,191841,1,2.0,919,4595,1.0,0,1962,2017,Greenwood Valley,40082
PROP_03418,2025-09-18,413648,4,2.5,2008,6024,2.0,0,2005,0,Greenwood Valley,40082
PROP_03419,2025-09-14,152484,2,2.0,1164,3492,1.0,0,1986,0,Metro City,10003
PROP_03420,2025-10-21,399545,2,1.5,1949,9745,1.5,0,2014,0,Metro City,10004
PROP_03421,2026-05-27,953536,4,4.0,2536,7608,2.5,0,2010,0,Greenwood Valley,40082
PROP_03422,2025-07-03,599872,6,2.5,2884,8652,2.0,0,1994,0,Greenwood Valley,40081
PROP_03423,2026-03-23,144362,3,1.5,1102,3306,1.5,0,1984,0,Coastal Suburbs,20011
PROP_03424,2025-07-23,252080,2,2.0,1370,8220,2.0,0,2002,0,Metro City,10004
PROP_03425,2026-03-02,268095,4,2.0,1465,5860,1.0,0,1975,0,Metro City,10002
PROP_03426,2025-09-04,122624,3,2.5,958,4790,2.0,0,1989,0,Greenwood Valley,40081
PROP_03427,2025-12-05,175409,4,2.0,1339,5356,1.0,0,1983,0,Greenwood Valley,40081
PROP_03428,2025-11-14,195075,4,2.5,867,3468,1.0,0,1971,0,Greenwood Valley,40081
PROP_03429,2025-09-09,6107787,8,7.5,7235,65115,3.0,1,1951,0,Greenwood Valley,40081
PROP_03430,2026-01-21,242985,1,2.5,1455,7275,2.0,0,2001,0,Tech Park District,30045
PROP_03431,2025-07-29,168379,4,2.0,1033,3099,1.5,0,2008,0,Metro City,10001
PROP_03432,2025-10-13,195261,2,1.5,1067,6402,1.0,0,1982,0,Metro City,10004
PROP_03433,2026-05-10,892620,5,4.0,2755,16530,2.5,0,1970,0,Greenwood Valley,40082
PROP_03434,2026-02-06,1435798,6,3.0,4186,25116,2.0,0,1977,0,Tech Park District,30046
PROP_03435,2026-02-26,341695,2,2.5,1847,5541,1.5,0,1995,2025,Tech Park District,30045
PROP_03436,2026-04-24,264875,4,2.5,2119,12714,1.0,0,2011,0,Coastal Suburbs,20012
PROP_03437,2025-11-08,203368,1,1.0,1181,3543,1.5,1,1975,0,Greenwood Valley,40082
PROP_03438,2026-04-02,457545,1,1.5,1947,3894,1.0,0,1961,0,Metro City,10003
PROP_03439,2025-12-16,762256,5,4.0,3124,18744,3.0,0,1968,0,Metro City,10002
PROP_03440,2026-04-09,424194,4,2.5,2318,6954,2.0,0,2000,0,Tech Park District,30046
PROP_03441,2025-12-18,1111341,4,4.0,3113,21791,2.0,0,1994,0,Coastal Suburbs,20011
PROP_03442,2026-03-28,961910,6,2.5,4474,13422,3.0,0,1983,0,Metro City,10004
PROP_03443,2025-07-29,167200,2,2.5,1100,4400,1.5,0,1973,0,Coastal Suburbs,20011
PROP_03444,2025-11-26,347284,2,1.5,2212,11060,1.0,0,1963,0,Tech Park District,30045
PROP_03445,2025-11-28,267701,1,1.0,1603,9618,2.0,0,2006,0,Tech Park District,30045
PROP_03446,2026-01-21,496836,4,2.0,2238,4476,1.5,0,1972,0,Metro City,10001
PROP_03447,2026-04-13,1188754,4,3.0,4142,24852,3.0,0,2009,0,Tech Park District,30046
PROP_03448,2025-08-28,313725,4,2.0,1780,3560,2.0,0,1977,2018,Coastal Suburbs,20013
PROP_03449,2026-05-11,404700,1,1.0,1900,7600,1.5,0,1956,0,Metro City,10004
PROP_03450,2026-05-28,333688,3,1.0,1574,7870,2.0,0,1995,0,Coastal Suburbs,20012
PROP_03451,2025-10-31,3087663,9,7.5,6163,30815,4.0,0,1998,0,Metro City,10004
PROP_03452,2026-04-11,316848,3,1.5,1722,3444,2.0,0,1969,0,Tech Park District,30046
PROP_03453,2026-03-30,343602,2,1.0,1818,9090,1.5,0,1968,0,Metro City,10004
PROP_03454,2025-07-14,405226,2,1.0,2267,13602,1.5,0,1953,2020,Metro City,10002
PROP_03455,2026-05-11,155520,3,1.0,864,2592,2.0,0,1991,0,Greenwood Valley,40081
PROP_03456,2025-08-08,356277,1,1.0,1411,5644,1.0,0,1961,2021,Coastal Suburbs,20011
PROP_03457,2025-11-08,4309983,8,5.0,4769,57228,2.5,0,1958,2022,Greenwood Valley,40081
PROP_03458,2025-07-31,872807,5,4.0,2749,21992,2.5,0,1981,2024,Coastal Suburbs,20011
PROP_03459,2025-10-01,300655,4,2.5,1915,11490,1.0,0,1954,0,Coastal Suburbs,20012
PROP_03460,2025-11-04,1256807,6,3.5,3797,26579,3.0,0,1988,0,Coastal Suburbs,20013
PROP_03461,2025-07-30,355725,1,1.0,1674,5022,1.5,0,1963,2021,Metro City,10004
PROP_03462,2025-09-02,220188,1,1.5,1244,7464,1.5,0,2003,0,Coastal Suburbs,20013
PROP_03463,2025-12-09,193170,1,2.5,822,3288,1.5,0,1952,0,Tech Park District,30046
PROP_03464,2026-05-22,480525,2,2.5,2235,8940,1.5,0,1980,0,Coastal Suburbs,20012
PROP_03465,2025-08-12,334335,3,1.0,2157,10785,2.0,0,2004,0,Coastal Suburbs,20011
PROP_03466,2026-02-17,377606,4,1.5,2055,6165,1.0,0,1998,2024,Coastal Suburbs,20011
PROP_03467,2025-12-16,269094,4,2.0,1806,7224,1.0,0,1968,0,Greenwood Valley,40082
PROP_03468,2026-01-01,844562,5,3.5,3737,11211,2.5,0,2005,0,Tech Park District,30045
PROP_03469,2026-04-02,985384,5,2.5,3329,23303,2.5,0,2011,0,Coastal Suburbs,20013
PROP_03470,2025-08-10,132570,1,2.0,982,3928,1.0,0,1995,0,Tech Park District,30046
PROP_03471,2026-03-22,168072,3,2.0,1128,6768,2.0,0,1976,0,Greenwood Valley,40081
PROP_03472,2025-12-14,408693,3,1.5,1535,9210,2.0,0,1963,2023,Greenwood Valley,40082
PROP_03473,2026-01-03,423360,3,2.5,2240,13440,1.0,0,1979,0,Greenwood Valley,40082
PROP_03474,2025-09-04,288172,2,2.5,998,1996,1.5,0,1997,2021,Greenwood Valley,40081
PROP_03475,2026-02-05,5198130,8,6.0,7805,39025,3.0,0,1993,0,Tech Park District,30046
PROP_03476,2026-04-22,146150,4,1.5,925,5550,2.0,0,1992,0,Coastal Suburbs,20013
PROP_03477,2026-03-03,187350,2,2.0,1249,2498,1.5,0,1983,0,Tech Park District,30045
PROP_03478,2026-05-22,272532,1,2.5,1747,8735,1.0,0,1996,0,Metro City,10003
PROP_03479,2026-04-27,290500,3,1.5,2324,11620,2.0,0,1975,0,Metro City,10003
PROP_03480,2025-08-28,423115,2,1.0,1727,8635,2.0,0,1991,0,Greenwood Valley,40082
PROP_03481,2026-03-12,461020,3,1.0,2072,8288,1.0,0,1985,2022,Metro City,10001
PROP_03482,2025-08-25,359022,3,1.0,2258,4516,1.5,0,1969,0,Metro City,10003
PROP_03483,2026-02-06,105848,2,1.0,808,2424,2.0,0,1958,0,Coastal Suburbs,20012
PROP_03484,2025-10-26,441482,4,1.5,2063,12378,1.0,0,1991,0,Metro City,10003
PROP_03485,2025-08-11,398670,1,2.0,2055,10275,1.5,0,1990,0,Greenwood Valley,40081
PROP_03486,2025-09-04,237600,4,1.5,1200,3600,1.0,0,2003,0,Tech Park District,30046
PROP_03487,2025-11-09,252850,2,1.0,1945,5835,1.5,0,1965,0,Metro City,10002
PROP_03488,2026-01-17,452952,3,2.0,1991,3982,1.0,0,1987,2017,Metro City,10004
PROP_03489,2026-04-14,326388,2,1.5,1383,4149,2.0,0,1964,0,Greenwood Valley,40082
PROP_03490,2025-06-28,256608,2,1.0,1584,3168,1.5,0,1978,0,Coastal Suburbs,20011
PROP_03491,2025-12-01,5438142,6,4.5,7210,36050,4.0,1,1969,2019,Greenwood Valley,40082
PROP_03492,2025-06-05,7963771,9,4.5,7656,114840,2.5,1,1995,0,Coastal Suburbs,20012
PROP_03493,2026-02-04,1245340,5,3.5,3508,28064,2.0,0,1974,0,Tech Park District,30045
PROP_03494,2025-08-09,202628,2,2.5,1132,4528,1.0,0,2014,0,Greenwood Valley,40081
PROP_03495,2025-09-08,271825,4,2.0,2075,4150,1.5,0,1953,0,Coastal Suburbs,20011
PROP_03496,2025-12-14,292378,4,1.5,2059,8236,1.0,0,1953,0,Tech Park District,30046
PROP_03497,2026-03-15,386587,2,2.5,1586,6344,1.0,0,1956,2020,Greenwood Valley,40081
PROP_03498,2026-02-14,395964,2,1.5,1941,7764,2.0,0,1973,0,Greenwood Valley,40082
PROP_03499,2026-05-01,5232347,8,6.0,5741,51669,4.0,1,1968,0,Metro City,10001
PROP_03500,2026-02-09,278710,4,1.0,1186,3558,1.0,0,2008,0,Tech Park District,30045
PROP_03501,2025-12-27,341675,3,1.5,1975,3950,1.0,0,1972,0,Metro City,10002
PROP_03502,2026-05-17,168744,2,2.5,1068,6408,1.0,0,2008,0,Tech Park District,30045
PROP_03503,2026-02-07,149812,3,1.0,1118,5590,1.0,0,2013,0,Tech Park District,30046
PROP_03504,2025-12-30,321745,1,1.5,1124,4496,1.0,0,2005,2025,Greenwood Valley,40081
PROP_03505,2026-05-30,1044448,5,3.5,4112,16448,2.0,0,1988,0,Coastal Suburbs,20011
PROP_03506,2026-01-14,309088,3,2.5,1517,7585,1.0,0,1991,2016,Tech Park District,30045
PROP_03507,2026-02-06,262820,3,2.5,1546,4638,1.5,0,2007,0,Tech Park District,30046
PROP_03508,2025-08-25,1812618,5,3.5,4155,20775,2.5,0,1995,2021,Coastal Suburbs,20012
PROP_03509,2025-07-13,259084,3,1.0,1948,9740,1.5,0,2000,0,Greenwood Valley,40082
PROP_03510,2026-03-17,1755101,4,2.5,3933,27531,3.0,0,1967,2021,Greenwood Valley,40082
PROP_03511,2025-06-16,352633,2,2.5,1337,6685,2.0,0,1955,2024,Greenwood Valley,40082
PROP_03512,2025-09-21,368188,4,1.0,2218,11090,1.0,0,2014,0,Metro City,10003
PROP_03513,2025-10-28,128000,4,2.0,800,2400,1.0,0,1973,0,Tech Park District,30045
PROP_03514,2025-06-17,1039631,4,2.5,3115,21805,3.0,0,1998,2018,Metro City,10002
PROP_03515,2025-10-19,443280,1,2.0,1847,9235,1.5,0,1961,0,Greenwood Valley,40082
PROP_03516,2025-09-24,389250,3,2.0,1557,9342,2.0,0,1978,2019,Metro City,10002
PROP_03517,2026-03-03,413854,1,2.5,2009,8036,1.0,0,1968,0,Tech Park District,30046
PROP_03518,2025-10-26,183998,1,1.0,934,5604,1.0,0,2008,0,Greenwood Valley,40082
PROP_03519,2025-08-26,176976,4,1.5,1229,6145,1.0,0,1956,0,Metro City,10001
PROP_03520,2026-01-21,394800,3,2.5,2100,4200,2.0,0,1957,0,Metro City,10003
PROP_03521,2026-03-17,411453,2,2.0,2177,8708,1.5,0,1971,0,Tech Park District,30046
PROP_03522,2026-02-09,414848,3,1.0,1852,5556,2.0,0,1991,0,Tech Park District,30045
PROP_03523,2026-03-09,276187,2,2.0,1473,2946,2.0,0,1992,2017,Metro City,10004
PROP_03524,2026-02-17,142951,4,2.5,804,4020,2.0,1,2001,0,Metro City,10002
PROP_03525,2025-07-28,247465,3,1.0,1151,6906,1.5,0,1998,2021,Greenwood Valley,40082
PROP_03526,2026-03-21,267444,2,2.5,1748,3496,2.0,0,1967,0,Tech Park District,30046
PROP_03527,2025-07-29,417430,3,1.0,1690,3380,2.0,0,2004,0,Metro City,10003
PROP_03528,2025-10-16,499177,3,1.0,2147,6441,1.0,0,1996,2022,Metro City,10002
PROP_03529,2026-03-06,1487333,5,3.0,3469,24283,2.5,0,1994,2022,Metro City,10003
PROP_03530,2025-12-05,320359,3,1.0,1297,7782,2.0,0,1950,0,Coastal Suburbs,20011
PROP_03531,2026-03-05,283040,2,1.5,1769,10614,1.5,0,1976,0,Metro City,10001
PROP_03532,2025-06-22,204600,1,2.5,825,4125,1.0,0,2012,0,Tech Park District,30045
PROP_03533,2026-01-12,303236,4,1.0,1849,3698,1.0,0,1972,0,Greenwood Valley,40081
PROP_03534,2026-03-07,1012724,5,3.5,3604,28832,3.0,0,1964,0,Coastal Suburbs,20011
PROP_03535,2025-09-20,1282955,6,3.5,4349,13047,2.0,0,1993,2025,Metro City,10004
PROP_03536,2026-01-04,280592,2,2.0,1136,3408,1.5,0,1955,0,Metro City,10001
PROP_03537,2025-07-23,1148420,4,4.0,4417,35336,2.5,0,1978,2016,Coastal Suburbs,20013
PROP_03538,2026-05-01,378352,3,1.0,1819,5457,1.0,0,1964,0,Tech Park District,30046
PROP_03539,2025-10-05,439770,3,1.5,2055,10275,2.0,0,1986,0,Coastal Suburbs,20011
PROP_03540,2025-10-31,406487,4,1.0,2098,4196,1.5,0,1963,2020,Metro City,10001
PROP_03541,2025-06-17,1193478,6,4.0,4173,20865,3.0,0,1977,0,Metro City,10004
PROP_03542,2026-01-17,867525,4,3.5,2580,20640,2.0,0,1982,2022,Coastal Suburbs,20011
PROP_03543,2025-10-13,347949,1,2.0,1841,11046,2.0,0,1985,0,Tech Park District,30045
PROP_03544,2025-11-26,425502,4,1.5,2149,4298,1.5,0,1966,0,Greenwood Valley,40081
PROP_03545,2025-07-15,256896,3,1.0,1338,6690,1.5,0,1988,0,Greenwood Valley,40082
PROP_03546,2026-01-11,578250,1,2.0,2313,9252,1.0,0,2015,0,Greenwood Valley,40082
PROP_03547,2025-07-31,286790,1,1.5,850,3400,1.0,1,1987,0,Greenwood Valley,40082
PROP_03548,2025-09-30,260304,4,2.5,1496,5984,2.0,0,2012,0,Coastal Suburbs,20013
PROP_03549,2025-09-16,1111508,5,2.5,3883,19415,2.0,0,1971,2016,Coastal Suburbs,20013
PROP_03550,2026-03-29,262772,3,1.0,1181,4724,1.5,0,2008,2016,Coastal Suburbs,20013
PROP_03551,2026-05-19,1774440,6,4.0,3816,15264,2.5,0,1956,2019,Greenwood Valley,40082
PROP_03552,2025-11-27,184350,4,2.5,1229,3687,1.5,0,1993,2019,Coastal Suburbs,20011
PROP_03553,2026-05-30,301541,2,2.5,1263,3789,1.0,0,1997,2016,Greenwood Valley,40082
PROP_03554,2026-04-09,210780,1,2.0,1171,7026,1.0,0,1986,0,Tech Park District,30045
PROP_03555,2026-04-20,287040,2,2.0,1495,4485,1.5,0,2008,0,Metro City,10004
PROP_03556,2026-01-06,464787,3,1.0,1957,5871,1.0,0,1975,2016,Greenwood Valley,40081
PROP_03557,2025-08-24,200460,4,1.5,1028,5140,1.0,0,1979,0,Metro City,10001
PROP_03558,2026-04-12,379802,4,1.5,1973,3946,1.5,0,1960,2018,Greenwood Valley,40081
PROP_03559,2025-08-11,223696,4,1.0,902,2706,1.5,0,1972,0,Tech Park District,30046
PROP_03560,2025-09-14,121764,3,1.5,876,4380,1.5,0,1995,0,Coastal Suburbs,20012
PROP_03561,2025-09-14,512063,4,2.5,1837,11022,1.5,0,1995,2016,Coastal Suburbs,20011
PROP_03562,2025-07-01,113670,3,2.0,842,2526,1.5,0,1964,0,Metro City,10001
PROP_03563,2026-03-19,225920,2,2.0,1765,7060,1.0,0,1952,0,Coastal Suburbs,20011
PROP_03564,2025-11-27,472263,3,1.5,1999,9995,2.0,0,2007,2017,Greenwood Valley,40082
PROP_03565,2026-02-28,124683,4,1.5,897,2691,1.0,0,1970,0,Tech Park District,30046
PROP_03566,2025-10-22,2539160,8,4.5,4883,34181,4.0,0,1976,2017,Coastal Suburbs,20012
PROP_03567,2026-04-02,200600,2,2.5,850,3400,1.0,0,1987,0,Metro City,10002
PROP_03568,2026-03-03,280197,2,1.5,1467,5868,1.5,0,2013,0,Coastal Suburbs,20013
PROP_03569,2025-08-26,313944,3,2.0,1524,9144,1.0,0,1978,0,Metro City,10004
PROP_03570,2025-11-13,909794,4,4.0,3053,15265,2.5,0,1966,0,Tech Park District,30045
PROP_03571,2026-05-27,410820,3,2.5,2004,4008,1.5,0,1971,0,Greenwood Valley,40082
PROP_03572,2025-10-28,313255,3,2.5,1333,3999,1.5,0,1956,0,Tech Park District,30045
PROP_03573,2025-10-27,694375,4,1.0,2222,6666,1.5,0,2012,2020,Coastal Suburbs,20012
PROP_03574,2026-03-21,422115,1,2.0,1578,6312,1.0,0,1973,2017,Metro City,10001
PROP_03575,2025-10-15,925347,5,2.5,2783,13915,2.0,0,1977,2023,Tech Park District,30046
PROP_03576,2026-02-19,1098230,4,3.0,3787,26509,3.0,0,2014,0,Metro City,10004
PROP_03577,2026-05-14,380052,3,2.5,1564,9384,1.5,0,1983,0,Coastal Suburbs,20012
PROP_03578,2025-07-19,299112,1,2.0,1236,6180,2.0,0,1991,0,Tech Park District,30045
PROP_03579,2025-08-09,1207115,6,3.5,2653,21224,2.5,0,2005,2023,Tech Park District,30046
PROP_03580,2025-12-28,437320,1,2.0,1885,3770,2.0,0,1983,0,Coastal Suburbs,20012
PROP_03581,2025-07-01,261555,2,2.0,1645,8225,1.0,0,2009,0,Metro City,10002
PROP_03582,2025-10-20,1235623,4,2.5,3002,24016,3.0,1,1999,0,Coastal Suburbs,20012
PROP_03583,2026-05-02,221494,1,2.0,1217,3651,1.0,0,1998,0,Metro City,10004
PROP_03584,2025-08-04,197053,4,2.0,1021,6126,1.5,0,1959,0,Metro City,10001
PROP_03585,2026-05-26,369044,1,2.5,1963,5889,1.0,0,1955,0,Coastal Suburbs,20012
PROP_03586,2025-08-07,553632,2,1.0,2336,7008,2.0,0,1962,0,Metro City,10004
PROP_03587,2025-10-06,327663,4,2.5,2229,6687,1.5,0,2003,0,Greenwood Valley,40082
PROP_03588,2025-08-14,177692,2,2.5,1433,7165,1.0,0,2001,0,Coastal Suburbs,20012
PROP_03589,2026-05-31,195168,1,2.5,912,1824,2.0,0,2000,0,Greenwood Valley,40082
PROP_03590,2025-11-12,175365,1,2.0,1299,6495,1.0,0,1952,0,Metro City,10001
PROP_03591,2025-10-05,290940,1,1.5,2238,11190,2.0,0,1990,0,Coastal Suburbs,20011
PROP_03592,2026-05-13,1383200,4,2.5,3952,27664,2.0,0,1964,0,Metro City,10001
PROP_03593,2025-12-19,123340,4,1.0,881,1762,1.5,0,1960,0,Greenwood Valley,40082
PROP_03594,2026-02-06,1001037,6,3.0,3022,15110,2.0,0,1967,2025,Greenwood Valley,40081
PROP_03595,2025-08-12,162498,4,1.5,1022,2044,1.5,0,1991,0,Tech Park District,30046
PROP_03596,2026-03-23,395857,1,1.5,2246,8984,2.0,0,1968,2020,Tech Park District,30046
PROP_03597,2026-04-20,147936,3,2.0,804,2412,1.5,0,1967,0,Metro City,10003
PROP_03598,2025-10-16,644670,1,2.5,2088,8352,1.5,0,1965,2019,Coastal Suburbs,20012
PROP_03599,2026-04-18,338589,4,1.0,2213,6639,2.0,0,1951,0,Coastal Suburbs,20011
PROP_03600,2025-12-30,350105,4,2.0,1429,8574,1.0,0,1951,0,Greenwood Valley,40082
PROP_03601,2025-12-10,277078,3,2.5,1271,2542,2.0,0,2003,0,Coastal Suburbs,20013
PROP_03602,2026-01-18,604931,4,1.0,2095,6285,2.0,0,1989,2025,Greenwood Valley,40082
PROP_03603,2025-07-09,305065,4,1.0,1649,6596,2.0,0,1991,0,Metro City,10001
PROP_03604,2026-04-21,1553704,5,4.0,4292,34336,2.0,0,2007,0,Tech Park District,30046
PROP_03605,2025-07-18,306188,2,1.5,1867,9335,1.0,0,2009,0,Coastal Suburbs,20012
PROP_03606,2025-12-24,353662,3,1.5,1823,7292,2.0,0,2004,0,Greenwood Valley,40082
PROP_03607,2026-02-19,445704,2,1.0,2274,4548,1.0,0,1979,0,Tech Park District,30046
PROP_03608,2025-10-21,254200,2,1.5,1240,3720,1.0,0,1981,0,Tech Park District,30046
PROP_03609,2026-05-22,539010,2,1.5,2385,14310,2.0,0,1996,0,Greenwood Valley,40082
PROP_03610,2025-12-06,214092,2,1.0,1252,7512,2.0,0,1979,0,Tech Park District,30046
PROP_03611,2026-01-19,394400,1,2.0,2176,10880,1.5,0,1989,2017,Greenwood Valley,40082
PROP_03612,2026-02-05,210546,1,2.5,1114,3342,1.0,0,1970,0,Metro City,10003
PROP_03613,2025-11-15,205686,4,2.0,879,5274,1.0,0,1996,0,Metro City,10003
PROP_03614,2026-03-25,118530,3,1.0,878,5268,2.0,0,1953,0,Greenwood Valley,40081
PROP_03615,2025-06-02,214020,1,1.5,1740,8700,1.0,0,1998,0,Tech Park District,30046
PROP_03616,2025-07-18,524326,4,1.5,1933,3866,2.0,0,1975,2022,Tech Park District,30045
PROP_03617,2026-01-21,339621,1,1.0,1433,4299,1.0,0,1993,0,Greenwood Valley,40082
PROP_03618,2026-04-22,213868,3,1.5,1684,6736,1.0,0,1998,0,Greenwood Valley,40081
PROP_03619,2026-05-07,1471946,5,3.0,4474,35792,2.0,0,1958,0,Tech Park District,30046
PROP_03620,2026-05-24,217864,3,2.0,904,3616,2.0,0,1983,0,Tech Park District,30045
PROP_03621,2025-12-01,1359650,4,4.0,3064,24512,2.5,0,2008,2024,Tech Park District,30046
PROP_03622,2025-07-03,1395558,5,3.5,3813,30504,2.5,0,1985,0,Coastal Suburbs,20011
PROP_03623,2026-03-01,195584,4,1.0,1024,5120,1.5,0,1997,0,Metro City,10001
PROP_03624,2025-12-21,185850,4,2.5,1062,5310,2.0,0,1980,0,Metro City,10003
PROP_03625,2025-09-20,2352504,4,3.0,3819,30552,2.5,1,1992,2018,Coastal Suburbs,20013
PROP_03626,2026-01-06,457448,4,2.5,2168,6504,1.0,0,1970,0,Tech Park District,30046
PROP_03627,2025-09-17,167040,1,1.0,928,4640,1.5,0,1976,0,Greenwood Valley,40081
PROP_03628,2026-02-09,209746,3,1.5,1054,4216,1.0,0,1989,0,Coastal Suburbs,20012
PROP_03629,2025-10-16,257677,1,1.5,1462,8772,1.0,0,1957,2020,Greenwood Valley,40082
PROP_03630,2025-11-13,350721,4,1.5,2051,10255,1.5,0,1965,0,Coastal Suburbs,20012
PROP_03631,2025-10-24,518873,2,2.5,2153,12918,2.0,0,1987,0,Coastal Suburbs,20011
PROP_03632,2025-11-20,374216,3,1.5,1613,8065,1.0,0,1995,0,Greenwood Valley,40082
PROP_03633,2026-03-08,508300,1,1.5,2300,13800,1.5,0,1992,0,Greenwood Valley,40082
PROP_03634,2026-03-23,264740,3,1.5,1220,2440,1.0,0,1990,0,Tech Park District,30046
PROP_03635,2025-08-06,226920,2,1.0,1860,3720,1.5,0,1981,0,Metro City,10002
PROP_03636,2026-03-17,273492,3,1.0,1926,7704,1.0,0,2004,0,Greenwood Valley,40081
PROP_03637,2026-02-04,534528,1,2.5,2304,6912,2.0,0,1960,0,Greenwood Valley,40081
PROP_03638,2025-11-23,234158,3,2.0,1207,2414,1.0,0,1993,0,Tech Park District,30046
PROP_03639,2026-05-16,442416,3,1.0,2127,8508,1.5,0,1962,0,Greenwood Valley,40082
PROP_03640,2025-06-25,163020,2,2.0,1254,3762,2.0,0,1992,0,Metro City,10004
PROP_03641,2025-06-24,188284,4,2.5,914,4570,1.0,0,1952,0,Tech Park District,30046
PROP_03642,2025-07-21,240163,4,2.0,839,5034,1.5,0,1960,2022,Greenwood Valley,40082
PROP_03643,2026-04-17,233583,2,1.5,1589,6356,1.5,0,1983,0,Greenwood Valley,40082
PROP_03644,2026-01-22,339772,3,1.5,1964,9820,2.0,0,1990,0,Tech Park District,30045
PROP_03645,2025-06-09,142625,1,1.5,815,4890,1.5,0,1965,0,Greenwood Valley,40081
PROP_03646,2025-08-03,295488,1,1.5,1944,3888,2.0,0,1962,0,Coastal Suburbs,20012
PROP_03647,2025-08-20,877558,4,4.0,3883,23298,2.5,0,2015,0,Metro City,10001
PROP_03648,2026-01-12,150236,3,1.5,1058,5290,1.0,0,1992,0,Greenwood Valley,40082
PROP_03649,2026-01-20,254790,4,2.5,1490,2980,1.5,0,1959,0,Coastal Suburbs,20011
PROP_03650,2025-06-01,359415,1,1.5,1467,4401,2.0,0,2004,0,Greenwood Valley,40082
PROP_03651,2026-01-06,326800,4,2.5,2150,8600,1.0,0,1991,0,Tech Park District,30046
PROP_03652,2025-09-12,353532,2,1.0,1733,5199,1.5,0,1982,0,Greenwood Valley,40082
PROP_03653,2026-05-19,174888,1,1.5,1388,2776,1.0,0,1974,0,Coastal Suburbs,20012
PROP_03654,2025-08-07,413503,3,2.5,2099,12594,1.5,0,1987,0,Greenwood Valley,40081
PROP_03655,2026-04-29,306075,2,1.0,1855,9275,1.0,0,1963,0,Tech Park District,30046
PROP_03656,2025-11-02,186592,4,2.5,1372,2744,1.5,0,1993,0,Tech Park District,30046
PROP_03657,2025-08-21,508151,4,2.0,2219,11095,2.0,0,1978,0,Tech Park District,30046
PROP_03658,2025-10-19,229327,4,1.0,1267,5068,1.0,0,1981,0,Tech Park District,30046
PROP_03659,2025-07-18,445067,4,1.5,2051,12306,1.5,0,1996,0,Metro City,10001
PROP_03660,2026-05-02,962740,5,4.0,2602,10408,3.0,0,2006,2023,Coastal Suburbs,20013
PROP_03661,2025-12-02,553440,1,1.0,2306,13836,1.5,0,1965,0,Greenwood Valley,40082
PROP_03662,2025-10-07,2831325,6,4.5,5393,80895,3.0,0,1992,0,Metro City,10002
PROP_03663,2025-07-13,147010,1,2.5,1205,3615,1.0,0,2005,0,Coastal Suburbs,20012
PROP_03664,2025-12-08,529385,1,2.0,1772,10632,2.0,0,2015,2022,Tech Park District,30046
PROP_03665,2026-05-07,195390,4,1.0,1002,4008,2.0,0,2003,0,Greenwood Valley,40082
PROP_03666,2026-04-29,362404,2,1.5,2107,12642,1.5,0,1967,0,Metro City,10004
PROP_03667,2025-08-24,239582,4,2.0,1099,2198,1.0,0,1992,0,Greenwood Valley,40082
PROP_03668,2025-06-27,731062,4,3.5,2785,8355,2.5,0,2006,2021,Coastal Suburbs,20011
PROP_03669,2025-12-20,464133,2,2.0,2029,8116,1.5,0,2003,2017,Metro City,10002
PROP_03670,2026-04-17,1098216,6,3.0,4358,13074,2.5,0,2004,0,Metro City,10003
PROP_03671,2025-11-04,306850,4,2.5,1805,9025,1.0,0,1992,0,Greenwood Valley,40081
PROP_03672,2026-05-25,1070780,5,3.0,2894,14470,3.0,0,2015,0,Tech Park District,30046
PROP_03673,2025-09-28,117390,1,1.5,903,1806,2.0,0,1989,0,Tech Park District,30046
PROP_03674,2026-01-06,225680,4,1.0,1240,6200,2.0,0,2012,0,Metro City,10002
PROP_03675,2026-05-02,225504,2,2.0,928,3712,2.0,0,2000,0,Coastal Suburbs,20011
PROP_03676,2025-07-17,619424,5,3.5,2978,23824,3.0,0,1963,0,Metro City,10004
PROP_03677,2026-05-27,463706,2,1.0,2251,9004,1.0,0,1952,0,Greenwood Valley,40082
PROP_03678,2025-07-19,258400,2,1.5,1360,2720,2.0,0,1999,0,Greenwood Valley,40082
PROP_03679,2025-06-01,349616,4,2.5,1151,5755,1.0,0,1956,2021,Greenwood Valley,40082
PROP_03680,2025-09-18,439586,2,2.5,1847,7388,2.0,0,1962,0,Greenwood Valley,40082
PROP_03681,2026-01-31,216960,2,1.0,1808,9040,2.0,0,2012,0,Greenwood Valley,40081
PROP_03682,2025-07-10,491516,4,2.5,2386,7158,2.0,0,1973,0,Metro City,10002
PROP_03683,2025-08-07,331662,1,1.5,2041,12246,1.5,0,2003,2020,Tech Park District,30045
PROP_03684,2026-03-31,1135423,5,2.5,4099,28693,3.0,0,2015,0,Greenwood Valley,40082
PROP_03685,2025-09-24,507994,1,1.5,2278,13668,1.0,0,2014,0,Tech Park District,30045
PROP_03686,2026-02-21,302366,4,2.0,1387,5548,1.5,0,1991,0,Coastal Suburbs,20012
PROP_03687,2026-05-15,186660,4,2.0,1220,2440,2.0,0,1969,0,Coastal Suburbs,20012
PROP_03688,2026-01-14,205435,1,1.5,1135,5675,1.5,0,1997,0,Greenwood Valley,40082
PROP_03689,2025-06-05,1454865,5,3.5,4217,16868,2.0,0,1969,0,Metro City,10003
PROP_03690,2025-06-05,268126,3,2.5,1697,8485,1.0,0,2014,0,Greenwood Valley,40082
PROP_03691,2026-05-23,354564,3,2.0,1876,11256,2.0,0,1964,0,Metro City,10001
PROP_03692,2025-11-23,360195,4,2.5,2035,6105,2.0,0,1975,0,Coastal Suburbs,20013
PROP_03693,2025-08-01,429348,4,2.5,1934,11604,1.0,0,1969,0,Coastal Suburbs,20013
PROP_03694,2026-01-03,288225,4,1.0,1575,6300,1.0,0,1992,0,Metro City,10004
PROP_03695,2026-05-22,362250,4,1.5,2300,9200,1.0,0,1998,2020,Coastal Suburbs,20012
PROP_03696,2025-08-07,155574,2,2.0,1161,6966,2.0,0,2000,0,Greenwood Valley,40081
PROP_03697,2026-01-31,439408,4,1.5,1894,3788,1.0,0,2008,0,Coastal Suburbs,20012
PROP_03698,2025-07-07,2174375,6,3.0,4375,13125,3.0,1,1955,0,Greenwood Valley,40082
PROP_03699,2025-09-26,1065960,6,3.0,3290,9870,2.5,0,1985,0,Greenwood Valley,40082
PROP_03700,2025-12-14,2969921,7,7.5,4981,24905,4.0,0,1985,2023,Greenwood Valley,40081
PROP_03701,2025-07-16,536928,1,2.0,2397,14382,1.0,0,2000,0,Greenwood Valley,40081
PROP_03702,2025-07-23,344758,4,1.5,1546,7730,1.0,0,1976,0,Coastal Suburbs,20013
PROP_03703,2025-07-23,1185207,5,3.5,2542,7626,2.5,0,1988,2024,Tech Park District,30046
PROP_03704,2025-11-08,414728,4,2.5,2206,13236,1.0,0,1990,0,Tech Park District,30045
PROP_03705,2025-12-06,1057536,6,2.5,3672,25704,2.5,0,2012,0,Tech Park District,30045
PROP_03706,2025-11-01,891900,5,3.0,3964,19820,3.0,0,1957,0,Coastal Suburbs,20012
PROP_03707,2025-08-10,481248,2,1.5,2228,11140,1.5,0,1960,0,Greenwood Valley,40082
PROP_03708,2025-12-13,293407,1,1.0,1102,5510,1.0,0,1957,2023,Tech Park District,30045
PROP_03709,2025-08-08,954557,6,4.0,3397,23779,3.0,0,1963,0,Greenwood Valley,40082
PROP_03710,2026-04-25,218010,1,1.0,1690,10140,1.0,0,2013,0,Coastal Suburbs,20013
PROP_03711,2026-05-13,340780,1,2.0,1549,9294,1.5,0,1970,2020,Metro City,10001
PROP_03712,2025-08-13,231278,4,2.0,1174,3522,1.0,0,1989,0,Tech Park District,30046
PROP_03713,2025-07-06,296695,3,1.0,1715,8575,2.0,0,1956,0,Metro City,10002
PROP_03714,2026-02-27,412566,3,1.0,1786,3572,1.5,0,1997,0,Metro City,10003
PROP_03715,2026-03-16,949188,4,4.0,2859,22872,2.0,0,2012,0,Metro City,10004
PROP_03716,2025-06-05,392668,2,1.0,2206,11030,2.0,0,1968,0,Metro City,10001
PROP_03717,2026-04-09,306278,4,1.5,1834,11004,1.0,0,1986,0,Tech Park District,30045
PROP_03718,2026-04-29,232995,1,2.0,1585,3170,2.0,0,1962,0,Coastal Suburbs,20011
PROP_03719,2025-08-24,200979,3,2.5,1467,5868,2.0,0,1984,0,Greenwood Valley,40081
PROP_03720,2026-01-12,238810,4,2.0,1430,7150,1.0,0,2013,0,Metro City,10002
PROP_03721,2025-11-27,408828,4,2.0,1884,9420,1.0,0,1969,0,Metro City,10003
PROP_03722,2025-09-18,244260,1,2.0,1357,6785,1.0,0,1967,2019,Metro City,10003
PROP_03723,2026-04-18,440467,3,2.5,1686,3372,1.5,0,1952,2021,Tech Park District,30045
PROP_03724,2025-08-17,255600,4,1.5,1775,10650,2.0,0,1989,0,Tech Park District,30046
PROP_03725,2025-12-28,321054,1,1.5,1466,4398,1.0,0,1952,0,Coastal Suburbs,20012
PROP_03726,2026-04-12,168210,3,2.5,945,3780,1.0,0,1971,0,Metro City,10002
PROP_03727,2026-05-18,235200,4,1.5,1280,6400,1.5,0,1978,2019,Metro City,10001
PROP_03728,2026-01-13,139236,3,2.0,1132,3396,1.5,0,1976,0,Metro City,10002
PROP_03729,2025-09-20,299043,2,2.5,1341,4023,1.5,0,2000,0,Coastal Suburbs,20011
PROP_03730,2025-07-15,1129485,4,2.5,2604,20832,2.5,0,1994,2019,Metro City,10003
PROP_03731,2025-07-22,202745,3,1.0,989,3956,1.5,0,2008,0,Metro City,10003
PROP_03732,2025-08-11,205173,3,1.0,1377,8262,2.0,0,1994,0,Metro City,10004
PROP_03733,2025-08-03,476956,4,1.0,2021,12126,1.5,0,1961,0,Metro City,10003
PROP_03734,2026-03-29,310400,2,2.5,1600,8000,2.0,0,1990,0,Greenwood Valley,40082
PROP_03735,2025-12-14,381360,2,2.5,1816,9080,1.5,0,1955,0,Coastal Suburbs,20013
PROP_03736,2025-11-27,528666,2,1.5,1949,3898,1.5,0,2004,2024,Coastal Suburbs,20012
PROP_03737,2026-01-06,257581,4,1.0,1439,7195,1.0,0,2001,0,Tech Park District,30045
PROP_03738,2025-11-09,135803,2,1.5,977,3908,1.0,0,1975,0,Tech Park District,30045
PROP_03739,2025-08-11,1211088,4,3.0,4388,30716,2.5,0,1989,0,Metro City,10001
PROP_03740,2025-10-05,515592,2,1.5,2376,14256,2.0,0,1959,0,Coastal Suburbs,20012
PROP_03741,2025-10-20,1274240,5,3.5,3520,28160,2.0,0,1990,0,Greenwood Valley,40081
PROP_03742,2026-04-27,289835,4,2.0,1715,6860,1.0,0,2011,0,Greenwood Valley,40082
PROP_03743,2025-07-14,200866,3,2.5,1499,7495,1.5,0,1999,0,Greenwood Valley,40081
PROP_03744,2025-10-06,210800,2,2.0,1054,2108,2.0,0,1983,0,Coastal Suburbs,20013
PROP_03745,2026-03-11,340768,3,1.5,1852,9260,1.0,0,1950,0,Metro City,10002
PROP_03746,2026-04-04,333681,1,2.5,1315,7890,1.0,0,1977,2023,Greenwood Valley,40081
PROP_03747,2026-04-04,302085,3,2.5,2055,4110,1.5,0,1998,0,Tech Park District,30045
PROP_03748,2026-04-08,223776,4,1.5,1184,5920,1.5,0,1950,0,Tech Park District,30045
PROP_03749,2025-10-24,178665,4,1.0,831,4986,1.0,0,2011,0,Metro City,10002
PROP_03750,2026-05-20,278516,3,1.0,1372,8232,2.0,0,1974,0,Tech Park District,30046
PROP_03751,2025-06-14,266376,4,1.5,2018,10090,1.5,0,1982,0,Coastal Suburbs,20012
PROP_03752,2026-05-04,2766319,5,3.0,4319,34552,2.0,1,1952,2025,Metro City,10004
PROP_03753,2025-11-02,723445,5,4.0,3529,17645,2.5,0,1950,0,Metro City,10004
PROP_03754,2025-09-14,321378,1,1.0,1847,3694,2.0,0,1956,0,Metro City,10003
PROP_03755,2026-02-21,206800,2,2.5,1175,3525,1.0,0,2004,0,Greenwood Valley,40082
PROP_03756,2026-04-07,281028,2,1.5,2129,10645,1.0,0,1983,0,Tech Park District,30045
PROP_03757,2026-02-16,275310,2,1.5,1656,6624,1.5,0,1994,2025,Tech Park District,30045
PROP_03758,2025-09-05,1141686,5,2.5,3198,25584,3.0,0,2005,0,Greenwood Valley,40081
PROP_03759,2025-12-18,327840,1,1.0,2049,12294,2.0,0,2009,0,Greenwood Valley,40081
PROP_03760,2025-10-30,226064,2,1.0,1592,6368,1.0,0,1975,0,Metro City,10003
PROP_03761,2026-04-27,312750,2,2.0,1390,4170,1.5,0,1966,0,Greenwood Valley,40082
PROP_03762,2025-06-28,322770,3,1.5,1537,7685,2.0,0,1990,2020,Coastal Suburbs,20011
PROP_03763,2025-10-01,258930,1,2.5,1370,6850,1.5,0,2006,0,Tech Park District,30045
PROP_03764,2026-02-09,414540,2,2.0,1692,5076,2.0,0,2002,0,Greenwood Valley,40082
PROP_03765,2025-12-15,202311,1,1.0,1143,3429,2.0,0,2013,0,Greenwood Valley,40081
PROP_03766,2025-07-28,686308,5,3.0,2702,13510,2.5,0,1992,0,Coastal Suburbs,20013
PROP_03767,2025-10-02,395380,2,2.5,1865,5595,2.0,0,1969,0,Tech Park District,30046
PROP_03768,2026-02-11,300696,2,2.0,2211,6633,1.5,0,1995,0,Tech Park District,30045
PROP_03769,2026-04-23,10155568,9,7.5,8374,41870,3.0,1,1969,2020,Coastal Suburbs,20013
PROP_03770,2026-04-01,1517370,5,3.5,4101,12303,2.0,0,1959,0,Greenwood Valley,40081
PROP_03771,2025-07-07,180663,1,1.5,1229,7374,1.5,0,1972,0,Coastal Suburbs,20011
PROP_03772,2026-02-26,215622,2,2.0,1331,2662,1.5,0,2002,0,Greenwood Valley,40081
PROP_03773,2025-06-07,338364,2,1.0,1404,5616,1.5,0,1963,0,Coastal Suburbs,20012
PROP_03774,2025-12-02,244864,4,2.5,1913,9565,1.5,0,1960,0,Metro City,10003
PROP_03775,2025-11-10,259820,4,2.0,1181,3543,1.0,0,1974,0,Tech Park District,30045
PROP_03776,2025-08-07,200424,1,1.5,1193,5965,2.0,0,1961,0,Tech Park District,30046
PROP_03777,2025-12-16,243600,4,1.5,1160,3480,2.0,0,1987,0,Tech Park District,30046
PROP_03778,2026-03-19,1052988,6,4.0,4191,33528,2.0,0,1973,2021,Coastal Suburbs,20012
PROP_03779,2026-01-02,518500,2,1.0,2074,12444,2.0,0,1960,0,Greenwood Valley,40082
PROP_03780,2025-12-05,429843,4,2.5,1965,9825,2.0,0,1963,2017,Tech Park District,30045
PROP_03781,2026-03-07,156160,1,1.5,1280,2560,2.0,0,1954,0,Tech Park District,30046
PROP_03782,2026-05-16,438040,4,2.0,1864,9320,1.0,0,1976,0,Metro City,10003
PROP_03783,2025-08-28,1389548,4,3.0,4468,31276,3.0,0,2014,0,Coastal Suburbs,20011
PROP_03784,2026-01-28,314987,1,2.5,1130,2260,1.0,0,1995,2017,Tech Park District,30046
PROP_03785,2025-07-08,855800,4,4.0,3890,31120,2.5,0,1952,0,Tech Park District,30046
PROP_03786,2025-06-09,521934,1,1.5,2193,4386,2.0,0,1992,0,Greenwood Valley,40082
PROP_03787,2026-03-28,238119,4,1.5,1479,8874,1.5,0,1974,0,Metro City,10003
PROP_03788,2025-07-05,233585,1,1.5,1507,9042,1.5,0,1950,0,Tech Park District,30046
PROP_03789,2025-06-08,281106,1,1.0,1449,2898,1.5,0,1950,0,Metro City,10001
PROP_03790,2025-10-13,438926,1,1.5,2181,8724,1.5,0,2001,2022,Metro City,10003
PROP_03791,2025-09-19,976056,4,4.0,3642,21852,2.0,0,1978,0,Tech Park District,30045
PROP_03792,2025-06-21,196272,4,1.0,1392,4176,1.5,0,2008,0,Coastal Suburbs,20012
PROP_03793,2025-07-01,540787,2,2.5,1881,7524,2.0,0,2014,2019,Tech Park District,30045
PROP_03794,2025-12-21,207740,3,2.5,1598,3196,1.5,0,2012,0,Metro City,10001
PROP_03795,2026-02-15,316100,1,2.5,2180,6540,1.5,0,1990,0,Metro City,10004
PROP_03796,2025-10-25,217360,2,1.5,1040,5200,1.0,0,1976,0,Metro City,10004
PROP_03797,2026-04-18,442000,1,2.0,2125,6375,1.5,0,2008,0,Greenwood Valley,40081
PROP_03798,2026-05-31,155216,4,1.5,872,1744,1.5,0,1953,0,Tech Park District,30045
PROP_03799,2026-02-12,952901,6,4.0,3513,21078,2.5,0,1974,2019,Coastal Suburbs,20012
PROP_03800,2025-12-30,403653,4,1.5,2049,8196,2.0,0,1970,0,Metro City,10001
PROP_03801,2026-01-03,143792,3,1.5,836,5016,2.0,0,1989,0,Greenwood Valley,40081
PROP_03802,2026-05-26,207773,4,2.0,1201,6005,1.5,0,2001,0,Metro City,10002
PROP_03803,2025-12-23,176330,3,2.0,1145,3435,2.0,0,1977,0,Coastal Suburbs,20012
PROP_03804,2025-07-13,1127096,6,3.5,3166,25328,3.0,0,1977,0,Tech Park District,30045
PROP_03805,2026-04-24,3308480,9,6.0,6752,54016,4.0,0,1965,0,Greenwood Valley,40082
PROP_03806,2026-03-02,2263500,9,6.0,4527,49797,3.0,0,1959,0,Greenwood Valley,40081
PROP_03807,2026-03-03,181374,4,1.5,817,4085,1.5,0,1975,0,Metro City,10002
PROP_03808,2026-04-12,218953,1,2.0,1009,2018,2.0,0,2000,0,Metro City,10002
PROP_03809,2025-08-18,227136,2,1.0,1183,5915,1.5,0,1975,0,Greenwood Valley,40082
PROP_03810,2025-10-21,358883,4,2.5,2149,8596,1.5,0,1999,0,Greenwood Valley,40082
PROP_03811,2025-07-13,235235,1,1.5,1222,3666,1.0,0,1962,2016,Greenwood Valley,40081
PROP_03812,2025-11-06,796125,6,4.0,2895,20265,3.0,0,1986,0,Coastal Suburbs,20013
PROP_03813,2025-07-11,288045,4,2.0,1665,3330,1.5,0,1986,0,Tech Park District,30045
PROP_03814,2026-02-17,250206,4,1.5,1122,6732,1.5,0,1959,0,Tech Park District,30045
PROP_03815,2025-09-13,158424,4,2.5,943,3772,2.0,0,1970,0,Metro City,10001
PROP_03816,2025-08-19,551692,6,3.5,2578,15468,3.0,0,1978,0,Greenwood Valley,40081
PROP_03817,2026-03-02,341000,1,1.5,1760,5280,1.0,0,1979,2021,Greenwood Valley,40081
PROP_03818,2025-11-15,114232,2,1.5,872,4360,1.0,0,1976,0,Tech Park District,30045
PROP_03819,2025-12-18,313690,3,1.0,1016,2032,1.0,0,2010,2019,Coastal Suburbs,20011
PROP_03820,2026-03-28,205216,4,2.5,1696,10176,1.0,0,1987,0,Greenwood Valley,40081
PROP_03821,2026-04-21,522585,3,2.0,2205,8820,2.0,0,1984,0,Greenwood Valley,40082
PROP_03822,2026-04-29,1756238,5,2.5,3668,29344,3.0,1,1988,0,Greenwood Valley,40081
PROP_03823,2026-05-15,219240,2,1.0,928,2784,1.0,0,1980,2019,Metro City,10004
PROP_03824,2026-04-26,1033187,6,2.5,2710,21680,3.0,0,1981,2016,Metro City,10003
PROP_03825,2025-07-04,2297179,8,6.0,4717,42453,3.0,0,2006,0,Tech Park District,30045
PROP_03826,2025-11-06,420002,1,1.5,2246,13476,1.5,0,1964,0,Coastal Suburbs,20013
PROP_03827,2026-05-24,297330,2,2.5,1166,4664,1.0,0,1964,2022,Greenwood Valley,40081
PROP_03828,2026-01-10,351585,1,1.5,1803,3606,2.0,0,1959,0,Coastal Suburbs,20011
PROP_03829,2025-10-01,1067193,4,4.0,3771,26397,2.5,0,1966,0,Greenwood Valley,40082
PROP_03830,2025-06-30,216600,4,1.5,1444,7220,2.0,0,2002,0,Coastal Suburbs,20013
PROP_03831,2025-10-04,137295,3,2.5,1017,3051,1.0,0,1962,0,Tech Park District,30046
PROP_03832,2025-07-15,385525,3,2.0,2203,4406,1.0,0,1965,2016,Coastal Suburbs,20013
PROP_03833,2026-01-09,523328,2,1.5,2368,9472,1.0,0,2015,0,Metro City,10003
PROP_03834,2025-07-30,767808,4,2.5,2976,23808,2.0,0,1960,0,Metro City,10001
PROP_03835,2026-01-19,306470,4,1.0,1613,9678,2.0,0,2009,0,Greenwood Valley,40082
PROP_03836,2026-04-10,233998,2,1.5,1429,7145,2.0,0,1994,2016,Greenwood Valley,40081
PROP_03837,2026-04-08,206150,1,1.0,1178,7068,1.0,0,1964,0,Tech Park District,30046
PROP_03838,2025-06-29,450645,1,2.0,2311,6933,1.0,0,1989,0,Tech Park District,30045
PROP_03839,2025-11-06,194060,3,2.5,1252,5008,2.0,0,1952,2025,Greenwood Valley,40082
PROP_03840,2026-05-08,199436,2,1.5,1366,5464,1.0,0,1996,0,Greenwood Valley,40082
PROP_03841,2026-05-03,206547,2,1.0,1707,8535,1.5,0,1999,0,Metro City,10002
PROP_03842,2025-08-29,317047,4,2.0,1647,6588,2.0,0,1953,2024,Metro City,10004
PROP_03843,2025-08-01,293570,1,1.0,1894,9470,2.0,0,1978,0,Greenwood Valley,40081
PROP_03844,2025-06-07,177833,3,2.5,1091,4364,1.5,0,1960,0,Tech Park District,30046
PROP_03845,2026-05-29,201285,4,1.5,852,5112,1.0,0,1987,2023,Greenwood Valley,40081
PROP_03846,2025-08-10,387144,1,1.0,1698,3396,2.0,0,1998,0,Coastal Suburbs,20011
PROP_03847,2026-05-26,200564,3,1.5,1508,9048,1.5,0,1989,0,Greenwood Valley,40081
PROP_03848,2025-06-06,276950,2,2.5,1450,7250,1.5,0,1962,0,Tech Park District,30046
PROP_03849,2025-08-23,222900,4,1.0,1486,7430,1.0,0,1967,0,Tech Park District,30046
PROP_03850,2026-02-10,445548,1,2.0,2082,12492,2.0,0,2004,0,Greenwood Valley,40081
PROP_03851,2025-11-25,191262,3,1.5,1506,7530,1.5,0,1980,0,Coastal Suburbs,20012
PROP_03852,2026-02-23,1678840,5,2.5,4465,26790,3.0,0,1974,0,Tech Park District,30045
PROP_03853,2026-02-20,432795,2,1.5,2013,12078,2.0,0,1977,0,Tech Park District,30045
PROP_03854,2025-10-11,243146,2,1.5,1993,11958,2.0,0,1951,0,Metro City,10001
PROP_03855,2025-08-25,299770,4,2.0,1934,7736,2.0,0,1963,2016,Metro City,10002
PROP_03856,2025-12-08,199120,1,1.5,1520,7600,2.0,0,1991,0,Tech Park District,30046
PROP_03857,2025-08-04,761887,6,2.5,3511,21066,2.0,0,1964,0,Coastal Suburbs,20013
PROP_03858,2025-10-16,356854,3,1.5,1579,4737,1.5,0,1960,0,Coastal Suburbs,20013
PROP_03859,2025-07-31,660231,6,4.0,2673,16038,3.0,0,2002,0,Coastal Suburbs,20012
PROP_03860,2025-06-16,192694,1,2.0,1357,8142,2.0,0,1983,0,Tech Park District,30045
PROP_03861,2025-11-19,702000,2,2.5,2340,11700,1.0,0,1993,2016,Coastal Suburbs,20012
PROP_03862,2026-01-06,417034,3,1.0,1913,11478,2.0,0,2006,0,Tech Park District,30046
PROP_03863,2025-10-18,358316,1,1.5,1876,9380,1.0,0,1960,0,Tech Park District,30045
PROP_03864,2026-02-24,171387,3,2.0,1233,7398,2.0,0,1989,0,Coastal Suburbs,20011
PROP_03865,2025-07-03,308315,4,1.5,1532,7660,1.0,0,2011,2019,Greenwood Valley,40081
PROP_03866,2025-10-13,328027,3,2.0,1434,7170,2.0,0,1972,2016,Metro City,10001
PROP_03867,2026-05-31,1042290,5,4.0,2817,16902,2.5,0,1974,0,Tech Park District,30046
PROP_03868,2026-03-23,199888,1,2.0,1612,8060,1.5,0,1997,0,Greenwood Valley,40081
PROP_03869,2026-04-18,506753,3,2.5,2293,6879,1.5,0,1967,0,Metro City,10002
PROP_03870,2025-07-10,294000,3,2.5,2352,14112,2.0,0,1953,0,Metro City,10002
PROP_03871,2026-02-10,637743,3,2.5,2373,11865,2.0,0,2007,2023,Tech Park District,30046
PROP_03872,2026-01-20,187275,2,1.0,1135,2270,1.5,0,1977,0,Tech Park District,30046
PROP_03873,2026-02-17,639100,1,1.0,2324,6972,2.0,0,1953,2023,Metro City,10003
PROP_03874,2025-12-02,543706,2,1.5,2298,9192,2.0,1,1968,0,Coastal Suburbs,20011
PROP_03875,2025-06-29,1300650,5,4.0,4350,30450,2.5,0,1991,0,Greenwood Valley,40082
PROP_03876,2026-02-11,349687,3,2.0,1119,5595,2.0,0,1954,2023,Coastal Suburbs,20012
PROP_03877,2026-03-18,1189344,5,4.0,3812,26684,2.5,0,1997,0,Tech Park District,30046
PROP_03878,2025-08-25,294572,2,2.0,1081,5405,2.0,0,1966,2025,Tech Park District,30046
PROP_03879,2025-12-06,374718,2,1.5,2166,12996,1.5,0,1991,0,Tech Park District,30045
PROP_03880,2025-08-20,504328,2,2.0,2084,4168,1.5,0,2012,0,Greenwood Valley,40082
PROP_03881,2025-10-09,1144536,6,4.0,2717,8151,2.0,0,2006,2018,Greenwood Valley,40082
PROP_03882,2025-07-23,1358307,5,2.5,4079,32632,3.0,0,1998,0,Greenwood Valley,40082
PROP_03883,2026-03-21,1581841,5,2.5,3729,22374,3.0,1,1972,0,Tech Park District,30045
PROP_03884,2026-05-12,198789,4,2.0,989,5934,2.0,0,1964,0,Metro City,10004
PROP_03885,2025-07-30,559984,1,1.5,2258,13548,1.0,0,2011,0,Metro City,10002
PROP_03886,2025-09-25,247324,1,2.0,1694,8470,1.0,0,2013,0,Greenwood Valley,40082
PROP_03887,2026-02-16,165078,4,1.0,1019,4076,1.5,0,1973,0,Tech Park District,30045
PROP_03888,2025-06-02,314820,4,2.0,1485,4455,2.0,0,2012,0,Metro City,10002
PROP_03889,2025-06-23,193018,2,1.5,811,2433,1.0,0,1965,0,Coastal Suburbs,20012
PROP_03890,2025-06-07,469437,1,2.0,2030,12180,1.0,0,2006,2021,Metro City,10001
PROP_03891,2025-10-04,248132,4,1.5,1394,4182,1.0,0,1958,0,Tech Park District,30046
PROP_03892,2025-06-24,289737,3,1.5,1533,9198,2.0,0,1999,0,Metro City,10002
PROP_03893,2026-01-28,555806,4,2.0,1845,7380,1.5,0,1963,2019,Greenwood Valley,40081
PROP_03894,2025-12-04,203581,3,2.0,1603,9618,2.0,0,1957,0,Greenwood Valley,40081
PROP_03895,2025-12-14,421515,2,1.0,1653,4959,1.5,0,2014,2023,Metro City,10003
PROP_03896,2025-08-16,4088403,8,6.0,6093,48744,2.5,0,1985,0,Greenwood Valley,40081
PROP_03897,2025-08-31,312936,2,1.0,2006,12036,1.0,0,1967,0,Metro City,10002
PROP_03898,2025-06-19,122880,2,2.0,960,2880,1.5,0,1991,0,Metro City,10003
PROP_03899,2026-03-11,423000,2,1.5,1800,3600,1.0,0,2013,0,Metro City,10004
PROP_03900,2026-05-02,795789,4,3.0,3049,24392,2.5,0,1986,0,Metro City,10001
PROP_03901,2026-01-01,233200,4,2.5,1325,7950,1.5,0,1959,0,Greenwood Valley,40082
PROP_03902,2025-09-23,322461,2,2.0,1327,3981,1.5,0,1980,0,Coastal Suburbs,20011
PROP_03903,2025-11-12,527094,1,2.5,2322,9288,1.5,0,1969,0,Tech Park District,30046
PROP_03904,2025-10-06,1383110,6,2.5,3012,15060,2.5,1,1975,0,Coastal Suburbs,20011
PROP_03905,2025-12-31,274788,4,1.0,1347,2694,1.0,0,2009,0,Coastal Suburbs,20013
PROP_03906,2025-11-11,908068,5,4.0,3164,15820,2.5,0,1988,0,Greenwood Valley,40082
PROP_03907,2025-10-17,228486,4,1.0,1011,3033,1.0,0,2012,0,Greenwood Valley,40082
PROP_03908,2025-07-10,324213,4,2.0,1449,8694,2.0,0,1985,2024,Metro City,10002
PROP_03909,2026-03-20,410176,1,1.0,1972,3944,1.0,0,2014,0,Tech Park District,30046
PROP_03910,2025-12-08,209208,2,2.5,1516,3032,1.0,0,1969,0,Coastal Suburbs,20012
PROP_03911,2025-08-01,244475,2,1.5,1925,9625,1.0,0,2012,0,Coastal Suburbs,20011
PROP_03912,2026-02-13,189000,4,1.0,1575,9450,1.5,0,1964,0,Greenwood Valley,40082
PROP_03913,2026-05-11,207522,2,2.0,1647,4941,1.0,0,1972,0,Greenwood Valley,40082
PROP_03914,2025-06-27,712068,6,4.0,2422,19376,2.0,1,1967,0,Metro City,10001
PROP_03915,2025-08-31,503498,2,1.0,1909,11454,1.0,0,1999,2016,Metro City,10003
PROP_03916,2025-09-23,172308,1,2.5,1038,2076,1.0,0,1983,0,Metro City,10003
PROP_03917,2026-02-20,782043,5,3.0,2581,15486,2.5,0,2015,0,Tech Park District,30045
PROP_03918,2025-06-24,317112,1,1.5,1752,5256,1.0,0,1994,0,Tech Park District,30046
PROP_03919,2025-12-23,605838,2,1.5,2319,11595,1.0,0,1969,2020,Tech Park District,30046
PROP_03920,2025-07-06,363528,3,2.0,1683,6732,1.5,0,2009,0,Metro City,10004
PROP_03921,2026-01-25,172273,1,2.0,1139,6834,1.5,0,1951,2017,Tech Park District,30046
PROP_03922,2025-10-23,325981,4,2.0,1801,3602,1.0,0,2014,0,Coastal Suburbs,20012
PROP_03923,2025-11-07,278304,2,1.5,1784,8920,1.0,0,1976,0,Coastal Suburbs,20011
PROP_03924,2025-11-15,309995,3,2.0,1042,5210,1.5,0,2003,2022,Tech Park District,30046
PROP_03925,2025-07-15,126538,1,1.0,838,3352,2.0,0,1998,0,Metro City,10001
PROP_03926,2026-03-11,293421,2,1.5,2081,6243,1.5,0,1986,0,Tech Park District,30046
PROP_03927,2026-01-20,1384203,4,2.5,3711,29688,2.5,0,1956,0,Greenwood Valley,40082
PROP_03928,2025-06-05,368000,3,2.5,1472,2944,2.0,0,1978,0,Greenwood Valley,40082
PROP_03929,2025-12-06,266124,3,2.0,1324,6620,2.0,0,1952,0,Coastal Suburbs,20011
PROP_03930,2025-09-11,450536,2,2.0,2264,9056,1.0,0,1972,0,Coastal Suburbs,20013
PROP_03931,2025-10-28,209196,3,2.5,894,1788,1.5,0,1981,0,Coastal Suburbs,20012
PROP_03932,2026-03-16,291336,4,2.0,1194,5970,1.0,0,1960,0,Greenwood Valley,40081
PROP_03933,2025-11-03,136440,2,2.5,1137,5685,1.5,0,2005,0,Coastal Suburbs,20011
PROP_03934,2026-04-15,297250,4,1.0,2050,8200,1.5,0,1960,0,Tech Park District,30045
PROP_03935,2025-10-03,313984,1,1.0,1784,7136,2.0,0,1996,0,Coastal Suburbs,20013
PROP_03936,2026-01-24,225335,3,1.5,1205,6025,1.0,0,1967,0,Coastal Suburbs,20011
PROP_03937,2025-12-06,494500,4,1.0,2150,10750,1.5,0,1977,0,Greenwood Valley,40081
PROP_03938,2026-03-30,1067775,5,3.5,3095,12380,2.0,0,1969,0,Tech Park District,30046
PROP_03939,2026-02-08,449115,2,2.0,1895,3790,2.0,0,1997,0,Tech Park District,30045
PROP_03940,2025-09-09,445715,1,1.0,1838,11028,1.5,0,1980,2025,Coastal Suburbs,20012
PROP_03941,2026-03-07,421382,2,2.5,1706,10236,1.0,0,1974,0,Coastal Suburbs,20012
PROP_03942,2025-10-04,218405,4,1.0,1805,9025,2.0,0,1978,0,Metro City,10001
PROP_03943,2025-08-17,1323724,5,3.0,4189,12567,2.5,0,1983,0,Coastal Suburbs,20011
PROP_03944,2025-06-04,132561,1,1.0,927,1854,1.0,0,1979,0,Metro City,10003
PROP_03945,2025-12-27,149328,1,2.0,816,1632,1.0,0,1970,0,Coastal Suburbs,20013
PROP_03946,2025-06-13,305315,4,1.5,1345,5380,1.0,0,1986,0,Metro City,10002
PROP_03947,2025-09-28,474935,1,2.0,2209,13254,2.0,0,2000,2025,Metro City,10003
PROP_03948,2026-03-05,209400,1,1.0,1396,8376,1.5,0,1973,0,Greenwood Valley,40082
PROP_03949,2025-11-25,326376,2,2.5,1511,7555,1.0,0,1959,0,Metro City,10002
PROP_03950,2026-04-22,543678,1,2.5,2294,13764,2.0,0,2007,0,Greenwood Valley,40082
PROP_03951,2026-05-22,313560,3,2.5,1560,9360,1.5,0,2009,0,Greenwood Valley,40082
PROP_03952,2025-06-05,392850,1,1.0,1746,6984,1.0,0,1967,0,Greenwood Valley,40081
PROP_03953,2025-11-19,224844,2,1.5,1371,6855,1.5,0,2005,0,Coastal Suburbs,20012
PROP_03954,2025-06-01,472760,4,1.5,2120,12720,1.5,0,1950,0,Greenwood Valley,40082
PROP_03955,2026-05-03,220785,4,1.5,1077,2154,1.0,0,2015,0,Tech Park District,30045
PROP_03956,2025-12-10,470496,1,1.5,2262,6786,2.0,0,1992,0,Coastal Suburbs,20013
PROP_03957,2025-11-05,236544,2,1.0,1848,11088,2.0,0,2006,0,Greenwood Valley,40082
PROP_03958,2025-07-24,294060,2,1.0,1508,6032,1.0,0,1960,0,Metro City,10001
PROP_03959,2025-09-14,824439,5,2.5,3569,24983,3.0,0,1964,0,Greenwood Valley,40082
PROP_03960,2026-02-27,170280,3,2.5,1290,5160,1.0,0,1982,0,Coastal Suburbs,20012
PROP_03961,2025-09-30,252805,4,2.5,1165,4660,1.0,0,1970,0,Coastal Suburbs,20013
PROP_03962,2026-01-01,135810,2,1.5,1006,4024,1.5,0,1958,0,Greenwood Valley,40081
PROP_03963,2026-02-07,215680,1,1.0,1348,5392,2.0,0,1955,0,Metro City,10004
PROP_03964,2025-07-01,129792,1,1.5,1014,6084,2.0,0,1990,0,Metro City,10001
PROP_03965,2025-08-12,390926,1,2.5,1287,5148,1.0,0,1982,2020,Tech Park District,30046
PROP_03966,2026-05-31,243225,3,1.0,1175,3525,1.0,0,1996,0,Greenwood Valley,40082
PROP_03967,2025-10-22,364310,1,2.0,2143,10715,1.5,0,1998,0,Greenwood Valley,40082
PROP_03968,2025-07-18,231166,3,1.0,911,4555,1.5,0,1972,2021,Greenwood Valley,40082
PROP_03969,2025-06-23,2459590,6,7.5,5999,47992,3.0,0,2000,0,Metro City,10001
PROP_03970,2025-09-27,265045,1,1.5,1342,2684,1.5,0,1985,2020,Greenwood Valley,40082
PROP_03971,2026-02-22,1219106,4,3.5,3286,16430,2.0,0,1983,0,Greenwood Valley,40082
PROP_03972,2025-12-29,1047015,5,2.5,3951,15804,3.0,0,2001,0,Tech Park District,30045
PROP_03973,2026-05-25,574492,4,2.5,2542,12710,3.0,0,1972,0,Coastal Suburbs,20011
PROP_03974,2025-12-08,869582,5,4.0,2506,20048,3.0,0,1970,0,Tech Park District,30045
PROP_03975,2026-01-21,777308,4,4.0,3266,13064,3.0,0,1981,0,Tech Park District,30045
PROP_03976,2025-07-14,362062,2,1.5,1931,9655,1.5,0,1964,2025,Greenwood Valley,40081
PROP_03977,2026-03-25,528417,1,1.5,1846,5538,1.0,0,1972,2024,Coastal Suburbs,20013
PROP_03978,2025-07-19,1210654,6,3.0,3499,17495,2.0,0,1961,0,Metro City,10002
PROP_03979,2026-02-14,281736,4,1.0,1806,10836,1.0,0,1969,0,Greenwood Valley,40081
PROP_03980,2025-08-08,281060,2,2.0,1222,2444,1.5,0,1971,0,Tech Park District,30045
PROP_03981,2026-04-23,302133,3,1.0,2379,9516,2.0,0,1982,0,Greenwood Valley,40081
PROP_03982,2025-12-19,287128,4,1.5,1889,11334,2.0,0,1987,0,Greenwood Valley,40082
PROP_03983,2025-07-09,465520,4,1.5,2024,10120,1.0,0,1986,0,Coastal Suburbs,20011
PROP_03984,2026-03-31,249320,2,1.5,1084,3252,1.5,0,1975,0,Greenwood Valley,40081
PROP_03985,2026-03-18,288172,1,1.5,1497,5988,1.0,0,2012,2025,Coastal Suburbs,20012
PROP_03986,2025-07-02,309424,1,2.0,1328,6640,1.5,0,2004,0,Tech Park District,30046
PROP_03987,2026-01-09,436000,3,2.5,2000,8000,2.0,0,1991,0,Tech Park District,30046
PROP_03988,2026-05-06,241471,2,1.5,1349,5396,1.5,0,1985,0,Tech Park District,30045
PROP_03989,2025-08-06,268200,1,2.5,1788,7152,1.5,0,1991,0,Metro City,10003
PROP_03990,2025-09-30,198352,3,1.0,1012,5060,1.0,0,1974,0,Metro City,10004
PROP_03991,2025-10-28,3561360,8,6.0,6745,80940,2.5,0,1966,0,Greenwood Valley,40082
PROP_03992,2025-10-12,516312,6,3.0,2424,12120,2.5,0,1956,0,Tech Park District,30045
PROP_03993,2025-11-09,242650,1,1.5,1150,2300,2.0,0,1972,0,Metro City,10004
PROP_03994,2025-12-19,733944,4,3.5,3462,20772,3.0,0,1970,0,Metro City,10003
PROP_03995,2026-05-25,1148364,6,2.5,3087,15435,2.0,0,1971,0,Coastal Suburbs,20013
PROP_03996,2025-11-15,1740850,6,3.0,3764,26348,3.0,0,1982,2018,Coastal Suburbs,20012
PROP_03997,2025-11-10,215100,2,2.0,900,5400,1.0,0,2010,0,Greenwood Valley,40081
PROP_03998,2026-01-18,206248,1,2.5,1016,4064,1.0,0,1968,0,Metro City,10002
PROP_03999,2025-10-18,923286,4,2.5,3738,11214,2.5,0,1967,0,Metro City,10003
PROP_04000,2025-09-28,810662,4,4.0,3587,25109,2.5,0,2006,0,Greenwood Valley,40082
PROP_04001,2025-07-09,220625,4,1.5,1765,5295,2.0,0,1963,0,Metro City,10002
PROP_04002,2025-09-12,548948,2,2.0,2356,7068,2.0,0,2004,0,Greenwood Valley,40082
PROP_04003,2025-08-09,439956,2,2.0,2178,13068,2.0,0,2012,0,Metro City,10003
PROP_04004,2026-03-27,125631,4,1.0,891,4455,1.0,0,1956,0,Tech Park District,30046
PROP_04005,2025-07-26,498720,2,2.0,2078,6234,1.0,0,1972,0,Coastal Suburbs,20011
PROP_04006,2025-08-19,1355245,4,3.5,3713,25991,3.0,0,2005,0,Metro City,10003
PROP_04007,2025-07-25,246176,4,1.0,1568,3136,1.0,0,1964,0,Metro City,10003
PROP_04008,2025-08-24,468425,1,1.5,2285,11425,1.5,0,1965,0,Tech Park District,30046
PROP_04009,2026-01-17,420656,4,2.0,1923,3846,1.5,0,2007,2016,Coastal Suburbs,20012
PROP_04010,2026-01-25,165240,1,1.0,1020,2040,1.5,0,1973,0,Metro City,10001
PROP_04011,2025-11-08,487072,3,2.0,1964,7856,1.0,0,1965,0,Tech Park District,30045
PROP_04012,2025-12-26,1080405,4,4.0,2862,14310,2.5,0,1955,2019,Greenwood Valley,40082
PROP_04013,2025-08-01,112398,3,1.5,858,3432,2.0,0,1958,0,Tech Park District,30046
PROP_04014,2026-03-02,341712,4,1.0,2034,12204,2.0,0,1960,0,Metro City,10004
PROP_04015,2025-12-01,674800,5,2.5,3374,26992,2.0,0,1993,0,Coastal Suburbs,20012
PROP_04016,2025-09-15,229074,1,1.0,1569,7845,1.0,0,2006,0,Metro City,10004
PROP_04017,2026-01-18,210444,3,1.5,852,5112,1.5,0,1987,0,Tech Park District,30045
PROP_04018,2025-11-05,224994,2,1.5,974,5844,1.5,0,1999,0,Tech Park District,30046
PROP_04019,2026-01-24,1309670,4,3.5,4294,30058,2.0,0,2015,0,Tech Park District,30046
PROP_04020,2025-10-14,150800,4,1.5,1160,2320,1.0,0,1977,0,Metro City,10004
PROP_04021,2025-08-01,338379,2,1.5,2271,6813,1.5,0,1960,0,Metro City,10004
PROP_04022,2025-07-17,294043,4,2.5,1001,4004,1.0,0,2014,2021,Metro City,10002
PROP_04023,2025-08-20,240500,4,1.0,925,3700,2.0,0,2006,2021,Coastal Suburbs,20012
PROP_04024,2026-05-18,351712,3,2.0,1516,9096,1.5,0,1995,0,Greenwood Valley,40081
PROP_04025,2025-11-03,268750,1,1.0,2150,8600,1.0,0,1992,0,Greenwood Valley,40081
PROP_04026,2026-05-27,1034379,5,3.0,3933,15732,2.0,0,2008,0,Tech Park District,30046
PROP_04027,2026-05-23,7429967,6,7.5,8190,90090,3.0,1,1995,0,Coastal Suburbs,20013
PROP_04028,2026-04-05,582774,2,1.0,2369,9476,1.5,0,1951,0,Tech Park District,30046
PROP_04029,2025-06-21,278345,2,2.0,1555,3110,1.5,0,2005,0,Tech Park District,30045
PROP_04030,2025-09-19,445828,1,1.0,1964,5892,1.0,0,2003,0,Metro City,10004
PROP_04031,2025-11-15,159572,4,1.0,973,4865,2.0,0,2003,0,Coastal Suburbs,20012
PROP_04032,2025-08-15,228690,4,1.0,1188,4752,2.0,0,2007,2016,Metro City,10002
PROP_04033,2025-07-17,160185,2,1.0,905,2715,1.5,0,1955,0,Metro City,10002
PROP_04034,2026-05-31,174592,1,2.5,992,5952,2.0,0,1979,0,Greenwood Valley,40082
PROP_04035,2025-10-06,390813,2,2.0,1649,4947,2.0,0,1993,0,Metro City,10003
PROP_04036,2025-11-30,409500,2,1.5,1575,6300,2.0,0,1969,2025,Metro City,10003
PROP_04037,2025-12-20,272302,4,1.0,1574,7870,1.0,0,1956,0,Greenwood Valley,40082
PROP_04038,2026-02-18,113646,1,2.5,806,1612,2.0,0,1992,0,Coastal Suburbs,20011
PROP_04039,2025-06-26,1180387,5,2.5,3131,9393,3.0,0,1974,0,Tech Park District,30045
PROP_04040,2026-05-13,324145,1,2.0,1345,5380,2.0,0,2005,0,Metro City,10004
PROP_04041,2025-11-01,155694,4,2.5,1011,2022,1.5,0,1955,0,Greenwood Valley,40081
PROP_04042,2025-10-12,306885,1,2.5,1497,7485,1.5,0,1976,2016,Tech Park District,30046
PROP_04043,2025-08-29,277514,2,1.5,1273,6365,1.0,0,1989,0,Coastal Suburbs,20011
PROP_04044,2025-06-16,324320,3,1.0,2027,12162,2.0,0,1958,0,Coastal Suburbs,20013
PROP_04045,2025-12-25,1465428,6,3.0,4211,12633,3.0,0,1977,0,Tech Park District,30045
PROP_04046,2026-01-18,221559,3,1.5,897,1794,2.0,0,1981,0,Greenwood Valley,40082
PROP_04047,2026-03-12,447576,1,1.0,2194,8776,1.5,0,1973,0,Metro City,10001
PROP_04048,2026-03-09,236875,4,2.5,1895,9475,2.0,0,1975,0,Metro City,10003
PROP_04049,2025-10-06,288840,2,1.5,1740,10440,1.0,0,1951,0,Tech Park District,30045
PROP_04050,2025-07-19,550473,1,2.5,2383,11915,2.0,0,1995,0,Coastal Suburbs,20011
PROP_04051,2026-01-23,348120,3,1.5,1934,11604,1.0,0,1959,0,Greenwood Valley,40082
PROP_04052,2025-07-23,181560,3,2.5,1335,8010,2.0,0,1959,0,Tech Park District,30046
PROP_04053,2025-08-11,206048,1,1.5,1096,3288,1.0,0,1984,0,Tech Park District,30046
PROP_04054,2025-08-02,466406,3,2.0,1875,7500,2.0,0,1988,2017,Tech Park District,30046
PROP_04055,2025-06-07,201095,3,2.5,1087,6522,2.0,0,1966,0,Tech Park District,30045
PROP_04056,2025-07-02,301496,2,1.0,1352,4056,2.0,0,1986,0,Metro City,10004
PROP_04057,2025-09-22,210380,3,2.0,1340,5360,2.0,0,1992,0,Metro City,10002
PROP_04058,2025-08-06,384781,1,2.5,1759,8795,2.0,0,1957,2023,Metro City,10002
PROP_04059,2025-09-10,733998,6,3.0,3446,20676,3.0,0,2011,0,Metro City,10002
PROP_04060,2025-12-23,339105,1,1.5,1924,5772,2.0,0,2015,2021,Coastal Suburbs,20013
PROP_04061,2025-12-08,373750,3,2.0,1495,2990,1.5,0,1965,0,Tech Park District,30045
PROP_04062,2026-05-18,353980,4,2.0,1609,8045,1.0,0,1970,0,Metro City,10003
PROP_04063,2026-04-19,282359,1,2.0,1351,5404,1.5,0,1960,0,Coastal Suburbs,20012
PROP_04064,2026-04-27,255892,1,1.0,1406,5624,1.5,0,1983,0,Tech Park District,30046
PROP_04065,2025-07-14,1118625,4,3.0,2983,11932,2.0,0,2014,0,Tech Park District,30046
PROP_04066,2026-03-26,456897,1,2.0,2042,6126,1.0,0,1953,2018,Metro City,10002
PROP_04067,2026-03-28,272890,2,2.0,941,4705,1.5,0,1955,2022,Coastal Suburbs,20011
PROP_04068,2025-10-11,278752,2,2.5,2248,11240,1.5,0,1950,0,Coastal Suburbs,20013
PROP_04069,2025-07-09,246411,3,2.5,1179,4716,2.0,0,1952,0,Greenwood Valley,40082
PROP_04070,2025-06-12,166704,3,1.5,906,1812,1.0,0,1975,0,Coastal Suburbs,20011
PROP_04071,2025-07-04,213906,2,2.5,926,4630,1.5,0,1988,0,Tech Park District,30046
PROP_04072,2025-09-10,212976,2,1.5,1044,2088,2.0,0,2013,0,Coastal Suburbs,20013
PROP_04073,2026-04-27,204218,2,1.5,1006,5030,2.0,0,1995,0,Tech Park District,30046
PROP_04074,2026-01-14,1383151,6,3.5,3905,11715,2.5,1,2000,0,Coastal Suburbs,20012
PROP_04075,2025-08-05,9920736,8,5.0,8436,118104,2.5,1,2002,2024,Coastal Suburbs,20011
PROP_04076,2025-07-18,320450,3,1.5,1885,7540,1.5,0,1954,0,Metro City,10001
PROP_04077,2025-11-17,5853489,6,6.0,8056,48336,3.0,1,2006,0,Coastal Suburbs,20013
PROP_04078,2025-08-02,914760,6,3.0,2520,7560,3.0,0,1994,0,Coastal Suburbs,20012
PROP_04079,2025-06-22,1164117,5,3.0,4214,25284,3.0,0,1956,2024,Tech Park District,30045
PROP_04080,2026-01-23,1064250,6,2.5,3870,19350,2.0,0,2007,0,Tech Park District,30045
PROP_04081,2025-06-26,241094,3,2.5,1013,4052,1.0,0,2012,0,Metro City,10003
PROP_04082,2025-08-26,183654,4,1.5,1074,6444,1.0,0,2008,0,Tech Park District,30045
PROP_04083,2026-03-21,254718,3,1.0,1431,7155,1.5,0,1951,0,Metro City,10001
PROP_04084,2026-01-08,1266203,6,2.5,3649,10947,2.5,0,1973,0,Tech Park District,30046
PROP_04085,2025-12-20,314035,4,2.5,1735,6940,1.0,0,2006,0,Tech Park District,30045
PROP_04086,2026-02-10,1218632,5,3.5,4117,16468,3.0,0,1987,0,Greenwood Valley,40082
PROP_04087,2025-06-16,492738,4,2.0,2003,8012,1.0,0,1965,0,Metro City,10001
PROP_04088,2025-12-13,280876,2,2.0,1633,4899,1.5,0,1972,0,Greenwood Valley,40082
PROP_04089,2026-05-16,1118272,4,3.0,3232,25856,2.0,0,1958,0,Metro City,10001
PROP_04090,2026-01-05,138281,2,1.0,967,4835,1.5,0,1990,0,Metro City,10001
PROP_04091,2025-08-28,2288916,8,5.0,5274,68562,2.5,0,1972,0,Greenwood Valley,40081
PROP_04092,2025-11-29,1565265,5,2.5,4485,13455,3.0,0,1973,0,Coastal Suburbs,20012
PROP_04093,2025-09-18,366465,2,2.5,2221,8884,1.0,0,1989,0,Tech Park District,30046
PROP_04094,2025-09-04,329562,1,2.0,2154,8616,1.5,0,1950,0,Metro City,10002
PROP_04095,2025-10-19,518520,2,1.5,2235,4470,2.0,0,1953,0,Coastal Suburbs,20013
PROP_04096,2025-10-22,321604,3,2.0,1517,4551,2.0,0,1955,0,Greenwood Valley,40081
PROP_04097,2026-01-15,938825,6,3.5,3995,31960,3.0,0,1988,0,Metro City,10002
PROP_04098,2025-08-16,408310,4,1.5,2149,10745,2.0,0,1987,0,Coastal Suburbs,20012
PROP_04099,2025-06-18,424585,3,2.0,1733,6932,1.0,0,1971,0,Tech Park District,30046
PROP_04100,2026-04-11,272676,2,1.5,2199,13194,1.0,0,1951,0,Metro City,10004
PROP_04101,2026-04-14,326430,1,2.5,2106,10530,2.0,0,1984,0,Coastal Suburbs,20013
PROP_04102,2026-04-12,170820,2,1.5,1170,3510,1.0,0,2001,0,Tech Park District,30045
PROP_04103,2025-10-04,774341,4,3.0,3013,12052,2.0,0,1989,0,Coastal Suburbs,20012
PROP_04104,2026-04-28,1212860,5,2.5,3278,22946,3.0,0,1960,0,Tech Park District,30045
PROP_04105,2025-10-30,4049186,7,5.0,7309,58472,2.5,0,2004,0,Tech Park District,30045
PROP_04106,2026-02-11,223000,4,1.0,892,5352,2.0,0,2001,0,Greenwood Valley,40081
PROP_04107,2025-12-28,588900,4,2.0,2265,6795,1.0,0,1995,2020,Metro City,10002
PROP_04108,2026-03-09,329640,1,1.0,1340,8040,2.0,0,1983,0,Greenwood Valley,40081
PROP_04109,2026-02-01,184245,4,1.5,865,2595,1.5,0,1956,0,Coastal Suburbs,20011
PROP_04110,2025-07-02,954110,4,2.5,2614,15684,3.0,0,1981,0,Greenwood Valley,40082
PROP_04111,2025-07-15,521046,4,2.5,1789,7156,2.0,0,2012,2022,Greenwood Valley,40082
PROP_04112,2025-10-22,235683,3,1.5,1827,5481,1.5,0,1973,0,Greenwood Valley,40081
PROP_04113,2025-12-14,236550,3,2.5,1577,3154,2.0,0,1969,0,Tech Park District,30045
PROP_04114,2025-08-10,288330,4,1.5,1373,8238,1.0,0,1970,0,Metro City,10004
PROP_04115,2026-01-01,396725,1,2.5,2267,6801,1.5,0,2010,2016,Coastal Suburbs,20012
PROP_04116,2025-09-11,432900,3,2.0,2220,11100,1.5,0,2011,0,Metro City,10001
PROP_04117,2026-04-26,1284035,5,3.5,3617,18085,3.0,0,2015,0,Metro City,10001
PROP_04118,2026-02-25,1456400,6,4.0,4400,35200,2.5,0,1956,0,Metro City,10004
PROP_04119,2025-10-06,2934252,7,5.0,7263,108945,4.0,0,1977,0,Coastal Suburbs,20012
PROP_04120,2026-04-19,1288700,4,3.5,3682,29456,2.0,1,1974,0,Metro City,10004
PROP_04121,2026-03-06,1029119,4,3.0,3913,19565,2.0,0,2006,0,Coastal Suburbs,20013
PROP_04122,2025-06-10,906840,6,3.5,2519,12595,3.0,0,1963,0,Metro City,10002
PROP_04123,2025-12-13,262926,4,1.5,1082,3246,2.0,0,1954,0,Greenwood Valley,40082
PROP_04124,2025-12-01,327195,4,1.5,1983,3966,2.0,0,1953,0,Coastal Suburbs,20013
PROP_04125,2026-02-01,649608,2,1.0,2373,7119,2.0,0,1958,2020,Greenwood Valley,40082
PROP_04126,2026-03-06,198750,4,2.5,1325,5300,1.5,0,1994,0,Greenwood Valley,40082
PROP_04127,2026-02-04,567141,2,2.5,2393,7179,1.5,0,1979,0,Metro City,10003
PROP_04128,2025-11-24,226920,2,2.0,1830,7320,1.0,0,1966,0,Metro City,10001
PROP_04129,2026-03-17,162338,3,1.5,1034,4136,1.0,0,1980,0,Greenwood Valley,40081
PROP_04130,2026-02-13,377230,1,2.5,1585,4755,2.0,0,2006,0,Metro City,10003
PROP_04131,2025-11-12,478912,4,1.0,2138,12828,2.0,0,1953,0,Greenwood Valley,40081
PROP_04132,2025-12-16,1204438,5,4.0,3574,10722,3.0,0,1979,0,Tech Park District,30046
PROP_04133,2025-10-17,277628,3,2.5,1124,6744,1.0,0,2011,0,Greenwood Valley,40082
PROP_04134,2025-09-01,292200,1,1.0,974,1948,1.0,0,1980,2017,Greenwood Valley,40081
PROP_04135,2025-06-14,155760,4,2.0,944,5664,2.0,0,1976,2018,Coastal Suburbs,20013
PROP_04136,2025-11-11,306552,1,1.5,1272,7632,2.0,0,1983,0,Tech Park District,30045
PROP_04137,2026-04-02,553142,3,2.0,2374,9496,1.5,0,2013,0,Tech Park District,30046
PROP_04138,2025-09-21,210100,4,2.5,955,4775,1.5,0,1999,0,Coastal Suburbs,20012
PROP_04139,2025-06-16,972720,6,4.0,2895,11580,2.5,0,1971,0,Tech Park District,30045
PROP_04140,2025-10-22,1055262,4,3.5,3237,9711,3.0,0,1953,0,Greenwood Valley,40081
PROP_04141,2025-06-30,5718924,7,4.5,8361,58527,3.0,0,1964,0,Coastal Suburbs,20013
PROP_04142,2026-01-28,196479,4,1.5,1149,4596,2.0,0,1974,0,Greenwood Valley,40081
PROP_04143,2026-02-27,1085812,5,3.0,4396,35168,2.0,0,2014,0,Coastal Suburbs,20013
PROP_04144,2025-12-01,121656,2,1.0,888,3552,1.0,0,1970,0,Metro City,10002
PROP_04145,2026-03-27,284258,4,2.5,1682,8410,2.0,0,1962,0,Metro City,10002
PROP_04146,2025-09-28,282162,2,2.5,1517,3034,1.0,0,1964,0,Tech Park District,30045
PROP_04147,2025-08-21,458750,1,2.0,1468,2936,2.0,0,1984,2022,Metro City,10004
PROP_04148,2025-07-22,1174550,5,2.5,3475,10425,2.5,0,1987,0,Tech Park District,30045
PROP_04149,2025-10-05,210560,1,1.0,896,4480,1.5,0,2010,0,Tech Park District,30045
PROP_04150,2026-05-03,682222,6,3.5,2594,10376,2.0,0,1965,0,Tech Park District,30046
PROP_04151,2025-10-02,269001,3,2.0,2187,13122,1.5,0,1981,0,Coastal Suburbs,20012
PROP_04152,2025-10-15,379200,3,2.0,2400,12000,1.5,0,1980,0,Greenwood Valley,40082
PROP_04153,2026-03-01,175934,1,2.5,1454,2908,1.5,0,2001,0,Greenwood Valley,40082
PROP_04154,2025-06-29,488994,3,1.0,2046,12276,1.0,0,1967,0,Greenwood Valley,40082
PROP_04155,2025-09-21,341609,1,1.5,1619,3238,1.5,0,1988,0,Metro City,10004
PROP_04156,2026-03-22,282871,3,2.5,1481,2962,2.0,0,1988,0,Coastal Suburbs,20013
PROP_04157,2025-12-16,1095120,6,3.0,3744,29952,2.5,0,1967,2019,Tech Park District,30045
PROP_04158,2025-11-29,335972,4,2.0,1846,9230,1.0,0,1955,0,Tech Park District,30045
PROP_04159,2025-08-28,785802,5,2.5,3477,13908,2.5,0,2012,0,Tech Park District,30046
PROP_04160,2025-08-30,176204,4,1.0,868,5208,2.0,0,2000,0,Coastal Suburbs,20011
PROP_04161,2025-09-30,722545,4,1.0,2369,7107,1.5,0,1996,2024,Metro City,10003
PROP_04162,2026-03-31,1488176,6,4.0,4496,13488,2.5,0,1955,0,Tech Park District,30045
PROP_04163,2025-11-10,351588,4,2.0,2118,8472,2.0,0,1960,0,Tech Park District,30045
PROP_04164,2026-05-24,367632,4,2.0,1776,8880,1.0,0,1993,0,Greenwood Valley,40082
PROP_04165,2025-12-01,293940,3,2.5,1380,4140,1.0,0,1989,0,Coastal Suburbs,20012
PROP_04166,2026-03-30,359632,2,2.5,1729,3458,1.0,0,1999,0,Metro City,10003
PROP_04167,2025-06-15,349566,3,1.5,1722,10332,1.0,0,1982,0,Greenwood Valley,40081
PROP_04168,2026-05-27,218900,3,2.5,880,4400,2.0,0,1975,2019,Metro City,10004
PROP_04169,2026-05-25,427482,2,1.5,2286,6858,1.0,0,1981,0,Greenwood Valley,40082
PROP_04170,2025-11-28,469852,2,1.5,2326,4652,1.5,0,1976,0,Tech Park District,30046
PROP_04171,2026-03-18,173437,1,1.0,1110,6660,1.0,0,1976,2022,Greenwood Valley,40081
PROP_04172,2026-03-16,1187730,5,2.5,4482,35856,3.0,0,1989,0,Greenwood Valley,40082
PROP_04173,2025-08-12,4361687,7,7.5,7346,88152,3.0,0,1987,2018,Metro City,10004
PROP_04174,2026-03-16,1136415,4,3.0,2877,14385,2.0,0,1991,2018,Tech Park District,30045
PROP_04175,2025-09-05,939744,5,4.0,4016,12048,2.5,0,1974,0,Greenwood Valley,40081
PROP_04176,2026-02-08,710325,4,4.0,2583,7749,2.5,0,1989,0,Metro City,10001
PROP_04177,2026-03-05,3876622,9,6.0,6854,41124,3.0,1,2008,0,Coastal Suburbs,20012
PROP_04178,2025-11-06,1014169,4,3.0,2873,14365,3.0,0,2013,0,Coastal Suburbs,20011
PROP_04179,2025-08-29,374542,1,1.5,1726,6904,1.0,0,1985,0,Metro City,10004
PROP_04180,2026-02-07,346112,2,1.5,2048,10240,2.0,0,1966,0,Greenwood Valley,40082
PROP_04181,2025-06-20,153884,3,2.5,1241,4964,1.5,0,1958,0,Greenwood Valley,40081
PROP_04182,2025-07-17,837980,6,3.5,2930,14650,2.0,0,1996,0,Metro City,10003
PROP_04183,2025-06-29,1255897,5,3.5,3513,24591,3.0,0,1987,2021,Metro City,10001
PROP_04184,2025-09-28,268920,1,1.0,1080,2160,2.0,0,2010,0,Metro City,10003
PROP_04185,2026-04-05,201405,4,1.0,1389,4167,1.0,0,1950,0,Greenwood Valley,40081
PROP_04186,2025-09-21,221950,3,1.5,965,1930,1.0,0,1990,0,Greenwood Valley,40082
PROP_04187,2025-06-11,237148,4,1.5,1174,3522,2.0,0,1984,0,Tech Park District,30046
PROP_04188,2026-02-25,318325,3,2.5,1819,5457,2.0,0,2002,0,Metro City,10004
PROP_04189,2026-01-31,3809532,9,6.0,7284,94692,4.0,0,1992,0,Metro City,10004
PROP_04190,2025-06-01,343962,3,1.0,1746,6984,2.0,0,2009,0,Coastal Suburbs,20013
PROP_04191,2025-11-17,260800,1,2.5,1600,4800,1.5,0,1996,0,Metro City,10003
PROP_04192,2026-04-11,809760,5,3.0,3360,13440,3.0,0,1966,0,Coastal Suburbs,20012
PROP_04193,2025-09-12,221145,2,2.5,1282,3846,1.0,0,1983,2022,Greenwood Valley,40081
PROP_04194,2025-08-06,367575,1,1.5,1885,3770,2.0,0,1960,0,Tech Park District,30046
PROP_04195,2025-11-22,168910,4,1.0,889,1778,2.0,0,1984,0,Coastal Suburbs,20011
PROP_04196,2025-08-30,1030256,6,2.5,3389,16945,2.0,0,1952,0,Metro City,10003
PROP_04197,2025-11-13,236670,4,2.0,1470,8820,2.0,0,1994,0,Greenwood Valley,40082
PROP_04198,2025-07-01,362456,3,2.5,1487,5948,2.0,0,1989,2025,Greenwood Valley,40082
PROP_04199,2025-06-12,389002,1,1.0,2034,6102,1.0,0,2002,2020,Coastal Suburbs,20012
PROP_04200,2025-08-15,1200310,4,2.5,4139,24834,2.0,0,1972,0,Tech Park District,30045
PROP_04201,2026-03-28,389136,4,1.0,2211,8844,1.0,0,1990,0,Metro City,10003
PROP_04202,2026-05-27,287542,1,1.5,1319,2638,1.5,0,1977,0,Greenwood Valley,40082
PROP_04203,2025-08-12,1460245,5,3.5,3236,12944,3.0,0,1988,2023,Coastal Suburbs,20011
PROP_04204,2025-07-27,436540,4,2.0,1898,7592,2.0,0,1995,0,Greenwood Valley,40081
PROP_04205,2026-02-25,643431,4,1.5,2101,4202,2.0,0,2015,2024,Greenwood Valley,40081
PROP_04206,2025-12-04,468440,3,1.5,1960,11760,2.0,0,2002,0,Metro City,10003
PROP_04207,2025-07-08,201600,3,2.5,960,1920,2.0,0,1996,0,Metro City,10004
PROP_04208,2025-12-09,897990,6,2.5,4045,28315,2.5,0,1997,0,Metro City,10004
PROP_04209,2026-05-27,336171,4,1.5,2013,10065,1.0,0,2003,0,Metro City,10001
PROP_04210,2026-05-06,1148169,4,3.5,3163,9489,2.5,0,1958,0,Metro City,10003
PROP_04211,2025-12-20,299712,1,2.0,1344,4032,1.5,0,1966,0,Greenwood Valley,40082
PROP_04212,2026-03-28,547846,1,1.0,2218,6654,2.0,0,1963,0,Metro City,10003
PROP_04213,2025-07-22,375756,4,2.0,2076,6228,1.0,0,1954,0,Greenwood Valley,40081
PROP_04214,2025-11-20,321244,1,2.0,1639,6556,1.0,1,2006,0,Coastal Suburbs,20012
PROP_04215,2025-11-02,334902,3,2.5,1229,2458,1.0,0,2008,2017,Metro City,10001
PROP_04216,2025-11-13,257985,3,2.0,1404,5616,2.0,0,1978,2018,Greenwood Valley,40081
PROP_04217,2025-08-09,1459882,4,4.0,3191,15955,2.0,0,1952,2020,Tech Park District,30046
PROP_04218,2025-08-20,1637372,5,3.5,4378,13134,3.0,0,1999,0,Metro City,10004
PROP_04219,2026-01-10,175420,1,1.5,980,3920,1.5,0,1986,0,Tech Park District,30045
PROP_04220,2026-04-24,1137100,4,4.0,3425,27400,2.5,0,1985,0,Metro City,10004
PROP_04221,2026-02-05,347922,2,2.5,2274,11370,1.5,0,1962,0,Tech Park District,30045
PROP_04222,2026-04-29,1283840,5,3.0,3776,15104,2.5,0,1982,2021,Metro City,10004
PROP_04223,2025-11-10,255552,4,2.0,2112,6336,1.0,0,1974,0,Metro City,10001
PROP_04224,2025-08-29,186850,2,2.5,1010,2020,2.0,0,1971,0,Coastal Suburbs,20013
PROP_04225,2026-05-29,379960,2,2.5,1288,5152,1.0,0,1966,2024,Tech Park District,30046
PROP_04226,2026-03-15,308967,3,1.5,1489,2978,1.0,0,2007,2020,Greenwood Valley,40081
PROP_04227,2026-05-22,264195,3,2.5,1026,3078,1.5,0,2013,2025,Greenwood Valley,40081
PROP_04228,2026-04-11,280563,1,1.5,2281,4562,1.0,0,1969,0,Tech Park District,30045
PROP_04229,2025-11-30,841731,4,3.0,3327,26616,3.0,0,1988,0,Tech Park District,30045
PROP_04230,2025-09-23,730278,4,3.0,2798,13990,3.0,0,1975,0,Coastal Suburbs,20012
PROP_04231,2026-05-07,294121,2,2.5,1493,8958,1.5,0,1959,0,Greenwood Valley,40082
PROP_04232,2026-03-29,964947,4,3.0,3669,18345,2.5,0,1970,0,Greenwood Valley,40082
PROP_04233,2025-08-29,246180,3,2.0,1119,6714,1.0,0,1963,0,Greenwood Valley,40082
PROP_04234,2025-12-11,380688,3,1.5,1848,3696,2.0,0,1983,0,Greenwood Valley,40082
PROP_04235,2025-11-05,211468,4,2.5,811,3244,2.0,1,1959,2020,Greenwood Valley,40081
PROP_04236,2026-05-19,367536,3,2.5,1612,6448,1.0,0,2011,0,Metro City,10004
PROP_04237,2025-10-29,214491,2,2.0,1007,3021,2.0,0,2002,0,Tech Park District,30045
PROP_04238,2025-08-05,234843,3,2.5,1477,2954,1.5,0,1969,0,Coastal Suburbs,20011
PROP_04239,2025-08-30,474142,3,2.5,1621,3242,1.5,0,2002,2021,Coastal Suburbs,20011
PROP_04240,2025-06-01,517328,2,1.5,2384,9536,1.5,0,2012,0,Greenwood Valley,40081
PROP_04241,2026-05-26,524960,2,2.0,2176,6528,2.0,0,1978,2019,Greenwood Valley,40081
PROP_04242,2026-03-21,535039,2,1.0,2357,4714,2.0,0,2007,0,Tech Park District,30045
PROP_04243,2025-12-18,171536,4,2.5,1208,3624,1.0,0,1962,0,Tech Park District,30046
PROP_04244,2026-03-18,2084871,6,3.0,4014,28098,2.5,1,1960,0,Tech Park District,30046
PROP_04245,2025-06-17,427512,3,1.5,2274,13644,2.0,0,1952,0,Greenwood Valley,40081
PROP_04246,2025-09-02,413792,3,2.0,2144,4288,1.0,0,1971,0,Tech Park District,30045
PROP_04247,2026-04-05,138996,4,2.0,858,3432,1.5,0,1971,0,Tech Park District,30045
PROP_04248,2025-11-10,213987,1,1.0,901,2703,1.5,0,1978,2024,Tech Park District,30045
PROP_04249,2026-04-10,256434,2,2.0,1623,3246,1.0,0,1995,0,Metro City,10001
PROP_04250,2025-09-22,260470,2,1.0,2135,8540,1.0,0,2005,0,Greenwood Valley,40081
PROP_04251,2026-04-24,1673557,4,3.5,4239,29673,2.0,1,1985,0,Metro City,10003
PROP_04252,2026-03-17,381176,2,1.5,1537,9222,2.0,0,2012,0,Greenwood Valley,40082
PROP_04253,2025-07-24,251503,3,1.0,1159,2318,1.0,0,1954,0,Metro City,10004
PROP_04254,2026-02-10,384780,4,1.5,1749,5247,1.0,0,1984,0,Coastal Suburbs,20012
PROP_04255,2025-08-12,263925,2,2.5,918,3672,1.5,0,1970,2024,Coastal Suburbs,20012
PROP_04256,2025-11-17,200475,3,2.5,891,1782,2.0,0,1965,0,Tech Park District,30046
PROP_04257,2025-07-10,4595360,8,7.5,7460,37300,2.5,0,2014,0,Tech Park District,30045
PROP_04258,2025-09-30,3115112,9,6.0,5446,38122,3.0,0,1977,0,Greenwood Valley,40082
PROP_04259,2025-11-25,233597,1,1.5,1057,5285,2.0,0,1964,0,Metro City,10002
PROP_04260,2025-11-11,3784995,7,7.5,6692,53536,3.0,1,1977,0,Greenwood Valley,40082
PROP_04261,2025-08-25,272238,3,1.0,1734,6936,1.5,0,1955,0,Greenwood Valley,40081
PROP_04262,2026-04-22,292197,4,2.0,1689,8445,1.0,0,2000,0,Greenwood Valley,40082
PROP_04263,2025-07-16,767766,4,3.0,3121,12484,2.0,0,1962,0,Metro City,10002
PROP_04264,2026-05-29,731663,5,4.0,3281,19686,3.0,0,1972,0,Greenwood Valley,40081
PROP_04265,2026-05-10,1274400,6,3.0,4425,35400,2.5,0,1950,0,Tech Park District,30046
PROP_04266,2026-04-24,949642,6,3.0,3034,9102,2.0,0,1951,0,Coastal Suburbs,20013
PROP_04267,2025-11-19,1413220,6,2.5,3719,11157,3.0,0,1987,0,Tech Park District,30046
PROP_04268,2026-01-15,2965495,7,5.0,5305,58355,4.0,0,1980,0,Metro City,10001
PROP_04269,2025-06-06,336525,1,1.5,1923,3846,2.0,0,1981,0,Coastal Suburbs,20012
PROP_04270,2025-10-14,181056,2,2.5,943,3772,2.0,0,2013,0,Coastal Suburbs,20012
PROP_04271,2025-09-16,1353785,5,2.5,3709,25963,2.0,0,1959,0,Metro City,10003
PROP_04272,2025-10-06,998725,6,3.0,3073,12292,2.0,0,2014,0,Tech Park District,30045
PROP_04273,2026-05-21,129409,2,1.0,931,1862,2.0,0,1950,0,Tech Park District,30045
PROP_04274,2025-07-05,180992,2,2.5,1414,7070,2.0,0,1961,0,Coastal Suburbs,20011
PROP_04275,2025-11-27,431697,2,2.0,2359,9436,1.5,0,2012,0,Tech Park District,30046
PROP_04276,2025-10-10,252044,4,2.0,1924,7696,1.5,0,1969,0,Tech Park District,30046
PROP_04277,2025-07-26,125081,2,1.0,913,5478,1.0,0,1961,0,Coastal Suburbs,20013
PROP_04278,2025-06-01,228165,2,1.5,1435,2870,1.0,0,1988,0,Coastal Suburbs,20013
PROP_04279,2025-06-25,231876,4,1.5,1017,2034,1.5,0,1987,0,Metro City,10003
PROP_04280,2025-12-15,1266900,5,4.0,4100,12300,3.0,0,2006,0,Metro City,10004
PROP_04281,2026-01-11,203770,1,2.0,1148,6888,1.5,0,1957,2020,Greenwood Valley,40081
PROP_04282,2026-01-01,418704,2,2.0,2013,6039,1.0,0,1962,0,Metro City,10001
PROP_04283,2025-08-25,779310,5,2.5,3711,14844,3.0,0,1989,0,Greenwood Valley,40081
PROP_04284,2025-12-29,909636,5,4.0,2499,12495,2.0,0,1992,0,Greenwood Valley,40081
PROP_04285,2026-02-08,132125,1,2.0,1057,2114,1.5,0,2006,0,Metro City,10004
PROP_04286,2025-12-11,810900,5,3.0,3060,12240,3.0,0,1987,0,Greenwood Valley,40082
PROP_04287,2025-11-27,532158,1,1.5,2199,4398,1.0,0,1951,0,Coastal Suburbs,20013
PROP_04288,2026-03-07,293923,2,1.5,1477,2954,1.5,0,1960,0,Coastal Suburbs,20011
PROP_04289,2025-12-10,823962,6,3.0,3086,21602,2.5,0,1962,0,Tech Park District,30046
PROP_04290,2025-07-22,700600,3,1.5,2260,9040,2.0,0,1969,2021,Tech Park District,30045
PROP_04291,2026-02-01,427915,4,2.0,2281,6843,1.0,1,1984,0,Tech Park District,30046
PROP_04292,2026-03-23,381425,3,1.0,1825,3650,1.5,0,1980,0,Coastal Suburbs,20011
PROP_04293,2026-04-30,313072,3,1.0,2302,13812,2.0,0,1982,0,Greenwood Valley,40081
PROP_04294,2026-05-18,432390,1,1.5,2059,6177,2.0,0,1993,0,Greenwood Valley,40081
PROP_04295,2025-09-24,853530,4,2.5,2474,12370,2.0,0,2013,2020,Tech Park District,30045
PROP_04296,2025-08-23,344754,2,2.0,1611,6444,1.0,0,1962,0,Greenwood Valley,40082
PROP_04297,2026-01-18,405684,3,1.0,2292,11460,2.0,0,1985,0,Metro City,10002
PROP_04298,2025-07-08,846720,6,4.0,2646,7938,3.0,0,1964,2023,Greenwood Valley,40082
PROP_04299,2025-06-18,1034240,6,4.0,3232,12928,2.0,0,1980,2023,Coastal Suburbs,20012
PROP_04300,2025-10-29,383600,3,1.5,1918,9590,1.0,0,1982,2016,Tech Park District,30045
PROP_04301,2025-06-11,400678,2,2.5,2251,9004,2.0,0,1993,0,Metro City,10002
PROP_04302,2025-11-11,251930,4,2.0,826,4956,2.0,0,1983,2019,Metro City,10002
PROP_04303,2025-10-12,415670,1,1.5,1688,6752,1.0,0,1967,2024,Tech Park District,30045
PROP_04304,2025-07-24,231128,2,2.0,1384,6920,1.5,0,2012,0,Tech Park District,30045
PROP_04305,2025-07-08,321204,2,1.0,1508,6032,1.0,0,2009,0,Greenwood Valley,40081
PROP_04306,2025-11-23,657974,4,3.0,2446,12230,2.0,0,1964,0,Tech Park District,30046
PROP_04307,2025-08-27,300140,4,2.0,1396,4188,1.0,0,1964,2016,Coastal Suburbs,20013
PROP_04308,2025-12-10,337216,1,1.0,1916,3832,2.0,0,1961,0,Coastal Suburbs,20013
PROP_04309,2025-08-22,429400,3,2.5,1900,9500,1.0,0,1977,0,Tech Park District,30045
PROP_04310,2025-07-09,373890,1,2.0,1236,4944,1.5,0,1993,2016,Tech Park District,30046
PROP_04311,2026-03-08,195692,1,2.5,964,2892,1.5,0,2015,0,Coastal Suburbs,20011
PROP_04312,2025-07-18,217143,2,2.5,1049,4196,1.5,0,1987,0,Metro City,10004
PROP_04313,2025-11-21,1020998,5,3.0,4219,16876,2.0,0,1975,0,Tech Park District,30046
PROP_04314,2026-04-01,250066,3,2.0,1289,3867,1.5,0,1953,0,Coastal Suburbs,20011
PROP_04315,2026-04-11,283833,2,2.0,1551,9306,1.0,0,1965,0,Tech Park District,30046
PROP_04316,2026-02-03,384120,1,2.0,2328,4656,1.5,0,2010,0,Metro City,10003
PROP_04317,2026-05-27,309060,3,2.0,1818,3636,2.0,0,1975,2018,Tech Park District,30045
PROP_04318,2025-06-16,304482,1,2.0,1637,3274,1.0,0,2006,0,Tech Park District,30045
PROP_04319,2026-01-07,226500,3,2.0,1510,7550,1.0,0,1983,0,Coastal Suburbs,20012
PROP_04320,2026-05-01,3576353,6,4.5,7561,90732,3.0,0,1974,0,Tech Park District,30046
PROP_04321,2025-08-24,349928,3,1.0,2108,8432,1.0,0,2007,0,Greenwood Valley,40082
PROP_04322,2026-04-07,262080,3,1.5,1560,3120,1.5,0,1979,0,Greenwood Valley,40082
PROP_04323,2026-01-09,340315,2,2.0,2347,7041,1.5,0,1987,0,Coastal Suburbs,20012
PROP_04324,2025-08-20,414920,1,2.0,1886,5658,1.0,0,1977,0,Metro City,10004
PROP_04325,2025-06-28,352692,3,2.0,1818,7272,1.5,0,1975,0,Metro City,10001
PROP_04326,2025-07-22,265111,2,1.0,1619,3238,2.0,0,1971,2024,Greenwood Valley,40081
PROP_04327,2025-11-17,1215984,6,3.0,3234,16170,3.0,0,2000,0,Greenwood Valley,40082
PROP_04328,2025-09-14,179330,3,2.5,1135,2270,2.0,0,2003,0,Coastal Suburbs,20012
PROP_04329,2025-09-06,1031734,6,3.0,4078,32624,2.5,0,2005,0,Greenwood Valley,40082
PROP_04330,2025-12-27,323208,2,1.5,1091,2182,2.0,0,2007,2025,Metro City,10004
PROP_04331,2026-05-23,597453,4,2.5,2309,6927,1.0,0,1978,2023,Tech Park District,30045
PROP_04332,2026-03-11,329238,4,1.5,1742,8710,1.0,0,1981,0,Greenwood Valley,40082
PROP_04333,2026-03-04,351225,1,2.5,2007,12042,1.0,0,1959,0,Metro City,10004
PROP_04334,2025-10-14,310496,3,2.5,1252,7512,1.0,0,2008,0,Greenwood Valley,40081
PROP_04335,2026-05-05,206250,4,2.5,1250,5000,2.0,0,1995,2025,Metro City,10004
PROP_04336,2025-10-23,149544,4,2.0,804,1608,2.0,0,2008,0,Greenwood Valley,40081
PROP_04337,2025-10-31,207220,4,1.0,1594,7970,1.0,0,2006,0,Coastal Suburbs,20013
PROP_04338,2025-09-30,499375,4,1.5,2125,10625,2.0,0,2004,0,Coastal Suburbs,20013
PROP_04339,2025-07-20,416655,3,1.5,1773,5319,1.5,0,1996,0,Greenwood Valley,40082
PROP_04340,2025-06-26,558496,3,1.0,2252,6756,2.0,0,1956,0,Tech Park District,30045
PROP_04341,2025-12-19,988766,6,3.0,2419,19352,2.5,0,2011,2025,Greenwood Valley,40082
PROP_04342,2026-03-20,1362252,4,3.5,4097,32776,2.0,0,1955,2024,Greenwood Valley,40081
PROP_04343,2026-03-09,823075,6,2.5,2993,11972,2.0,0,1999,0,Metro City,10002
PROP_04344,2026-02-07,339150,3,2.5,1615,8075,1.0,0,2013,0,Greenwood Valley,40082
PROP_04345,2025-08-18,438328,2,1.5,2344,14064,1.0,0,1953,0,Tech Park District,30045
PROP_04346,2025-06-28,1249645,6,2.5,4265,25590,2.5,0,2007,0,Metro City,10002
PROP_04347,2025-12-02,184426,3,2.0,913,4565,1.0,0,1988,0,Tech Park District,30045
PROP_04348,2025-06-02,200560,4,2.0,1090,6540,1.5,0,2010,0,Metro City,10002
PROP_04349,2026-01-05,202406,1,2.5,1275,2550,2.0,0,1960,2025,Metro City,10004
PROP_04350,2025-07-15,213378,1,1.0,1166,3498,1.0,0,2005,0,Greenwood Valley,40082
PROP_04351,2025-10-29,299097,2,1.5,1503,6012,1.0,0,1962,0,Coastal Suburbs,20011
PROP_04352,2026-05-05,262125,4,1.5,2097,4194,1.0,0,1971,0,Tech Park District,30046
PROP_04353,2026-04-17,296400,2,2.5,1482,5928,1.5,0,1962,0,Metro City,10003
PROP_04354,2026-04-04,234300,2,2.5,1420,8520,1.5,0,2002,0,Greenwood Valley,40082
PROP_04355,2026-02-01,222191,4,1.5,921,2763,2.0,0,1975,2022,Greenwood Valley,40082
PROP_04356,2025-09-11,244660,2,2.0,1882,11292,2.0,0,1952,0,Metro City,10003
PROP_04357,2025-07-20,226812,4,1.0,922,3688,1.5,0,1962,0,Metro City,10002
PROP_04358,2025-06-14,317600,4,1.0,1588,9528,2.0,0,1953,0,Coastal Suburbs,20013
PROP_04359,2025-09-14,510055,4,2.5,2065,4130,1.5,0,1992,0,Metro City,10002
PROP_04360,2025-08-27,352796,3,1.5,1982,9910,2.0,0,2009,0,Tech Park District,30045
PROP_04361,2026-04-23,222573,1,1.0,1317,2634,1.5,0,1971,0,Greenwood Valley,40081
PROP_04362,2025-10-28,206025,1,1.0,1340,4020,1.0,0,1954,2024,Greenwood Valley,40082
PROP_04363,2025-07-12,172209,2,1.5,1257,5028,2.0,0,1979,0,Greenwood Valley,40082
PROP_04364,2026-01-29,517280,3,2.5,2120,8480,1.5,0,1978,0,Coastal Suburbs,20011
PROP_04365,2025-07-30,248976,3,1.0,1482,7410,1.0,0,1961,0,Tech Park District,30045
PROP_04366,2025-11-05,196233,4,1.5,1317,6585,2.0,0,2009,0,Coastal Suburbs,20011
PROP_04367,2025-12-21,207900,2,1.0,880,3520,1.5,0,1965,2018,Coastal Suburbs,20012
PROP_04368,2026-01-28,244850,4,2.5,1475,5900,1.0,0,1999,0,Greenwood Valley,40081
PROP_04369,2026-02-06,620340,5,2.5,2940,11760,3.0,0,1969,0,Metro City,10001
PROP_04370,2026-05-05,1538736,4,3.5,3719,29752,2.0,0,2002,2023,Coastal Suburbs,20011
PROP_04371,2025-10-14,206150,1,2.5,1085,6510,1.5,0,1992,0,Coastal Suburbs,20013
PROP_04372,2025-07-17,268242,2,2.0,1482,8892,1.5,0,1965,0,Tech Park District,30045
PROP_04373,2026-04-25,520738,4,1.5,2294,9176,2.0,0,1996,0,Metro City,10002
PROP_04374,2026-03-06,326560,1,2.5,2041,8164,1.5,0,1965,0,Metro City,10002
PROP_04375,2025-12-16,326098,1,2.0,1583,7915,1.5,0,2006,0,Tech Park District,30045
PROP_04376,2025-09-03,286878,2,1.5,2094,12564,2.0,0,1951,0,Coastal Suburbs,20012
PROP_04377,2025-12-07,347886,3,1.5,1319,6595,2.0,0,1987,2016,Coastal Suburbs,20013
PROP_04378,2025-12-13,383672,3,1.0,1592,9552,1.0,0,2015,0,Tech Park District,30046
PROP_04379,2025-12-07,532272,4,4.0,2559,10236,2.5,0,1996,0,Tech Park District,30046
PROP_04380,2025-09-04,326986,2,1.0,1958,11748,2.0,0,1950,0,Metro City,10003
PROP_04381,2026-01-15,259600,1,1.0,1475,4425,1.0,0,1976,0,Greenwood Valley,40082
PROP_04382,2025-06-23,349945,3,1.5,1955,9775,2.0,0,1989,0,Greenwood Valley,40082
PROP_04383,2025-10-13,169415,1,1.5,1093,4372,1.0,0,1995,0,Coastal Suburbs,20013
PROP_04384,2026-01-12,166032,1,2.5,1153,5765,1.5,0,1966,0,Tech Park District,30045
PROP_04385,2026-01-25,446006,3,2.0,2134,8536,1.5,0,1951,0,Metro City,10001
PROP_04386,2025-10-13,392616,1,1.0,1596,9576,1.0,0,1963,0,Tech Park District,30046
PROP_04387,2025-09-24,119520,4,1.5,830,4980,2.0,0,1988,0,Greenwood Valley,40082
PROP_04388,2025-10-16,151140,4,1.5,916,3664,1.0,0,1988,0,Greenwood Valley,40081
PROP_04389,2026-03-16,333336,1,2.5,1938,7752,1.5,0,1989,0,Tech Park District,30045
PROP_04390,2025-07-02,157920,1,1.0,1120,6720,1.0,0,1970,0,Metro City,10003
PROP_04391,2025-08-17,393080,4,2.0,1585,6340,1.5,0,1975,0,Greenwood Valley,40082
PROP_04392,2026-05-23,244800,3,1.0,1632,9792,1.5,0,2010,2016,Coastal Suburbs,20011
PROP_04393,2026-05-08,371308,4,1.0,2086,6258,1.5,0,1966,0,Metro City,10003
PROP_04394,2025-07-20,180848,2,1.0,1424,7120,1.5,0,2015,0,Greenwood Valley,40082
PROP_04395,2025-07-14,411444,3,1.5,2078,10390,2.0,0,2007,0,Coastal Suburbs,20011
PROP_04396,2026-05-09,736406,4,4.0,3043,15215,3.0,0,1971,0,Greenwood Valley,40081
PROP_04397,2025-11-24,182771,1,2.5,947,5682,1.5,0,2001,0,Coastal Suburbs,20011
PROP_04398,2026-03-05,898938,5,3.5,2511,12555,3.0,0,1995,0,Greenwood Valley,40081
PROP_04399,2025-12-29,166704,4,1.0,1208,4832,1.0,0,1969,0,Coastal Suburbs,20012
PROP_04400,2026-03-29,224070,4,1.5,970,5820,1.5,0,1956,0,Metro City,10002
PROP_04401,2025-09-25,278200,3,1.0,1391,4173,2.0,0,1998,0,Tech Park District,30045
PROP_04402,2026-03-11,209944,4,2.0,1304,2608,2.0,0,1989,0,Metro City,10004
PROP_04403,2025-07-02,7683675,6,6.0,7676,61408,2.5,1,2011,0,Greenwood Valley,40082
PROP_04404,2025-12-16,553554,4,2.5,2278,13668,1.0,0,1973,0,Coastal Suburbs,20012
PROP_04405,2026-02-23,261000,3,1.0,1160,6960,2.0,0,1963,0,Coastal Suburbs,20012
PROP_04406,2026-01-01,7572147,7,6.0,7919,110866,4.0,1,2009,0,Coastal Suburbs,20012
PROP_04407,2026-03-02,532539,1,2.5,2247,13482,1.0,0,1994,0,Tech Park District,30045
PROP_04408,2026-05-18,485925,1,2.5,1767,5301,1.0,0,2014,2023,Metro City,10001
PROP_04409,2026-01-30,383240,2,2.0,1742,3484,1.5,0,1974,0,Metro City,10001
PROP_04410,2026-03-21,226176,2,1.0,1488,5952,1.0,0,2014,0,Greenwood Valley,40082
PROP_04411,2025-09-29,1905735,5,4.0,4381,13143,2.0,0,1998,2016,Greenwood Valley,40082
PROP_04412,2026-01-30,328692,4,1.5,1806,3612,1.5,0,1959,0,Coastal Suburbs,20013
PROP_04413,2025-11-01,945511,6,3.0,3227,16135,2.5,0,1958,0,Greenwood Valley,40082
PROP_04414,2025-07-11,479037,4,1.5,2249,13494,1.5,0,1967,0,Metro City,10003
PROP_04415,2025-12-20,757475,4,3.5,3695,11085,3.0,0,2001,0,Metro City,10003
PROP_04416,2025-06-18,487072,1,2.0,1964,5892,2.0,0,1960,0,Greenwood Valley,40081
PROP_04417,2026-02-13,250207,3,2.5,914,2742,1.0,0,2001,2016,Coastal Suburbs,20011
PROP_04418,2026-03-20,346417,2,1.0,1326,7956,2.0,0,2005,2025,Coastal Suburbs,20013
PROP_04419,2026-02-20,475894,3,2.0,2183,13098,2.0,0,1961,0,Metro City,10004
PROP_04420,2026-03-20,311454,2,1.5,1573,7865,2.0,0,1986,0,Metro City,10003
PROP_04421,2026-05-13,304964,2,1.0,1276,5104,2.0,0,1984,0,Tech Park District,30046
PROP_04422,2026-04-14,411961,1,1.0,2371,9484,1.5,0,2002,2025,Greenwood Valley,40082
PROP_04423,2025-08-15,320916,3,2.5,1847,9235,1.5,0,2010,2018,Greenwood Valley,40082
PROP_04424,2025-08-01,1126216,5,4.0,3332,9996,2.5,0,1953,0,Greenwood Valley,40081
PROP_04425,2026-01-16,757668,5,3.0,2452,7356,3.0,0,1989,0,Greenwood Valley,40081
PROP_04426,2025-08-28,401568,3,2.0,2136,10680,1.5,0,1975,0,Tech Park District,30045
PROP_04427,2025-08-25,1109385,4,2.5,4005,28035,2.5,0,1997,0,Greenwood Valley,40082
PROP_04428,2025-09-17,987756,6,4.0,3207,22449,2.0,0,2007,0,Tech Park District,30046
PROP_04429,2025-09-07,172838,3,2.5,971,2913,2.0,0,1970,0,Greenwood Valley,40081
PROP_04430,2025-08-04,696540,1,2.5,2256,13536,1.5,0,1976,2025,Greenwood Valley,40081
PROP_04431,2025-06-22,689525,4,2.0,1994,9970,1.5,1,1963,0,Greenwood Valley,40082
PROP_04432,2026-01-03,203928,2,2.0,879,5274,1.5,0,1994,0,Metro City,10004
PROP_04433,2025-07-11,205800,2,2.0,1372,2744,1.5,0,1954,0,Greenwood Valley,40082
PROP_04434,2026-05-16,443967,4,2.5,1783,5349,1.5,0,1980,0,Greenwood Valley,40081
PROP_04435,2026-01-09,650748,5,3.0,2667,18669,2.5,0,1988,0,Coastal Suburbs,20012
PROP_04436,2025-09-12,1040880,4,4.0,4337,30359,3.0,0,2004,0,Metro City,10002
PROP_04437,2026-04-18,144420,3,2.5,830,1660,1.0,0,1982,0,Tech Park District,30046
PROP_04438,2025-08-15,1151376,5,3.5,3984,11952,2.5,0,1955,0,Tech Park District,30045
PROP_04439,2026-04-01,950195,6,3.5,3221,9663,2.0,0,2010,0,Greenwood Valley,40082
PROP_04440,2025-10-11,220064,2,1.5,1058,2116,1.0,0,2011,0,Greenwood Valley,40082
PROP_04441,2025-11-11,209546,2,1.0,969,5814,2.0,0,1986,2016,Tech Park District,30045
PROP_04442,2025-07-05,1374123,4,2.5,4447,13341,2.5,0,2003,0,Greenwood Valley,40082
PROP_04443,2025-07-15,968660,6,2.5,4403,30821,2.5,0,2005,0,Greenwood Valley,40081
PROP_04444,2025-12-16,220680,4,2.0,1839,5517,1.5,0,1962,0,Coastal Suburbs,20011
PROP_04445,2026-03-12,264576,1,1.5,1664,8320,2.0,0,1954,0,Greenwood Valley,40082
PROP_04446,2025-12-21,488684,2,1.0,2252,9008,1.0,0,1980,0,Metro City,10001
PROP_04447,2026-03-10,349011,3,1.0,2223,8892,1.5,0,1983,0,Tech Park District,30046
PROP_04448,2025-11-14,4736233,9,6.0,8291,66328,3.0,0,2009,2022,Tech Park District,30045
PROP_04449,2025-10-20,246707,4,1.5,979,2937,1.0,1,1973,0,Greenwood Valley,40082
PROP_04450,2026-02-22,930384,6,4.0,3976,11928,2.0,0,1963,0,Metro City,10001
PROP_04451,2026-01-21,413847,4,1.0,2222,8888,2.0,0,1978,2024,Metro City,10004
PROP_04452,2025-06-07,359760,1,2.0,1499,8994,1.0,0,1973,0,Coastal Suburbs,20013
PROP_04453,2026-05-25,204611,2,1.0,979,5874,1.5,0,1970,0,Metro City,10002
PROP_04454,2026-04-16,948233,5,4.0,3839,23034,2.5,0,1985,0,Metro City,10001
PROP_04455,2026-03-28,221550,2,2.0,1055,2110,1.0,0,1973,0,Greenwood Valley,40082
PROP_04456,2026-02-23,384962,3,2.0,1339,2678,2.0,0,1960,2025,Tech Park District,30045
PROP_04457,2026-01-01,266784,1,2.5,1588,6352,2.0,0,1971,0,Coastal Suburbs,20013
PROP_04458,2025-07-28,223344,2,1.0,1034,5170,1.0,0,1957,0,Tech Park District,30045
PROP_04459,2025-12-30,254118,1,2.5,1033,5165,2.0,0,1964,0,Metro City,10002
PROP_04460,2025-08-16,233366,4,1.5,1106,4424,1.0,0,2009,0,Coastal Suburbs,20013
PROP_04461,2025-08-15,302061,3,1.5,1447,7235,1.0,0,2011,2025,Coastal Suburbs,20012
PROP_04462,2026-03-18,321126,3,2.5,2327,13962,2.0,0,1958,0,Coastal Suburbs,20013
PROP_04463,2026-03-29,124752,2,2.5,904,2712,2.0,0,1999,0,Coastal Suburbs,20011
PROP_04464,2026-03-26,143061,4,1.0,1109,3327,2.0,0,1971,0,Greenwood Valley,40082
PROP_04465,2025-07-22,261517,1,1.5,1182,2364,2.0,0,1965,2019,Metro City,10001
PROP_04466,2025-07-25,691698,4,2.5,2681,21448,3.0,0,1956,0,Tech Park District,30045
PROP_04467,2026-03-16,404662,4,1.5,1962,11772,2.0,0,2007,2017,Coastal Suburbs,20011
PROP_04468,2025-07-22,229875,2,1.5,1839,9195,2.0,0,1950,0,Coastal Suburbs,20013
PROP_04469,2025-10-25,540260,3,1.5,2270,11350,1.5,0,1997,0,Greenwood Valley,40082
PROP_04470,2026-03-02,414180,1,1.5,1872,7488,1.5,0,1965,2023,Coastal Suburbs,20013
PROP_04471,2025-11-24,324696,3,1.0,1992,7968,1.5,0,1978,0,Tech Park District,30046
PROP_04472,2025-12-28,146940,3,2.0,930,1860,2.0,0,1963,0,Tech Park District,30045
PROP_04473,2025-10-14,221720,3,1.5,964,3856,2.0,0,1986,0,Metro City,10004
PROP_04474,2025-12-14,368771,4,1.5,1493,5972,1.5,0,1992,0,Greenwood Valley,40081
PROP_04475,2026-05-02,1305940,6,3.0,3910,15640,2.0,0,1960,0,Metro City,10004
PROP_04476,2026-02-04,1934729,6,2.5,4150,16600,2.0,1,2011,0,Metro City,10001
PROP_04477,2026-03-20,344864,2,1.0,1658,9948,2.0,0,1959,0,Tech Park District,30046
PROP_04478,2026-04-08,289114,3,2.0,1498,2996,2.0,0,1973,0,Metro City,10001
PROP_04479,2026-01-29,389907,4,1.0,2063,4126,1.0,0,1987,0,Metro City,10004
PROP_04480,2025-06-20,254475,4,2.5,1044,6264,1.0,0,2012,2017,Tech Park District,30045
PROP_04481,2025-08-28,484632,2,1.5,2286,9144,1.0,0,1964,0,Greenwood Valley,40082
PROP_04482,2025-10-20,945000,5,3.5,3500,14000,2.0,0,2003,0,Coastal Suburbs,20011
PROP_04483,2025-12-24,343200,4,1.5,2145,10725,1.5,0,1956,0,Tech Park District,30046
PROP_04484,2025-08-13,399684,3,1.5,1753,3506,2.0,0,1990,0,Greenwood Valley,40081
PROP_04485,2026-04-13,185814,2,2.0,837,2511,1.5,0,1988,0,Tech Park District,30046
PROP_04486,2026-04-08,185808,4,2.0,1106,4424,1.0,0,2000,0,Tech Park District,30046
PROP_04487,2026-05-15,216720,4,1.5,1032,3096,2.0,0,1952,2016,Metro City,10001
PROP_04488,2026-05-22,1307997,6,3.5,4233,16932,3.0,0,1965,0,Metro City,10003
PROP_04489,2025-12-23,572412,4,1.0,1991,3982,1.0,0,1984,2022,Metro City,10001
PROP_04490,2025-06-20,1466348,5,2.5,4498,22490,2.0,0,2012,0,Tech Park District,30045
PROP_04491,2025-12-20,1317637,6,3.5,4285,21425,2.0,0,1971,2021,Metro City,10002
PROP_04492,2025-11-17,1020357,4,3.0,4131,24786,3.0,0,1978,0,Tech Park District,30046
PROP_04493,2026-05-20,142617,2,1.0,1041,6246,1.0,0,1981,0,Metro City,10004
PROP_04494,2025-09-30,291100,4,1.0,2050,4100,1.5,0,1983,0,Tech Park District,30045
PROP_04495,2025-06-26,307626,4,1.5,1298,3894,1.0,0,2007,0,Greenwood Valley,40081
PROP_04496,2026-01-30,340612,4,2.0,1465,8790,1.0,0,2001,2023,Tech Park District,30046
PROP_04497,2025-10-16,272552,1,1.0,1256,2512,1.5,0,2001,0,Coastal Suburbs,20011
PROP_04498,2025-12-08,185452,2,2.0,1306,2612,1.0,0,1986,0,Coastal Suburbs,20011
PROP_04499,2025-06-11,132130,3,1.5,905,4525,2.0,0,2013,0,Metro City,10001
PROP_04500,2025-11-20,213495,3,2.5,1655,4965,1.5,0,1983,0,Tech Park District,30045
PROP_04501,2025-11-03,602268,2,2.5,2241,8964,1.0,0,1980,2021,Coastal Suburbs,20013
PROP_04502,2025-11-07,489262,2,1.5,2194,13164,2.0,0,1999,0,Tech Park District,30046
PROP_04503,2025-10-22,984770,6,2.5,2774,22192,2.0,0,1978,0,Greenwood Valley,40082
PROP_04504,2026-02-07,518500,1,2.0,2074,8296,1.0,0,2001,0,Metro City,10003
PROP_04505,2026-05-23,586440,3,2.0,2172,8688,2.0,0,2009,2021,Metro City,10003
PROP_04506,2026-05-17,749760,4,3.0,3408,17040,2.0,0,1991,0,Tech Park District,30046
PROP_04507,2025-07-21,161028,1,2.0,852,4260,1.5,0,1971,0,Metro City,10003
PROP_04508,2025-09-25,145304,2,1.5,886,5316,1.5,0,1973,0,Coastal Suburbs,20013
PROP_04509,2025-08-08,1091692,4,3.5,4298,25788,3.0,0,1986,0,Coastal Suburbs,20012
PROP_04510,2025-11-01,219588,1,2.5,1262,5048,1.5,0,1999,0,Coastal Suburbs,20012
PROP_04511,2026-01-13,246627,4,2.0,1227,4908,1.0,0,1981,0,Greenwood Valley,40082
PROP_04512,2025-11-12,269621,3,1.0,1397,4191,1.5,0,1980,0,Tech Park District,30046
PROP_04513,2025-10-16,344400,3,2.5,2296,4592,1.5,0,1988,0,Coastal Suburbs,20012
PROP_04514,2025-12-31,404940,1,2.5,1985,5955,1.0,0,2012,0,Coastal Suburbs,20012
PROP_04515,2026-04-06,321993,3,1.0,1883,11298,1.0,0,1993,0,Metro City,10001
PROP_04516,2026-04-27,266585,3,1.5,2035,10175,1.5,0,1982,0,Tech Park District,30046
PROP_04517,2025-07-16,1229788,5,3.0,3682,11046,2.5,0,1980,0,Metro City,10003
PROP_04518,2025-09-05,498512,3,2.0,2099,10495,2.0,0,1972,2025,Metro City,10002
PROP_04519,2026-01-13,387884,2,2.5,1979,5937,1.5,0,1954,0,Tech Park District,30045
PROP_04520,2025-09-17,451620,3,2.0,2340,14040,2.0,0,1999,0,Metro City,10001
PROP_04521,2025-12-26,772835,6,3.0,2485,17395,2.5,0,1975,0,Tech Park District,30045
PROP_04522,2026-02-04,389760,1,2.0,2320,9280,1.5,0,1955,0,Metro City,10004
PROP_04523,2026-02-20,291102,2,1.5,1195,2390,2.0,1,1959,0,Tech Park District,30046
PROP_04524,2025-12-09,195930,1,1.0,1244,7464,1.5,0,1954,2023,Metro City,10001
PROP_04525,2025-06-29,555000,4,1.0,2220,11100,1.5,0,2014,0,Metro City,10004
PROP_04526,2026-02-19,851424,5,3.5,2534,17738,3.0,0,1958,0,Coastal Suburbs,20011
PROP_04527,2025-08-21,713593,6,2.5,2843,14215,2.0,0,1979,0,Greenwood Valley,40081
PROP_04528,2025-07-04,332145,3,1.5,2013,8052,1.0,0,1997,0,Tech Park District,30046
PROP_04529,2025-11-07,934729,5,3.0,3911,27377,2.5,0,1952,0,Metro City,10001
PROP_04530,2026-05-30,631312,1,1.0,2275,13650,1.0,0,1957,2023,Coastal Suburbs,20011
PROP_04531,2026-02-15,272415,3,2.0,1524,3048,1.5,0,2009,2022,Coastal Suburbs,20013
PROP_04532,2025-12-24,425012,4,1.5,1405,5620,1.0,0,1950,2017,Metro City,10003
PROP_04533,2025-08-09,362349,1,1.5,2119,10595,1.5,0,1991,0,Metro City,10001
PROP_04534,2026-02-24,1318850,6,3.5,4058,20290,2.0,0,1993,0,Greenwood Valley,40082
PROP_04535,2026-03-19,325362,1,1.0,1542,4626,1.5,0,2002,0,Metro City,10004
PROP_04536,2025-06-15,192915,3,1.5,1429,8574,2.0,0,1953,0,Coastal Suburbs,20011
PROP_04537,2025-08-28,150336,2,1.0,947,2841,1.5,0,1999,2018,Metro City,10001
PROP_04538,2025-09-07,3752784,9,7.5,5712,51408,2.5,0,1989,0,Tech Park District,30046
PROP_04539,2025-09-11,341621,2,2.5,1319,3957,1.0,1,1957,0,Coastal Suburbs,20011
PROP_04540,2025-06-30,380810,1,1.5,1685,8425,1.0,0,1987,0,Tech Park District,30046
PROP_04541,2025-10-06,360316,2,1.5,1724,10344,1.5,0,1994,0,Metro City,10002
PROP_04542,2025-06-17,662784,4,3.0,2589,18123,3.0,0,2015,0,Greenwood Valley,40081
PROP_04543,2026-01-20,954246,6,3.5,3039,18234,2.0,0,1979,0,Tech Park District,30045
PROP_04544,2025-06-26,1230390,6,3.5,3969,19845,2.5,0,1993,0,Tech Park District,30046
PROP_04545,2025-12-02,189475,1,2.0,1060,3180,2.0,0,1994,2025,Coastal Suburbs,20011
PROP_04546,2026-05-27,260104,4,2.5,1586,3172,2.0,0,1979,0,Tech Park District,30045
PROP_04547,2025-09-10,222529,3,1.5,1153,4612,2.0,0,1996,0,Tech Park District,30045
PROP_04548,2025-10-19,129941,1,1.0,977,2931,1.0,0,2011,0,Coastal Suburbs,20011
PROP_04549,2025-12-06,439357,2,1.5,1698,6792,1.5,0,1985,2021,Metro City,10003
PROP_04550,2026-01-24,646407,4,3.0,2421,7263,2.5,0,2014,0,Metro City,10004
PROP_04551,2026-02-14,237523,3,1.0,1661,8305,1.5,0,2006,0,Tech Park District,30046
PROP_04552,2025-12-21,223595,2,2.5,908,1816,1.5,0,2011,2018,Greenwood Valley,40082
PROP_04553,2026-04-22,243210,3,2.0,1210,2420,2.0,0,1960,0,Coastal Suburbs,20013
PROP_04554,2025-08-03,238773,1,2.0,1349,2698,1.0,0,1951,0,Tech Park District,30045
PROP_04555,2026-05-15,286251,4,2.5,2219,4438,2.0,0,2009,0,Tech Park District,30045
PROP_04556,2025-06-16,125750,1,1.5,1006,2012,2.0,0,2008,0,Greenwood Valley,40082
PROP_04557,2025-10-02,336128,3,1.0,1664,8320,1.0,0,2005,0,Metro City,10003
PROP_04558,2025-12-08,392958,3,1.0,2298,11490,2.0,0,1997,0,Greenwood Valley,40082
PROP_04559,2026-02-06,318860,1,1.0,1490,5960,2.0,0,1952,0,Tech Park District,30046
PROP_04560,2026-04-01,373038,1,1.0,1579,7895,2.0,0,2015,2024,Tech Park District,30045
PROP_04561,2026-01-15,374759,4,2.5,1727,6908,1.5,0,1990,0,Tech Park District,30045
PROP_04562,2025-08-30,255409,2,2.0,1177,5885,2.0,0,1994,0,Coastal Suburbs,20011
PROP_04563,2026-01-29,163736,3,2.5,844,1688,1.0,0,1994,0,Coastal Suburbs,20013
PROP_04564,2026-03-28,210336,1,1.5,1252,7512,1.5,0,1955,0,Coastal Suburbs,20011
PROP_04565,2026-03-10,227621,4,1.0,1363,2726,2.0,0,2004,0,Metro City,10003
PROP_04566,2025-11-27,206305,3,1.5,1705,8525,1.0,0,1996,0,Coastal Suburbs,20011
PROP_04567,2025-11-24,320150,2,1.0,1685,8425,1.5,0,1951,0,Greenwood Valley,40081
PROP_04568,2025-08-23,1234237,4,4.0,3726,29808,2.0,0,1997,2016,Greenwood Valley,40081
PROP_04569,2025-10-11,308726,2,2.0,1857,3714,1.5,0,1985,2022,Coastal Suburbs,20011
PROP_04570,2026-05-19,389422,2,2.5,2274,13644,1.0,0,2004,2019,Greenwood Valley,40081
PROP_04571,2025-07-17,130889,4,1.5,803,2409,2.0,0,1977,0,Greenwood Valley,40081
PROP_04572,2025-10-24,883200,5,4.0,2560,7680,2.5,0,1972,2020,Greenwood Valley,40081
PROP_04573,2025-06-15,243516,2,1.5,1092,2184,1.0,0,2010,0,Coastal Suburbs,20011
PROP_04574,2025-12-15,418075,2,2.0,2389,9556,1.0,0,1963,0,Tech Park District,30045
PROP_04575,2025-06-26,188125,3,1.5,860,4300,1.0,0,1955,2020,Metro City,10001
PROP_04576,2025-08-23,1561672,6,3.0,4424,35392,2.5,0,2000,0,Tech Park District,30045
PROP_04577,2026-03-20,340578,3,2.5,2142,10710,1.5,0,1971,0,Metro City,10004
PROP_04578,2025-09-18,203060,3,1.0,1420,7100,1.5,0,2012,0,Greenwood Valley,40082
PROP_04579,2025-09-22,623322,6,3.5,2619,15714,2.5,0,1984,0,Greenwood Valley,40082
PROP_04580,2026-04-28,167029,1,1.0,1121,4484,2.0,0,1963,0,Metro City,10001
PROP_04581,2025-09-24,136367,2,1.0,847,5082,1.5,0,2002,0,Greenwood Valley,40081
PROP_04582,2026-05-13,388193,4,1.5,2297,4594,1.0,0,1958,0,Metro City,10004
PROP_04583,2025-09-14,953028,4,3.5,3453,13812,2.0,0,1950,0,Metro City,10001
PROP_04584,2025-10-16,533013,4,1.0,2249,11245,1.0,0,1967,0,Greenwood Valley,40082
PROP_04585,2026-04-30,263484,4,1.0,1689,3378,1.5,0,1952,0,Coastal Suburbs,20011
PROP_04586,2025-12-27,479402,4,1.0,1981,11886,1.0,0,1975,0,Tech Park District,30046
PROP_04587,2026-02-18,174271,2,1.0,1003,4012,1.0,0,1979,2022,Coastal Suburbs,20013
PROP_04588,2025-06-11,906440,4,4.0,2635,10540,3.0,0,1987,0,Tech Park District,30045
PROP_04589,2026-05-16,353192,2,2.0,1802,3604,1.5,0,1967,0,Metro City,10002
PROP_04590,2025-06-05,545066,1,2.5,2283,9132,1.0,0,2014,2024,Coastal Suburbs,20012
PROP_04591,2026-01-29,448152,3,1.5,2104,8416,2.0,0,2004,0,Tech Park District,30045
PROP_04592,2025-08-07,214512,1,1.0,984,2952,2.0,0,1976,0,Greenwood Valley,40081
PROP_04593,2026-04-28,479451,4,2.0,2023,10115,1.5,0,1995,0,Greenwood Valley,40082
PROP_04594,2025-08-28,260631,4,2.5,1323,7938,2.0,0,2015,0,Greenwood Valley,40082
PROP_04595,2026-04-04,292670,3,1.5,1130,2260,1.5,1,1995,0,Tech Park District,30045
PROP_04596,2025-06-05,129580,3,1.5,1045,4180,1.5,0,1986,0,Coastal Suburbs,20013
PROP_04597,2025-09-23,1293110,4,2.5,3770,26390,2.0,0,1974,0,Coastal Suburbs,20012
PROP_04598,2025-10-08,490617,1,2.0,2019,4038,2.0,0,2002,0,Metro City,10003
PROP_04599,2026-04-08,312444,4,1.5,2367,9468,1.0,0,2013,0,Greenwood Valley,40081
PROP_04600,2025-11-04,312110,2,2.0,1357,5428,1.0,0,1985,0,Tech Park District,30045
PROP_04601,2026-05-31,933224,4,2.5,3763,26341,2.5,0,1962,0,Tech Park District,30045
PROP_04602,2026-05-30,456576,3,2.0,1968,5904,1.5,0,1964,0,Metro City,10003
PROP_04603,2026-04-26,944985,4,4.0,2589,7767,3.0,0,2010,0,Tech Park District,30046
PROP_04604,2025-10-19,613551,2,1.5,2221,8884,1.0,0,1959,2020,Coastal Suburbs,20011
PROP_04605,2026-01-03,223800,1,2.5,1492,2984,1.5,0,1958,0,Metro City,10004
PROP_04606,2025-12-10,127428,2,2.5,1036,2072,1.5,0,1972,0,Tech Park District,30046
PROP_04607,2025-11-26,1121598,5,3.5,2571,10284,2.5,0,2000,2019,Coastal Suburbs,20013
PROP_04608,2026-01-22,202905,2,1.0,1215,2430,2.0,0,1989,0,Metro City,10002
PROP_04609,2025-10-08,269670,2,1.0,1212,6060,1.0,0,1985,2020,Greenwood Valley,40082
PROP_04610,2025-09-20,474030,3,2.5,2290,4580,2.0,0,1985,0,Metro City,10004
PROP_04611,2026-01-25,1106875,5,3.0,3220,19320,2.0,0,1963,2019,Tech Park District,30046
PROP_04612,2025-11-02,433257,2,2.5,2073,8292,1.0,0,1964,0,Tech Park District,30045
PROP_04613,2026-05-13,352656,4,2.0,1896,5688,1.5,0,2015,0,Metro City,10004
PROP_04614,2026-02-22,488426,2,2.0,2371,14226,1.5,0,1950,0,Greenwood Valley,40082
PROP_04615,2026-04-16,265000,1,2.5,1060,6360,1.5,0,1999,2019,Coastal Suburbs,20011
PROP_04616,2025-12-21,204105,2,1.0,1237,7422,2.0,0,2000,0,Greenwood Valley,40082
PROP_04617,2026-03-27,368730,1,1.0,2169,4338,1.0,0,1995,0,Greenwood Valley,40082
PROP_04618,2025-07-23,270338,3,1.5,1711,5133,2.0,0,2015,0,Coastal Suburbs,20013
PROP_04619,2025-06-04,333438,4,1.0,1401,2802,1.0,0,1986,0,Tech Park District,30046
PROP_04620,2026-02-17,206400,1,1.5,1290,5160,1.5,0,1969,0,Greenwood Valley,40081
PROP_04621,2026-05-06,298473,3,1.0,1631,9786,2.0,0,1978,0,Tech Park District,30045
PROP_04622,2025-12-09,177896,2,2.5,1202,7212,2.0,0,1967,0,Greenwood Valley,40081
PROP_04623,2026-03-15,466593,3,2.0,1659,3318,1.0,0,2014,2022,Greenwood Valley,40082
PROP_04624,2026-04-28,509925,3,1.0,2092,6276,2.0,0,1991,2020,Tech Park District,30045
PROP_04625,2026-04-01,490407,3,1.0,2098,4196,2.0,0,1964,2019,Coastal Suburbs,20012
PROP_04626,2026-04-08,349990,4,2.5,1129,6774,1.0,0,1986,2016,Greenwood Valley,40082
PROP_04627,2025-10-23,260712,1,1.5,1207,2414,2.0,0,1964,0,Metro City,10003
PROP_04628,2025-10-31,514464,2,2.0,2208,8832,2.0,0,1965,0,Coastal Suburbs,20012
PROP_04629,2026-05-17,307671,1,1.5,1911,11466,2.0,0,1963,0,Metro City,10003
PROP_04630,2025-07-26,1087986,6,3.5,4217,21085,2.5,0,2000,0,Greenwood Valley,40082
PROP_04631,2026-02-02,340052,4,1.0,2252,6756,1.0,0,1970,0,Coastal Suburbs,20012
PROP_04632,2025-07-03,282360,2,1.0,1248,4992,2.0,0,2006,2025,Greenwood Valley,40081
PROP_04633,2025-11-20,286464,4,1.5,2238,8952,1.5,0,1996,0,Tech Park District,30045
PROP_04634,2025-10-20,392600,3,1.0,1963,11778,2.0,0,1995,0,Greenwood Valley,40081
PROP_04635,2026-04-24,166656,4,2.5,868,2604,1.5,0,1995,0,Coastal Suburbs,20013
PROP_04636,2025-11-14,1047960,4,3.0,2556,12780,2.5,0,2007,2025,Tech Park District,30046
PROP_04637,2025-10-20,231840,4,2.5,1288,3864,2.0,0,2008,0,Metro City,10002
PROP_04638,2025-10-12,546525,1,1.0,2082,4164,1.5,0,1995,2023,Greenwood Valley,40081
PROP_04639,2026-05-02,335236,3,1.0,1604,8020,1.0,0,2004,0,Greenwood Valley,40081
PROP_04640,2026-05-31,690333,6,4.0,3241,19446,2.5,0,1980,0,Greenwood Valley,40082
PROP_04641,2026-04-30,158089,4,1.0,1061,5305,2.0,0,2008,0,Coastal Suburbs,20012
PROP_04642,2025-10-31,368271,1,2.5,1479,8874,1.5,0,2015,0,Tech Park District,30045
PROP_04643,2025-09-05,322530,4,2.0,1654,3308,1.0,0,1961,0,Greenwood Valley,40081
PROP_04644,2025-08-16,1178100,5,2.5,3366,16830,2.0,0,1984,0,Tech Park District,30045
PROP_04645,2026-02-20,167586,1,2.5,901,4505,1.5,0,1956,0,Greenwood Valley,40082
PROP_04646,2025-10-02,283356,3,1.5,1389,6945,1.0,0,1992,0,Greenwood Valley,40081
PROP_04647,2025-06-30,750261,5,3.0,2621,7863,2.5,0,1979,2024,Tech Park District,30045
PROP_04648,2026-04-04,358323,1,1.0,2373,11865,2.0,0,1995,0,Coastal Suburbs,20013
PROP_04649,2025-12-24,187906,1,2.5,859,4295,1.0,0,2012,2023,Coastal Suburbs,20011
PROP_04650,2026-05-05,488727,1,2.5,2361,4722,1.5,0,1957,0,Greenwood Valley,40082
PROP_04651,2025-11-11,167616,1,1.5,1164,6984,2.0,0,1987,0,Tech Park District,30045
PROP_04652,2026-05-15,269265,3,1.5,1857,11142,1.0,0,2008,0,Metro City,10004
PROP_04653,2025-08-11,156800,3,2.0,1120,3360,1.5,0,1958,0,Coastal Suburbs,20012
PROP_04654,2025-06-14,359482,1,1.5,1649,9894,2.0,0,1997,0,Tech Park District,30045
PROP_04655,2026-05-02,1238178,4,4.0,3383,23681,2.0,0,2002,0,Coastal Suburbs,20012
PROP_04656,2026-02-10,278350,4,2.0,1465,7325,2.0,0,2006,0,Tech Park District,30046
PROP_04657,2025-10-30,335790,4,2.5,1476,8856,1.0,0,1982,2025,Coastal Suburbs,20011
PROP_04658,2025-10-11,233550,3,2.0,1730,10380,1.5,0,1971,0,Tech Park District,30045
PROP_04659,2026-01-01,183552,4,1.0,1434,7170,1.5,0,1969,0,Coastal Suburbs,20011
PROP_04660,2025-12-25,2698038,7,7.5,6174,86436,2.5,0,1962,0,Metro City,10001
PROP_04661,2025-12-16,167320,1,1.0,890,3560,1.5,0,1985,0,Coastal Suburbs,20012
PROP_04662,2025-06-19,205904,2,1.5,1514,7570,1.5,0,1992,0,Tech Park District,30046
PROP_04663,2026-03-26,248319,3,1.5,1623,6492,2.0,0,1959,0,Metro City,10001
PROP_04664,2026-05-29,526320,4,1.5,2193,4386,1.0,0,2003,0,Tech Park District,30045
PROP_04665,2026-03-20,258083,4,1.5,1127,3381,2.0,0,1974,0,Metro City,10003
PROP_04666,2025-09-06,514376,1,1.0,2276,11380,1.0,0,1959,0,Tech Park District,30045
PROP_04667,2025-11-23,212715,4,2.5,1305,2610,1.0,0,1990,0,Metro City,10002
PROP_04668,2025-09-22,3089258,8,5.0,5354,53540,4.0,0,1958,0,Coastal Suburbs,20012
PROP_04669,2026-05-18,398871,4,2.0,1683,8415,1.0,0,1960,0,Tech Park District,30045
PROP_04670,2026-03-01,1942500,6,2.5,4200,25200,3.0,0,1996,2024,Coastal Suburbs,20011
PROP_04671,2026-04-23,496608,3,1.5,2217,11085,1.5,0,2011,0,Greenwood Valley,40081
PROP_04672,2026-01-30,971670,6,4.0,3966,11898,2.5,0,2010,0,Coastal Suburbs,20012
PROP_04673,2026-05-10,400323,1,2.0,1733,3466,1.0,0,1973,0,Greenwood Valley,40081
PROP_04674,2025-12-01,350064,3,1.5,1872,11232,1.0,0,1971,0,Greenwood Valley,40081
PROP_04675,2026-02-15,571455,1,2.5,1836,11016,2.0,0,1980,2017,Tech Park District,30046
PROP_04676,2025-11-01,285824,1,2.0,1408,4224,1.0,0,1976,0,Metro City,10002
PROP_04677,2025-08-27,173880,3,1.0,1380,5520,1.5,0,1989,0,Tech Park District,30046
PROP_04678,2026-05-03,407236,2,1.0,1669,8345,1.5,0,1957,0,Tech Park District,30045
PROP_04679,2026-03-13,221260,1,2.0,1702,6808,1.0,0,2004,0,Coastal Suburbs,20011
PROP_04680,2025-09-01,238608,1,2.0,1657,9942,1.0,0,2013,0,Greenwood Valley,40081
PROP_04681,2025-10-29,1138331,5,3.0,2655,15930,2.5,0,2006,2018,Metro City,10004
PROP_04682,2025-07-20,1757823,5,4.0,4223,16892,2.5,0,2005,2017,Coastal Suburbs,20012
PROP_04683,2026-01-28,456676,3,2.0,2354,9416,2.0,0,1999,0,Tech Park District,30045
PROP_04684,2025-08-05,1009962,6,3.0,2853,11412,2.5,0,1990,0,Greenwood Valley,40082
PROP_04685,2025-10-11,278053,4,2.5,923,5538,1.5,0,1967,2017,Metro City,10004
PROP_04686,2026-03-14,354641,3,2.0,1747,3494,1.0,0,1961,0,Greenwood Valley,40082
PROP_04687,2025-09-02,189371,1,1.5,837,1674,1.5,0,1999,2021,Greenwood Valley,40081
PROP_04688,2026-05-15,114100,2,1.5,815,3260,2.0,0,2013,0,Greenwood Valley,40081
PROP_04689,2025-11-19,134504,4,2.5,989,1978,1.0,0,1994,0,Coastal Suburbs,20012
PROP_04690,2026-05-02,452275,2,1.5,1975,11850,1.5,0,1999,0,Metro City,10004
PROP_04691,2025-07-16,261166,1,1.0,1949,9745,2.0,0,1979,0,Tech Park District,30046
PROP_04692,2025-09-22,409256,1,1.5,1495,2990,1.5,0,1962,2024,Tech Park District,30045
PROP_04693,2025-11-29,169416,3,1.5,936,2808,1.0,0,1977,0,Metro City,10002
PROP_04694,2025-09-23,270291,4,1.0,1281,3843,2.0,0,2009,0,Coastal Suburbs,20011
PROP_04695,2025-11-05,180616,3,1.0,844,5064,2.0,0,1967,0,Greenwood Valley,40082
PROP_04696,2026-01-02,234220,3,1.0,1195,5975,1.5,0,1960,0,Coastal Suburbs,20012
PROP_04697,2025-11-17,867906,6,3.5,3709,18545,2.0,0,1997,0,Coastal Suburbs,20011
PROP_04698,2025-12-08,227430,3,1.0,1330,2660,1.0,0,1968,0,Tech Park District,30045
PROP_04699,2025-10-12,982002,4,3.0,3178,25424,2.0,0,1962,0,Tech Park District,30046
PROP_04700,2026-03-27,345130,2,2.5,1086,3258,2.0,1,2010,0,Coastal Suburbs,20011
PROP_04701,2025-10-29,366244,1,1.5,2318,9272,2.0,0,1959,0,Metro City,10002
PROP_04702,2026-01-24,375318,1,1.5,2157,4314,2.0,0,1978,0,Metro City,10001
PROP_04703,2025-07-31,210750,1,2.5,843,2529,1.0,0,1969,0,Metro City,10002
PROP_04704,2026-01-27,345323,3,1.5,1217,4868,2.0,0,1972,2019,Greenwood Valley,40081
PROP_04705,2025-06-28,509313,4,2.5,2149,12894,1.5,0,2002,0,Tech Park District,30045
PROP_04706,2026-04-21,294903,4,2.0,1359,4077,1.0,0,1984,0,Metro City,10002
PROP_04707,2026-03-26,294818,4,1.0,1097,6582,1.0,0,1982,2018,Metro City,10002
PROP_04708,2026-03-25,329911,4,2.5,1907,11442,2.0,0,2001,0,Tech Park District,30045
PROP_04709,2026-04-14,1018549,5,3.5,4487,26922,2.5,0,1984,0,Metro City,10003
PROP_04710,2025-07-07,287070,3,2.0,1367,5468,1.0,0,1972,2019,Coastal Suburbs,20012
PROP_04711,2026-01-28,387607,4,1.0,1837,3674,1.0,0,1998,0,Coastal Suburbs,20012
PROP_04712,2025-09-08,211140,4,2.5,1564,9384,2.0,0,1994,0,Metro City,10003
PROP_04713,2026-02-12,288187,1,1.0,1325,2650,1.0,0,1993,2025,Metro City,10004
PROP_04714,2025-08-01,322240,3,2.0,1520,4560,1.0,0,1952,0,Greenwood Valley,40081
PROP_04715,2026-05-15,418353,1,2.0,1893,11358,1.5,0,1958,0,Tech Park District,30046
PROP_04716,2025-12-13,282576,3,2.5,1624,9744,1.0,0,2005,0,Greenwood Valley,40082
PROP_04717,2026-02-27,974110,6,4.0,3359,26872,2.0,0,1954,0,Metro City,10001
PROP_04718,2025-10-31,282964,3,1.5,1199,4796,1.0,0,1956,0,Tech Park District,30046
PROP_04719,2025-12-29,359400,2,1.5,1198,4792,1.0,0,1967,2023,Tech Park District,30045
PROP_04720,2025-06-28,352000,1,2.0,1280,5120,1.0,0,1965,2016,Tech Park District,30046
PROP_04721,2025-08-17,222780,3,1.5,1580,4740,1.0,0,1955,0,Metro City,10003
PROP_04722,2025-08-10,167552,3,2.5,1088,2176,1.5,0,1952,0,Tech Park District,30046
PROP_04723,2025-09-11,347114,4,1.5,1762,5286,1.5,0,1955,0,Metro City,10001
PROP_04724,2025-11-23,155192,4,2.0,1021,6126,1.0,0,2009,0,Metro City,10003
PROP_04725,2025-12-27,727325,4,3.5,3095,24760,3.0,0,2009,0,Tech Park District,30045
PROP_04726,2026-03-19,283494,3,2.5,1277,5108,1.5,0,1975,0,Coastal Suburbs,20012
PROP_04727,2026-01-21,1419028,5,3.5,3764,22584,2.0,0,2007,0,Tech Park District,30046
PROP_04728,2025-08-13,304842,2,1.0,2209,13254,2.0,0,1966,0,Tech Park District,30046
PROP_04729,2025-11-09,236640,2,1.0,1479,5916,1.5,0,1978,0,Greenwood Valley,40082
PROP_04730,2025-09-01,450728,1,2.0,2188,4376,1.5,0,2002,0,Greenwood Valley,40082
PROP_04731,2025-07-12,486546,2,2.0,1954,3908,1.5,0,2008,0,Greenwood Valley,40082
PROP_04732,2026-02-05,99720,3,1.0,831,3324,1.0,0,2012,0,Tech Park District,30046
PROP_04733,2025-11-18,479610,1,1.0,2190,13140,1.5,0,2006,0,Tech Park District,30046
PROP_04734,2026-04-20,1516960,6,3.0,3992,31936,3.0,0,2013,0,Coastal Suburbs,20012
PROP_04735,2025-08-30,580625,2,1.0,1823,10938,2.0,1,1959,2017,Metro City,10004
PROP_04736,2025-11-08,1276230,5,2.5,4478,35824,2.0,0,1969,0,Coastal Suburbs,20012
PROP_04737,2026-04-21,855066,5,3.5,3434,17170,2.5,0,1972,0,Greenwood Valley,40082
PROP_04738,2025-06-30,556805,4,2.5,2308,13848,2.0,0,2014,2025,Tech Park District,30045
PROP_04739,2025-06-03,219146,3,2.5,1387,4161,1.0,0,1978,0,Metro City,10003
PROP_04740,2026-01-18,156465,1,2.0,1159,4636,1.0,0,1965,0,Coastal Suburbs,20013
PROP_04741,2025-10-19,196355,2,2.0,865,5190,1.5,0,1990,0,Greenwood Valley,40081
PROP_04742,2025-09-16,163560,3,1.0,1160,3480,1.0,0,1990,0,Tech Park District,30045
PROP_04743,2025-08-26,198153,2,1.5,1107,4428,1.5,0,1971,0,Metro City,10003
PROP_04744,2026-03-23,1449437,6,3.0,4301,30107,2.0,0,1989,0,Metro City,10002
PROP_04745,2025-08-21,4240704,7,5.0,6796,67960,3.0,0,1974,0,Greenwood Valley,40082
PROP_04746,2026-02-06,213363,2,1.5,1413,5652,2.0,0,1978,0,Metro City,10001
PROP_04747,2025-07-16,360192,3,2.0,2144,10720,1.0,0,2002,0,Greenwood Valley,40081
PROP_04748,2025-08-06,4123429,8,4.5,8467,50802,4.0,0,1986,0,Greenwood Valley,40082
PROP_04749,2026-04-11,162071,3,1.0,959,1918,1.0,0,1970,0,Coastal Suburbs,20013
PROP_04750,2026-01-09,633007,2,2.0,1838,3676,1.5,1,1979,0,Metro City,10002
PROP_04751,2026-04-21,226023,3,1.0,1603,3206,1.0,0,1993,0,Coastal Suburbs,20011
PROP_04752,2026-01-06,420420,4,2.0,2156,6468,2.0,0,1981,0,Coastal Suburbs,20011
PROP_04753,2025-12-24,369421,1,2.5,2041,12246,1.0,0,1952,0,Metro City,10003
PROP_04754,2026-01-06,409825,2,1.0,1690,8450,1.0,0,1964,2016,Metro City,10001
PROP_04755,2026-01-31,791982,5,3.5,3826,22956,2.0,0,1953,0,Tech Park District,30045
PROP_04756,2025-12-14,290164,4,1.5,1687,6748,1.0,0,2008,0,Coastal Suburbs,20013
PROP_04757,2025-06-03,218592,3,2.5,1518,7590,2.0,0,2004,0,Coastal Suburbs,20011
PROP_04758,2025-06-20,468996,3,2.0,2244,4488,1.0,0,2007,0,Metro City,10002
PROP_04759,2026-03-01,564297,2,2.0,2381,14286,1.5,0,1975,0,Coastal Suburbs,20011
PROP_04760,2025-09-11,737100,5,2.5,3150,9450,3.0,0,1968,0,Greenwood Valley,40082
PROP_04761,2025-12-09,300810,1,1.5,1626,3252,1.5,0,1990,0,Tech Park District,30046
PROP_04762,2025-06-08,705320,6,3.0,3080,15400,3.0,0,1952,0,Metro City,10003
PROP_04763,2025-11-12,1347558,6,3.0,4198,29386,2.0,0,1954,0,Tech Park District,30046
PROP_04764,2026-02-27,397380,4,1.0,1790,5370,2.0,0,2015,0,Greenwood Valley,40082
PROP_04765,2025-09-06,149125,3,1.5,1193,7158,1.5,0,1967,0,Coastal Suburbs,20011
PROP_04766,2025-06-10,377466,1,1.5,2374,4748,2.0,0,1955,0,Greenwood Valley,40081
PROP_04767,2026-05-13,280208,1,1.5,1328,5312,1.0,0,2005,0,Greenwood Valley,40082
PROP_04768,2025-06-03,356960,4,2.0,2231,6693,2.0,0,1982,2020,Tech Park District,30045
PROP_04769,2026-04-17,1255638,4,3.5,3547,17735,2.5,0,1961,0,Tech Park District,30045
PROP_04770,2025-10-06,1192924,5,3.5,3604,18020,2.0,0,1980,0,Coastal Suburbs,20011
PROP_04771,2025-09-24,3534574,8,5.0,6296,88144,3.0,1,1985,0,Tech Park District,30046
PROP_04772,2026-05-22,436128,3,2.5,1888,9440,2.0,0,1975,0,Tech Park District,30046
PROP_04773,2025-11-24,366436,1,1.0,2276,9104,2.0,0,1994,0,Coastal Suburbs,20013
PROP_04774,2025-11-07,1532303,6,3.5,3962,15848,2.0,1,2005,2022,Metro City,10001
PROP_04775,2025-08-06,135200,4,1.5,800,1600,2.0,0,1975,0,Tech Park District,30046
PROP_04776,2025-07-23,335434,3,1.0,1738,6952,1.5,0,1961,0,Metro City,10001
PROP_04777,2025-12-14,7334327,8,5.0,7327,95251,2.5,1,1999,0,Greenwood Valley,40082
PROP_04778,2026-02-13,1174930,5,2.5,4010,12030,2.5,0,2003,0,Tech Park District,30046
PROP_04779,2026-03-29,308750,1,2.5,1235,3705,1.5,0,2000,0,Tech Park District,30046
PROP_04780,2025-11-04,410820,4,2.5,1968,9840,2.0,0,1985,2022,Metro City,10001
PROP_04781,2025-08-25,286230,2,2.5,2030,6090,2.0,0,1994,0,Coastal Suburbs,20011
PROP_04782,2025-07-04,300300,3,2.5,1716,6864,1.0,0,1978,0,Coastal Suburbs,20012
PROP_04783,2025-06-24,309372,4,2.5,1778,8890,2.0,0,1986,0,Greenwood Valley,40081
PROP_04784,2025-10-31,291718,1,2.5,2177,8708,1.5,0,2000,0,Tech Park District,30045
PROP_04785,2025-10-27,190820,4,2.5,812,4872,2.0,0,2000,0,Tech Park District,30046
PROP_04786,2026-01-20,1078680,4,3.0,3560,14240,3.0,0,1972,0,Metro City,10002
PROP_04787,2026-02-22,285147,2,2.5,1593,6372,1.5,0,1957,0,Metro City,10002
PROP_04788,2026-04-02,963666,5,4.0,3069,24552,2.0,0,2002,0,Metro City,10004
PROP_04789,2026-02-24,513143,4,2.0,2219,11095,2.0,0,1953,2018,Tech Park District,30046
PROP_04790,2025-11-20,915772,6,3.0,3202,16010,3.0,0,2007,0,Greenwood Valley,40081
PROP_04791,2026-01-09,229770,3,1.5,1665,3330,1.5,0,1953,0,Tech Park District,30045
PROP_04792,2026-05-18,298165,1,1.5,1217,7302,2.0,0,1951,0,Tech Park District,30046
PROP_04793,2025-08-08,327387,4,2.5,1789,3578,1.5,0,1955,0,Coastal Suburbs,20013
PROP_04794,2025-11-23,190277,2,2.5,917,4585,2.0,0,1989,2024,Tech Park District,30045
PROP_04795,2026-02-06,205784,1,1.0,887,2661,1.0,0,1995,0,Tech Park District,30046
PROP_04796,2025-12-01,199728,1,2.0,912,3648,1.5,0,1959,0,Coastal Suburbs,20013
PROP_04797,2025-09-05,1295078,5,3.0,3743,18715,3.0,0,2003,0,Metro City,10002
PROP_04798,2025-08-24,1379686,4,2.5,3689,29512,2.5,0,2012,0,Metro City,10003
PROP_04799,2025-12-24,146016,2,2.5,936,2808,2.0,0,2008,0,Tech Park District,30045
PROP_04800,2025-06-10,232656,3,2.0,1489,8934,2.0,0,1993,2023,Coastal Suburbs,20012
PROP_04801,2025-09-25,224700,1,2.0,1070,5350,1.0,0,2006,0,Coastal Suburbs,20013
PROP_04802,2025-09-23,187516,4,2.5,1267,6335,1.0,0,1967,0,Coastal Suburbs,20012
PROP_04803,2025-08-07,215560,4,2.5,1268,2536,1.5,0,1995,0,Metro City,10004
PROP_04804,2025-09-17,112768,3,2.5,881,1762,1.0,0,1981,0,Coastal Suburbs,20012
PROP_04805,2025-06-12,414128,2,1.5,2288,9152,1.5,0,1983,0,Metro City,10004
PROP_04806,2026-03-29,572576,4,3.0,2468,12340,2.5,0,1958,0,Coastal Suburbs,20012
PROP_04807,2026-02-14,554346,2,2.5,2369,7107,2.0,0,1954,0,Greenwood Valley,40081
PROP_04808,2025-08-26,139896,3,1.5,1044,2088,1.5,0,2011,0,Tech Park District,30046
PROP_04809,2025-08-03,288052,4,2.5,1426,5704,1.0,0,1978,0,Greenwood Valley,40081
PROP_04810,2025-12-05,264244,1,2.0,2131,10655,1.0,0,2002,0,Greenwood Valley,40081
PROP_04811,2026-05-31,834924,6,2.5,3394,27152,2.0,0,1974,0,Metro City,10001
PROP_04812,2026-04-30,164840,3,2.5,1268,2536,2.0,0,1975,0,Greenwood Valley,40082
PROP_04813,2025-06-20,335133,2,1.0,1619,4857,2.0,0,1951,0,Coastal Suburbs,20013
PROP_04814,2025-12-10,1070405,4,2.5,4165,29155,3.0,0,1970,0,Tech Park District,30046
PROP_04815,2026-04-24,1434212,6,4.0,4430,31010,2.5,0,1974,2020,Metro City,10003
PROP_04816,2025-10-09,859668,5,4.0,4036,28252,2.0,0,1953,0,Greenwood Valley,40082
PROP_04817,2026-03-01,288765,4,2.5,1395,6975,1.5,0,1952,0,Coastal Suburbs,20012
PROP_04818,2026-04-16,244608,1,2.0,1344,5376,1.5,0,1997,0,Coastal Suburbs,20012
PROP_04819,2025-06-25,306720,1,2.0,1278,7668,1.0,0,2008,2025,Greenwood Valley,40082
PROP_04820,2026-04-01,215339,1,2.5,901,5406,1.0,0,1997,0,Tech Park District,30045
PROP_04821,2025-06-25,317216,3,2.5,1724,8620,1.0,0,1973,0,Coastal Suburbs,20013
PROP_04822,2026-05-05,4157454,8,6.0,7518,97734,4.0,0,1975,0,Coastal Suburbs,20013
PROP_04823,2025-07-26,174160,1,2.0,1244,6220,1.0,0,1999,0,Coastal Suburbs,20013
PROP_04824,2026-05-01,1063548,5,2.5,3812,30496,3.0,0,1982,0,Metro City,10003
PROP_04825,2025-06-11,465192,2,2.0,1988,3976,1.5,0,1983,0,Coastal Suburbs,20013
PROP_04826,2025-06-25,579798,2,1.0,2386,4772,1.5,0,1999,0,Coastal Suburbs,20011
PROP_04827,2026-05-20,591840,4,3.5,2740,16440,2.5,0,1983,0,Greenwood Valley,40082
PROP_04828,2025-07-30,734823,6,2.5,2523,12615,2.5,0,2002,2020,Greenwood Valley,40082
PROP_04829,2025-12-31,1236844,4,3.0,3794,30352,3.0,0,2003,0,Greenwood Valley,40081
PROP_04830,2026-01-14,254000,4,2.5,1600,8000,1.0,0,1978,2017,Coastal Suburbs,20012
PROP_04831,2025-12-12,477146,4,1.0,1533,6132,1.5,0,1988,2017,Metro City,10002
PROP_04832,2025-08-03,345384,4,1.5,2214,6642,1.5,0,1957,0,Tech Park District,30045
PROP_04833,2026-03-08,205750,3,2.5,823,2469,1.0,0,1952,0,Coastal Suburbs,20012
PROP_04834,2025-10-08,1428781,4,3.0,3517,14068,3.0,0,1990,2017,Coastal Suburbs,20011
PROP_04835,2026-01-29,175216,4,2.5,932,5592,1.5,0,2006,0,Metro City,10004
PROP_04836,2026-05-26,292032,3,1.5,1872,3744,2.0,0,2009,0,Metro City,10004
PROP_04837,2025-08-18,456605,1,1.5,1943,5829,2.0,0,1954,2022,Greenwood Valley,40081
PROP_04838,2025-09-14,283230,4,2.0,2098,6294,1.5,0,2015,0,Metro City,10002
PROP_04839,2026-05-22,1025271,5,3.5,3429,24003,2.0,0,2009,0,Tech Park District,30045
PROP_04840,2026-05-18,403029,4,2.5,1947,11682,1.0,0,1977,0,Greenwood Valley,40082
PROP_04841,2026-04-19,380644,1,1.5,2321,6963,1.5,0,2000,0,Coastal Suburbs,20013
PROP_04842,2025-06-05,217602,3,2.0,1386,8316,2.0,0,1953,0,Metro City,10001
PROP_04843,2025-11-02,345114,1,1.5,990,3960,1.5,1,2004,0,Coastal Suburbs,20012
PROP_04844,2026-01-02,192400,2,2.5,962,2886,1.0,0,1968,0,Tech Park District,30046
PROP_04845,2026-05-05,422528,1,2.5,1123,4492,1.5,1,1969,2017,Greenwood Valley,40081
PROP_04846,2025-07-22,221646,2,2.0,1394,4182,1.5,0,1969,0,Coastal Suburbs,20011
PROP_04847,2026-05-06,352077,3,2.0,1551,7755,2.0,0,2013,0,Metro City,10004
PROP_04848,2026-02-22,3950834,9,4.5,4775,23875,4.0,1,1996,0,Coastal Suburbs,20012
PROP_04849,2025-10-17,1430304,6,3.0,3804,30432,2.5,0,1976,0,Tech Park District,30045
PROP_04850,2026-04-15,378420,1,2.0,2226,11130,2.0,0,2010,2024,Metro City,10004
PROP_04851,2026-04-07,1297455,6,2.5,3873,27111,3.0,0,2004,0,Metro City,10004
PROP_04852,2026-05-25,243880,1,2.5,938,5628,1.5,0,2001,2018,Coastal Suburbs,20012
PROP_04853,2025-08-10,1204504,4,3.5,4396,35168,2.0,0,1955,0,Metro City,10001
PROP_04854,2026-01-01,337870,1,1.0,1196,5980,1.0,0,1958,2020,Tech Park District,30046
PROP_04855,2025-07-24,433509,1,1.5,1741,6964,1.0,0,1974,0,Greenwood Valley,40081
PROP_04856,2026-02-17,1819860,4,3.5,4333,12999,2.0,1,1952,0,Greenwood Valley,40081
PROP_04857,2026-04-13,5097710,7,7.5,6089,85246,2.5,1,1967,0,Greenwood Valley,40081
PROP_04858,2025-07-31,287655,1,2.0,2265,13590,1.5,0,1968,0,Metro City,10002
PROP_04859,2025-10-23,4054200,6,4.5,6757,33785,2.5,0,1992,0,Greenwood Valley,40081
PROP_04860,2025-07-29,204516,2,2.5,1311,6555,2.0,0,1988,0,Metro City,10002
PROP_04861,2025-07-25,300339,2,1.5,1963,3926,1.5,0,1970,0,Metro City,10004
PROP_04862,2026-02-10,342480,4,2.0,1427,2854,1.0,0,1956,0,Coastal Suburbs,20013
PROP_04863,2025-09-10,1112535,4,3.5,3618,21708,2.5,0,1987,2019,Tech Park District,30046
PROP_04864,2026-04-08,1376083,4,3.0,3627,25389,3.0,1,1963,0,Greenwood Valley,40081
PROP_04865,2025-09-11,393855,4,2.5,1815,7260,2.0,0,1951,0,Greenwood Valley,40081
PROP_04866,2025-10-13,428576,3,1.5,1816,7264,1.0,0,1976,0,Tech Park District,30046
PROP_04867,2026-02-23,269812,2,2.0,1439,5756,2.0,0,1970,2022,Greenwood Valley,40082
PROP_04868,2025-09-12,364140,2,2.5,2023,6069,1.0,0,1968,2024,Tech Park District,30045
PROP_04869,2025-12-01,973830,6,2.5,2951,20657,2.5,0,1995,0,Tech Park District,30045
PROP_04870,2026-05-27,1161081,6,3.5,2544,7632,2.0,1,1984,0,Greenwood Valley,40081
PROP_04871,2025-12-27,234685,2,2.5,1255,6275,1.5,0,2000,0,Greenwood Valley,40082
PROP_04872,2025-10-30,272916,1,2.0,2166,8664,1.5,0,1991,0,Tech Park District,30045
PROP_04873,2025-08-22,371599,3,1.0,1637,3274,1.0,0,1970,0,Tech Park District,30045
PROP_04874,2025-06-21,134174,3,1.0,919,5514,1.0,0,1996,0,Metro City,10004
PROP_04875,2026-03-08,1160316,5,4.0,3474,10422,3.0,0,1989,0,Coastal Suburbs,20013
PROP_04876,2026-02-10,209712,1,1.0,1542,6168,1.5,0,2003,0,Greenwood Valley,40082
PROP_04877,2025-09-15,469050,2,1.5,1590,7950,1.0,0,1982,2024,Coastal Suburbs,20013
PROP_04878,2026-05-19,1624512,6,4.0,3845,23070,2.0,0,2008,2019,Greenwood Valley,40081
PROP_04879,2026-02-02,386724,3,2.5,1924,9620,2.0,0,1982,0,Metro City,10004
PROP_04880,2025-11-17,187440,2,1.5,1136,2272,1.5,0,1952,0,Coastal Suburbs,20011
PROP_04881,2025-09-29,337977,2,2.5,2397,4794,2.0,0,1953,0,Greenwood Valley,40082
PROP_04882,2025-06-02,269028,1,1.5,1692,6768,2.0,0,1956,0,Coastal Suburbs,20013
PROP_04883,2025-06-07,327402,2,1.5,2322,11610,1.5,0,2006,0,Tech Park District,30045
PROP_04884,2026-05-10,225104,2,2.5,1279,6395,2.0,0,1952,0,Coastal Suburbs,20012
PROP_04885,2025-07-16,1098500,4,4.0,2600,7800,2.0,0,1963,2019,Coastal Suburbs,20011
PROP_04886,2025-07-27,390643,1,1.0,2089,6267,1.0,0,1975,0,Metro City,10004
PROP_04887,2026-03-21,731142,4,2.5,2718,8154,2.5,0,1992,0,Greenwood Valley,40082
PROP_04888,2026-05-09,139464,1,1.0,936,5616,2.0,0,1991,0,Metro City,10003
PROP_04889,2026-02-08,136367,1,2.0,847,3388,1.0,0,1993,0,Tech Park District,30045
PROP_04890,2025-08-16,1998066,9,6.0,4746,61698,2.5,0,1974,0,Metro City,10001
PROP_04891,2025-07-17,203154,4,1.0,1382,8292,1.0,0,1961,0,Greenwood Valley,40081
PROP_04892,2026-02-17,336300,3,2.5,2242,13452,2.0,0,2013,0,Tech Park District,30045
PROP_04893,2025-07-09,191080,3,1.5,1405,8430,2.0,0,1970,0,Greenwood Valley,40081
PROP_04894,2025-07-22,341462,3,2.5,2057,12342,2.0,0,1979,0,Coastal Suburbs,20012
PROP_04895,2025-10-10,407078,1,2.5,1927,5781,1.5,0,1998,2020,Tech Park District,30046
PROP_04896,2026-04-26,242205,3,1.0,1005,6030,1.5,0,1960,0,Metro City,10003
PROP_04897,2025-09-27,1845799,5,4.0,4146,24876,2.0,1,1959,0,Metro City,10004
PROP_04898,2026-01-20,963680,5,3.0,2536,10144,2.0,0,1994,0,Greenwood Valley,40081
PROP_04899,2025-10-30,1719808,4,3.5,4313,30191,2.0,0,1999,2022,Greenwood Valley,40081
PROP_04900,2025-10-14,745620,5,3.0,3468,27744,2.5,0,2006,0,Metro City,10001
PROP_04901,2026-01-24,385006,3,1.5,2362,14172,1.5,0,2001,0,Metro City,10003
PROP_04902,2025-06-26,355644,3,1.0,1998,11988,1.0,0,1979,0,Greenwood Valley,40081
PROP_04903,2025-07-22,474000,3,1.5,1975,11850,1.0,0,2008,0,Tech Park District,30045
PROP_04904,2025-08-29,167258,4,1.0,919,1838,1.0,0,2013,0,Tech Park District,30046
PROP_04905,2025-06-21,462950,4,1.5,1970,5910,1.0,0,2010,0,Metro City,10004
PROP_04906,2025-10-27,311661,1,1.0,1649,4947,2.0,0,2002,0,Tech Park District,30046
PROP_04907,2025-12-02,308428,1,2.5,1858,11148,1.0,0,1996,0,Greenwood Valley,40081
PROP_04908,2026-05-13,265655,4,1.5,1742,10452,1.5,0,1983,2025,Coastal Suburbs,20013
PROP_04909,2025-11-08,4962606,6,7.5,8465,126975,2.5,0,1974,2025,Metro City,10002
PROP_04910,2026-01-05,202699,1,2.0,1259,3777,1.0,0,1992,0,Greenwood Valley,40081
PROP_04911,2025-07-30,326697,3,2.0,2317,9268,1.0,0,1981,0,Greenwood Valley,40082
PROP_04912,2025-07-19,1267950,4,3.5,3950,19750,2.0,0,1962,0,Tech Park District,30046
PROP_04913,2025-06-24,237020,2,1.5,1693,10158,1.0,0,1968,0,Metro City,10001
PROP_04914,2025-06-05,799876,5,3.0,2597,15582,3.0,0,2010,0,Metro City,10003
PROP_04915,2025-08-10,319410,1,2.5,2028,10140,1.0,0,2005,2023,Greenwood Valley,40082
PROP_04916,2026-05-06,417456,4,2.0,2007,6021,2.0,0,1963,0,Coastal Suburbs,20012
PROP_04917,2026-04-28,199125,1,1.5,1475,7375,1.0,0,1975,0,Metro City,10004
PROP_04918,2025-08-27,384500,4,2.5,1538,9228,2.0,0,1980,0,Greenwood Valley,40082
PROP_04919,2025-11-16,251450,4,1.0,1070,4280,1.5,0,1994,0,Greenwood Valley,40081
PROP_04920,2025-12-01,352325,4,1.5,1658,6632,1.0,0,1984,2020,Coastal Suburbs,20013
PROP_04921,2026-01-11,311328,2,2.0,2208,8832,2.0,0,1957,0,Tech Park District,30045
PROP_04922,2026-04-15,343500,4,2.5,2290,6870,1.5,0,1974,2024,Greenwood Valley,40081
PROP_04923,2025-10-16,934919,4,3.0,2650,7950,2.5,1,2000,0,Metro City,10004
PROP_04924,2025-07-18,253590,1,1.0,1070,5350,2.0,0,1967,0,Tech Park District,30045
PROP_04925,2025-12-08,411215,2,2.0,1895,9475,1.5,0,1955,0,Greenwood Valley,40082
PROP_04926,2025-11-23,201434,4,1.5,1334,5336,1.0,0,1990,0,Metro City,10001
PROP_04927,2025-09-02,951117,5,3.0,3139,18834,2.0,0,1983,0,Metro City,10002
PROP_04928,2025-07-29,881832,5,3.5,2534,12670,2.0,0,1960,0,Greenwood Valley,40082
PROP_04929,2025-12-23,287730,4,1.5,1668,6672,1.5,0,1970,2018,Coastal Suburbs,20012
PROP_04930,2025-12-22,224532,3,1.0,1458,5832,1.5,0,1965,0,Tech Park District,30046
PROP_04931,2026-01-20,498480,4,1.5,2010,4020,1.0,0,1970,0,Metro City,10001
PROP_04932,2025-10-18,386382,2,1.0,1814,3628,2.0,0,1953,0,Greenwood Valley,40082
PROP_04933,2025-12-15,466702,3,2.0,2038,6114,1.5,0,2010,0,Coastal Suburbs,20011
PROP_04934,2026-05-20,367212,3,2.0,1724,3448,2.0,0,1984,0,Tech Park District,30046
PROP_04935,2026-01-31,145304,4,2.5,886,3544,1.0,0,1961,0,Greenwood Valley,40082
PROP_04936,2026-01-02,240912,3,2.0,1434,4302,2.0,0,1998,0,Metro City,10004
PROP_04937,2026-04-29,307181,1,2.0,1143,6858,2.0,0,1991,2020,Coastal Suburbs,20012
PROP_04938,2025-08-25,167025,1,2.5,1275,2550,1.5,0,1998,0,Greenwood Valley,40081
PROP_04939,2025-07-28,281952,4,2.5,1602,8010,1.5,0,1962,0,Coastal Suburbs,20012
PROP_04940,2025-08-07,450870,3,1.0,1995,7980,2.0,0,1987,0,Tech Park District,30045
PROP_04941,2026-05-23,707272,6,2.5,3352,26816,2.5,0,1952,0,Metro City,10001
PROP_04942,2025-07-01,284648,3,2.5,1288,7728,1.0,0,1981,0,Greenwood Valley,40081
PROP_04943,2025-08-21,432456,3,1.0,1948,5844,1.0,0,1981,0,Metro City,10004
PROP_04944,2025-07-24,382398,3,1.0,2346,4692,1.5,0,1989,0,Tech Park District,30046
PROP_04945,2025-12-31,328765,3,1.0,1399,8394,2.0,0,1964,0,Metro City,10001
PROP_04946,2026-03-30,1807923,4,2.5,3878,15512,2.0,1,2013,0,Coastal Suburbs,20012
PROP_04947,2026-02-03,156100,2,1.0,1115,3345,2.0,0,2012,0,Coastal Suburbs,20013
PROP_04948,2026-03-19,1078668,5,3.0,2988,17928,2.0,0,1982,0,Metro City,10001
PROP_04949,2026-05-14,347142,1,1.5,1454,7270,1.5,0,1985,2020,Coastal Suburbs,20013
PROP_04950,2026-01-11,939962,4,4.0,3574,21444,2.0,0,1981,0,Greenwood Valley,40081
PROP_04951,2025-09-01,238476,1,1.5,1169,3507,1.0,0,1998,0,Coastal Suburbs,20011
PROP_04952,2026-04-09,431766,3,1.0,1734,5202,1.0,0,1960,0,Tech Park District,30045
PROP_04953,2025-12-12,181248,2,2.0,1024,3072,2.0,0,1995,0,Metro City,10002
PROP_04954,2025-12-01,161381,2,1.5,863,5178,1.0,0,1954,0,Greenwood Valley,40082
PROP_04955,2026-04-10,395428,4,2.5,1892,7568,1.0,0,1993,0,Coastal Suburbs,20013
PROP_04956,2025-06-15,464641,3,1.5,2029,10145,1.0,0,1974,0,Tech Park District,30046
PROP_04957,2026-05-17,3353199,8,5.0,5331,63972,4.0,0,1978,0,Coastal Suburbs,20011
PROP_04958,2025-08-06,159983,2,1.0,1019,5095,1.5,0,2003,0,Tech Park District,30045
PROP_04959,2026-02-03,210782,3,2.5,871,3484,1.5,0,1961,0,Greenwood Valley,40082
PROP_04960,2026-02-05,1431300,4,3.0,3900,23400,2.0,0,1997,0,Metro City,10002
PROP_04961,2025-07-28,438588,3,1.0,2358,4716,2.0,0,1960,0,Metro City,10002
PROP_04962,2025-12-28,635725,2,1.0,2155,6465,1.0,0,1979,2024,Coastal Suburbs,20012
PROP_04963,2026-01-12,428175,1,2.5,1903,9515,2.0,0,2003,0,Coastal Suburbs,20011
PROP_04964,2025-06-24,478250,4,2.0,1913,11478,1.5,0,2007,0,Greenwood Valley,40081
PROP_04965,2025-07-03,193248,3,1.0,976,1952,1.0,0,1976,0,Greenwood Valley,40081
PROP_04966,2025-10-12,467291,2,1.5,1707,6828,1.0,0,1987,2022,Coastal Suburbs,20012
PROP_04967,2026-05-02,220320,1,1.0,1296,2592,1.5,0,1975,0,Coastal Suburbs,20013
PROP_04968,2025-11-08,862844,6,4.0,3958,19790,3.0,0,1993,0,Greenwood Valley,40081
PROP_04969,2025-06-07,1018908,6,3.5,4092,20460,3.0,0,2003,0,Greenwood Valley,40082
PROP_04970,2026-05-27,225480,1,1.0,1879,3758,1.0,0,1975,0,Greenwood Valley,40081
PROP_04971,2026-05-14,367164,3,1.5,1953,3906,1.0,0,2008,0,Greenwood Valley,40081
PROP_04972,2026-02-24,469839,2,1.0,2361,7083,2.0,0,1984,0,Metro City,10003
PROP_04973,2026-03-23,212660,1,2.5,868,1736,1.0,0,1968,0,Coastal Suburbs,20011
PROP_04974,2026-03-17,493748,1,1.5,2329,4658,1.0,0,1962,0,Coastal Suburbs,20013
PROP_04975,2025-09-23,989808,6,4.0,3639,25473,2.5,0,1969,0,Greenwood Valley,40081
PROP_04976,2026-05-09,945252,5,4.0,3388,10164,2.0,0,1992,0,Greenwood Valley,40082
PROP_04977,2025-11-21,273234,2,2.5,1469,4407,1.0,0,2011,0,Tech Park District,30045
PROP_04978,2026-02-21,299060,1,2.5,1574,4722,1.0,0,2008,2021,Coastal Suburbs,20013
PROP_04979,2026-02-23,1669269,5,3.0,2741,16446,3.0,1,1977,2016,Metro City,10003
PROP_04980,2026-05-19,252971,4,2.5,1257,2514,1.5,0,1969,2021,Metro City,10004
PROP_04981,2026-05-25,196320,2,2.5,1227,7362,1.0,0,1963,2024,Greenwood Valley,40082
PROP_04982,2026-04-13,335101,3,2.5,1937,11622,1.0,0,1979,0,Metro City,10001
PROP_04983,2025-07-19,328032,3,1.5,2144,6432,1.0,0,1968,0,Tech Park District,30046
PROP_04984,2026-01-08,261267,3,1.5,1193,2386,1.5,0,1993,0,Metro City,10001
PROP_04985,2026-05-05,715310,4,1.0,2094,6282,1.5,1,1983,0,Greenwood Valley,40082
PROP_04986,2025-10-06,352773,3,1.5,2063,12378,2.0,0,1953,0,Coastal Suburbs,20011
PROP_04987,2026-02-02,266072,3,2.5,1684,10104,1.0,0,2000,0,Metro City,10004
PROP_04988,2025-11-25,476292,3,1.0,2089,4178,1.5,0,2004,0,Greenwood Valley,40082
PROP_04989,2026-05-06,1150688,6,4.0,3736,29888,3.0,0,1988,0,Tech Park District,30046
PROP_04990,2026-05-13,454536,1,1.5,1926,5778,1.5,0,1988,0,Coastal Suburbs,20012
PROP_04991,2026-04-25,413130,3,2.0,1758,8790,1.0,0,1971,0,Tech Park District,30045
PROP_04992,2025-12-15,214199,4,1.5,1541,4623,2.0,0,1980,0,Metro City,10002
PROP_04993,2025-08-16,1153320,4,3.5,4119,32952,2.5,0,1970,0,Tech Park District,30045
PROP_04994,2026-03-13,3012402,9,5.0,6049,72588,3.0,0,1955,0,Greenwood Valley,40081
PROP_04995,2026-04-10,214232,1,1.5,878,3512,1.0,0,2009,0,Metro City,10002
PROP_04996,2025-06-28,382577,2,1.0,1538,4614,1.0,0,1957,2025,Metro City,10001
PROP_04997,2025-06-06,391092,4,1.5,1794,3588,2.0,0,1975,0,Tech Park District,30046
PROP_04998,2026-04-26,367080,1,2.5,1596,7980,2.0,0,1967,0,Tech Park District,30046
PROP_04999,2025-08-20,224020,4,2.0,974,2922,1.5,0,2010,2023,Metro City,10004
PROP_05000,2026-02-14,306675,1,2.0,1044,4176,1.0,0,2006,2024,Metro City,10003
PROP_05001,2026-01-27,1235872,4,3.5,3511,17555,2.0,0,1976,0,Greenwood Valley,40081
PROP_05002,2026-02-09,199589,2,1.0,1181,3543,1.5,0,1977,0,Greenwood Valley,40082
PROP_05003,2025-08-24,225758,4,2.5,914,2742,2.0,0,1954,0,Greenwood Valley,40081
PROP_05004,2025-07-09,1234324,5,2.5,3391,10173,2.5,0,2006,0,Greenwood Valley,40081
PROP_05005,2026-02-07,151920,4,2.5,844,1688,1.5,0,1958,0,Greenwood Valley,40081
PROP_05006,2025-11-12,5137300,8,4.5,7175,107625,3.0,0,1955,0,Tech Park District,30045
PROP_05007,2025-10-02,288408,2,1.5,1464,5856,1.5,0,1963,0,Greenwood Valley,40081
PROP_05008,2025-11-17,3258282,6,4.5,6278,69058,2.5,0,1984,0,Tech Park District,30046
PROP_05009,2025-10-21,823500,4,4.0,3294,9882,2.0,0,1981,0,Metro City,10004
PROP_05010,2025-06-26,1043298,4,2.5,3501,28008,2.0,0,1982,0,Tech Park District,30046
PROP_05011,2026-02-15,223104,3,2.5,996,3984,1.0,0,1964,0,Tech Park District,30045
PROP_05012,2025-09-23,384560,3,1.0,2090,10450,2.0,0,1962,0,Metro City,10003
PROP_05013,2026-03-09,298920,1,1.5,1504,7520,1.0,0,1971,2020,Metro City,10004
PROP_05014,2026-04-26,458745,1,2.5,1799,7196,2.0,0,1954,2016,Greenwood Valley,40081
PROP_05015,2025-12-11,1542490,6,4.0,4226,33808,2.5,0,2006,0,Metro City,10002
PROP_05016,2025-12-24,346038,1,2.5,1498,7490,1.0,0,2002,0,Tech Park District,30046
PROP_05017,2025-09-29,211328,3,1.0,1664,4992,2.0,0,1972,0,Greenwood Valley,40082
PROP_05018,2025-07-11,378976,2,2.0,1822,7288,1.5,0,1965,0,Metro City,10003
PROP_05019,2026-01-22,1008722,6,2.5,3527,17635,3.0,0,1954,0,Metro City,10003
PROP_05020,2026-01-14,1237275,4,2.5,4230,12690,2.5,0,1963,2025,Coastal Suburbs,20012
PROP_05021,2026-03-21,325022,3,1.0,1994,5982,1.5,0,1998,0,Metro City,10003
PROP_05022,2026-01-16,747782,6,3.5,3446,20676,2.0,0,2015,0,Coastal Suburbs,20011
PROP_05023,2025-07-16,248281,2,2.0,1135,3405,1.0,0,1965,2020,Tech Park District,30045
PROP_05024,2026-02-11,272822,3,2.0,1789,10734,2.0,0,1982,2025,Coastal Suburbs,20011
PROP_05025,2026-01-15,796897,6,3.0,2471,14826,3.0,0,1993,2020,Coastal Suburbs,20011
PROP_05026,2025-11-09,366587,3,2.0,2119,4238,1.0,0,2008,0,Coastal Suburbs,20013
PROP_05027,2025-07-31,578981,4,2.0,1971,3942,1.5,0,2003,2018,Tech Park District,30045
PROP_05028,2026-02-10,276330,1,1.5,906,1812,2.0,0,1957,2022,Greenwood Valley,40081
PROP_05029,2026-05-01,867570,4,3.5,2629,7887,2.0,0,1952,0,Coastal Suburbs,20011
PROP_05030,2025-06-10,987072,5,3.0,3104,21728,2.0,0,1996,0,Greenwood Valley,40081
PROP_05031,2025-07-23,344810,1,1.0,1682,8410,1.5,0,2004,0,Metro City,10004
PROP_05032,2025-12-24,156087,1,1.0,1107,5535,2.0,0,2002,0,Tech Park District,30045
PROP_05033,2025-12-29,380712,2,2.0,1330,3990,2.0,0,1962,2024,Coastal Suburbs,20012
PROP_05034,2025-06-19,991530,6,3.0,2874,20118,2.5,0,1980,0,Greenwood Valley,40081
PROP_05035,2026-03-13,267919,3,1.5,1121,6726,1.5,0,2001,0,Metro City,10003
PROP_05036,2026-03-09,881090,4,3.5,4298,12894,3.0,0,1970,0,Greenwood Valley,40082
PROP_05037,2025-06-01,351378,4,2.5,1458,5832,2.0,0,1964,0,Greenwood Valley,40081
PROP_05038,2025-07-17,304861,1,1.5,1343,2686,2.0,0,1990,0,Tech Park District,30046
PROP_05039,2026-04-06,3581409,7,7.5,5109,61308,2.5,0,1953,0,Greenwood Valley,40082
PROP_05040,2026-04-13,146720,2,1.0,1120,2240,2.0,0,1953,0,Coastal Suburbs,20012
PROP_05041,2026-04-23,263670,2,2.0,1870,9350,1.0,0,1962,0,Metro City,10002
PROP_05042,2025-11-03,461840,1,1.0,2008,4016,1.0,0,1993,2025,Tech Park District,30045
PROP_05043,2026-02-16,230946,3,2.5,1262,7572,2.0,0,1991,0,Coastal Suburbs,20013
PROP_05044,2026-03-15,277969,4,1.5,1193,2386,1.0,0,1979,0,Greenwood Valley,40081
PROP_05045,2025-09-14,181794,1,1.0,1478,2956,2.0,0,2008,0,Greenwood Valley,40082
PROP_05046,2026-05-02,1130714,6,3.0,4082,12246,2.5,0,2000,0,Coastal Suburbs,20011
PROP_05047,2026-05-10,296875,2,1.0,926,1852,1.0,1,2006,0,Tech Park District,30046
PROP_05048,2026-01-20,402265,1,2.0,1871,11226,1.0,0,1994,0,Coastal Suburbs,20012
PROP_05049,2025-11-22,279620,4,2.0,1364,6820,1.5,0,2002,0,Metro City,10004
PROP_05050,2025-12-04,927956,4,4.0,3055,15275,2.5,0,1974,2018,Greenwood Valley,40082
PROP_05051,2025-06-28,552194,4,3.0,2533,17731,3.0,0,1967,0,Tech Park District,30045
PROP_05052,2025-09-23,159942,1,2.0,874,1748,1.0,0,1988,0,Tech Park District,30045
PROP_05053,2026-01-19,477252,1,1.0,1964,7856,1.0,0,1983,0,Coastal Suburbs,20013
PROP_05054,2025-11-17,823536,4,3.0,3612,25284,2.5,0,1950,0,Metro City,10002
PROP_05055,2026-03-14,367275,2,2.0,2075,4150,1.0,0,1988,0,Greenwood Valley,40082
PROP_05056,2026-04-14,279240,4,2.0,2327,11635,1.5,0,2009,0,Greenwood Valley,40082
PROP_05057,2026-04-04,454028,2,2.5,2036,4072,2.0,0,2015,0,Greenwood Valley,40081
PROP_05058,2026-01-29,310104,4,1.5,1416,5664,2.0,0,1974,0,Greenwood Valley,40082
PROP_05059,2026-05-03,205840,1,1.0,1240,4960,1.5,0,1990,0,Tech Park District,30046
PROP_05060,2025-12-04,232915,3,2.0,1259,2518,1.0,0,1997,2017,Greenwood Valley,40082
PROP_05061,2026-01-18,417876,2,1.5,2154,6462,2.0,0,2005,0,Coastal Suburbs,20012
PROP_05062,2025-07-29,113708,4,2.0,868,4340,1.0,0,1963,0,Tech Park District,30046
PROP_05063,2025-07-20,1300698,5,2.5,3441,24087,2.0,0,1970,0,Greenwood Valley,40081
PROP_05064,2026-05-04,250776,2,2.5,1458,2916,1.5,0,2004,0,Metro City,10001
PROP_05065,2025-09-22,268755,1,2.5,1311,3933,1.0,0,2014,2024,Coastal Suburbs,20011
PROP_05066,2025-06-02,1049848,4,3.0,2508,15048,2.0,1,1961,0,Greenwood Valley,40081
PROP_05067,2025-11-22,1237896,6,4.0,4168,29176,2.5,0,1972,0,Greenwood Valley,40082
PROP_05068,2025-11-29,1082976,4,4.0,3112,18672,3.0,0,2013,0,Greenwood Valley,40081
PROP_05069,2026-04-21,999220,4,3.0,4252,12756,3.0,0,1960,0,Greenwood Valley,40081
PROP_05070,2025-10-28,936270,4,4.0,3030,18180,2.0,0,2010,0,Metro City,10004
PROP_05071,2026-03-08,240669,3,1.5,1683,8415,2.0,0,2007,0,Tech Park District,30045
PROP_05072,2026-02-23,229392,3,1.0,1062,2124,1.5,0,2015,0,Tech Park District,30045
PROP_05073,2025-12-09,440058,3,2.0,2066,12396,1.5,0,1966,0,Coastal Suburbs,20012
PROP_05074,2026-05-26,4775408,7,6.0,6941,90233,2.5,0,1959,0,Greenwood Valley,40081
PROP_05075,2025-07-25,160160,3,1.5,1040,4160,1.0,0,2000,0,Coastal Suburbs,20012
PROP_05076,2025-06-24,375573,2,2.5,1797,7188,1.5,0,1974,0,Metro City,10001
PROP_05077,2025-08-24,252673,4,1.5,1121,5605,1.5,1,2005,0,Coastal Suburbs,20012
PROP_05078,2026-02-08,261568,1,2.0,1072,3216,1.5,0,1984,0,Greenwood Valley,40082
PROP_05079,2025-08-11,576153,4,1.5,2371,11855,1.5,0,1989,0,Metro City,10004
PROP_05080,2025-12-27,126153,1,1.5,963,1926,1.5,0,1969,0,Metro City,10003
PROP_05081,2025-07-25,161462,3,1.0,1214,4856,1.5,0,1959,0,Greenwood Valley,40081
PROP_05082,2025-10-09,554598,1,2.5,2083,8332,2.0,0,1950,2022,Metro City,10004
PROP_05083,2026-04-09,1201769,5,3.0,3329,19974,2.5,0,1987,0,Coastal Suburbs,20013
PROP_05084,2025-09-09,404002,2,2.5,1947,7788,1.5,0,1986,2022,Coastal Suburbs,20013
PROP_05085,2025-09-05,822393,6,3.5,3861,27027,2.5,0,1968,0,Coastal Suburbs,20012
PROP_05086,2025-08-01,291875,1,1.0,2335,9340,1.5,0,2002,0,Metro City,10004
PROP_05087,2025-12-19,256250,4,2.5,2050,8200,2.0,0,2013,0,Tech Park District,30045
PROP_05088,2025-09-19,755820,6,3.5,2470,14820,2.5,0,1983,0,Metro City,10003
PROP_05089,2026-01-21,963585,6,3.0,2793,13965,3.0,0,2000,0,Greenwood Valley,40081
PROP_05090,2025-09-06,1368549,4,4.0,3899,19495,3.0,0,1959,0,Tech Park District,30045
PROP_05091,2025-11-21,226440,2,1.5,1110,5550,2.0,0,2004,0,Greenwood Valley,40081
PROP_05092,2025-07-26,186184,3,1.5,1369,2738,1.5,0,1988,0,Coastal Suburbs,20012
PROP_05093,2025-12-30,262798,4,1.0,1411,7055,2.0,0,1959,2019,Metro City,10004
PROP_05094,2025-06-24,889170,5,3.5,2770,11080,2.0,0,2004,0,Greenwood Valley,40082
PROP_05095,2026-04-21,323510,4,1.0,1903,9515,2.0,0,1979,2016,Tech Park District,30046
PROP_05096,2026-05-11,458780,4,1.5,2260,13560,2.0,0,2011,0,Tech Park District,30045
PROP_05097,2026-03-29,274584,2,1.0,2019,4038,2.0,0,1969,0,Coastal Suburbs,20012
PROP_05098,2025-08-03,1095786,4,3.0,3581,10743,2.0,0,2001,0,Tech Park District,30045
PROP_05099,2026-01-17,259752,3,2.5,1644,3288,2.0,0,2015,0,Metro City,10004
PROP_05100,2026-01-21,269184,1,1.0,2103,6309,1.0,0,1969,0,Tech Park District,30045
PROP_05101,2026-05-04,413201,3,1.5,1749,8745,2.0,0,1958,2020,Metro City,10003
PROP_05102,2026-03-29,1341450,6,4.0,4065,20325,3.0,0,1952,0,Tech Park District,30045
PROP_05103,2026-02-14,862600,6,3.5,3040,18240,2.0,0,2014,2025,Metro City,10003
PROP_05104,2025-08-08,272840,1,1.5,1795,5385,2.0,0,1971,0,Tech Park District,30046
PROP_05105,2026-02-11,331650,4,1.5,1650,8250,2.0,0,1997,0,Tech Park District,30046
PROP_05106,2025-06-03,313872,2,2.5,1509,7545,1.0,0,2002,0,Tech Park District,30046
PROP_05107,2026-02-27,565082,4,3.0,2534,20272,3.0,0,2004,0,Tech Park District,30046
PROP_05108,2025-06-25,327470,2,2.0,2290,11450,1.0,0,1991,0,Greenwood Valley,40081
PROP_05109,2026-03-11,229772,3,1.5,1054,3162,1.0,0,1954,0,Metro City,10001
PROP_05110,2026-01-08,790088,5,4.0,2782,13910,2.5,0,1999,0,Greenwood Valley,40082
PROP_05111,2026-03-27,274944,4,2.5,1432,7160,2.0,0,1993,0,Coastal Suburbs,20013
PROP_05112,2026-02-03,270135,1,1.0,2001,8004,2.0,0,1995,0,Tech Park District,30045
PROP_05113,2026-02-16,409910,4,1.5,2290,9160,2.0,0,1962,0,Coastal Suburbs,20011
PROP_05114,2025-08-30,307152,1,1.5,1264,2528,1.0,0,2011,0,Coastal Suburbs,20011
PROP_05115,2026-05-21,133688,4,2.0,983,1966,2.0,0,1950,0,Greenwood Valley,40082
PROP_05116,2026-03-24,236900,4,2.5,1150,3450,1.5,0,1994,0,Coastal Suburbs,20013
PROP_05117,2025-08-28,779640,5,3.0,3560,24920,2.0,0,1956,0,Greenwood Valley,40081
PROP_05118,2025-08-05,2127037,4,3.5,3330,26640,2.0,1,1989,2020,Tech Park District,30046
PROP_05119,2025-07-24,189520,4,2.0,920,4600,1.0,0,1976,0,Coastal Suburbs,20013
PROP_05120,2025-12-16,390432,2,2.5,1992,5976,1.5,1,1958,0,Coastal Suburbs,20013
PROP_05121,2026-05-03,297180,1,2.5,1524,3048,1.5,0,1977,0,Coastal Suburbs,20012
PROP_05122,2026-04-04,339426,4,2.5,1557,3114,1.5,0,1972,0,Metro City,10003
PROP_05123,2026-04-07,604824,4,3.0,2552,7656,3.0,0,1969,0,Tech Park District,30046
PROP_05124,2025-11-12,275120,1,2.0,1520,4560,1.5,0,1964,0,Metro City,10001
PROP_05125,2026-02-14,1023816,4,3.5,2942,8826,3.0,0,1970,0,Tech Park District,30045
PROP_05126,2025-12-14,375306,4,1.0,1762,5286,2.0,0,1962,0,Coastal Suburbs,20012
PROP_05127,2026-01-01,186888,4,2.5,1198,4792,2.0,0,1978,0,Metro City,10002
PROP_05128,2026-04-08,352800,4,2.0,1440,4320,1.5,0,1954,0,Greenwood Valley,40082
PROP_05129,2026-05-21,312800,4,1.5,1840,7360,1.0,0,1964,0,Tech Park District,30045
PROP_05130,2025-10-06,222890,2,1.0,1438,5752,1.5,0,2011,0,Metro City,10003
PROP_05131,2025-10-19,172018,3,1.5,1117,4468,1.5,0,2013,0,Metro City,10003
PROP_05132,2025-12-21,209280,3,2.0,960,1920,1.5,0,1970,0,Coastal Suburbs,20013
PROP_05133,2025-11-23,6404978,8,6.0,5289,68757,2.5,1,1965,2022,Greenwood Valley,40081
PROP_05134,2025-10-29,645841,6,2.5,2513,20104,3.0,0,2004,0,Greenwood Valley,40081
PROP_05135,2026-01-18,370928,2,1.0,1552,3104,2.0,0,1986,0,Greenwood Valley,40081
PROP_05136,2025-08-08,340515,3,1.5,2115,4230,2.0,0,2003,0,Metro City,10001
PROP_05137,2025-08-10,553611,2,2.0,2099,8396,2.0,0,1954,2019,Coastal Suburbs,20011
PROP_05138,2025-12-29,200925,3,2.0,1175,3525,1.0,0,2010,0,Coastal Suburbs,20012
PROP_05139,2026-04-05,168149,4,2.5,929,4645,1.5,0,1994,0,Tech Park District,30045
PROP_05140,2026-05-25,495380,4,1.5,1598,3196,1.5,0,1996,2021,Tech Park District,30046
PROP_05141,2026-02-18,248032,1,1.5,1348,6740,1.5,0,1985,0,Tech Park District,30045
PROP_05142,2025-11-01,405166,1,1.0,2342,4684,1.0,0,1968,0,Tech Park District,30046
PROP_05143,2026-05-26,337194,4,1.0,2358,11790,1.5,0,2008,0,Metro City,10002
PROP_05144,2026-03-08,154752,2,1.5,992,2976,1.5,0,2014,0,Metro City,10001
PROP_05145,2025-11-08,105651,4,1.0,819,3276,1.5,0,1985,0,Metro City,10004
PROP_05146,2026-05-31,284950,4,2.5,1640,6560,2.0,0,1990,2025,Metro City,10001
PROP_05147,2026-03-11,471282,2,1.5,2058,6174,1.5,0,1994,0,Coastal Suburbs,20012
PROP_05148,2026-04-20,822308,6,3.0,2462,12310,2.5,0,1996,0,Tech Park District,30046
PROP_05149,2025-09-20,286254,1,2.5,1178,7068,2.0,0,2011,0,Coastal Suburbs,20011
PROP_05150,2025-09-11,398780,2,1.0,2032,12192,2.0,0,2007,2018,Coastal Suburbs,20012
PROP_05151,2025-09-16,457344,1,1.5,2382,4764,1.0,0,1955,0,Tech Park District,30045
PROP_05152,2026-04-16,251464,2,2.0,1849,7396,2.0,0,2013,0,Coastal Suburbs,20011
PROP_05153,2025-10-27,375423,4,1.5,1359,2718,1.5,0,2011,2022,Tech Park District,30046
PROP_05154,2026-05-18,1655137,6,3.0,4370,34960,2.0,0,2010,2024,Greenwood Valley,40082
PROP_05155,2025-11-24,281728,1,2.0,2201,11005,2.0,0,1961,0,Metro City,10002
PROP_05156,2026-05-11,627725,2,1.5,2110,12660,1.5,0,1954,2019,Tech Park District,30046
PROP_05157,2025-08-07,413522,4,1.5,2078,8312,2.0,0,1989,0,Tech Park District,30045
PROP_05158,2026-05-30,350126,3,2.0,1967,11802,1.5,0,1998,0,Greenwood Valley,40082
PROP_05159,2026-04-29,162960,2,1.5,840,4200,2.0,0,1958,0,Metro City,10001
PROP_05160,2025-08-31,772208,5,3.0,2672,21376,2.0,0,1991,0,Tech Park District,30046
PROP_05161,2026-02-13,1309936,4,2.5,4309,17236,3.0,0,1956,0,Tech Park District,30045
PROP_05162,2026-03-05,265856,2,1.5,1072,2144,2.0,0,1976,0,Greenwood Valley,40082
PROP_05163,2026-05-22,331698,2,2.0,1874,9370,1.5,0,1999,0,Coastal Suburbs,20011
PROP_05164,2026-04-23,298870,1,2.5,2299,9196,1.0,0,1987,0,Coastal Suburbs,20011
PROP_05165,2025-11-13,300702,1,2.5,2179,13074,2.0,0,1979,0,Greenwood Valley,40081
PROP_05166,2026-05-30,264990,4,2.5,1210,2420,1.5,0,1976,0,Metro City,10003
PROP_05167,2025-07-30,337270,1,1.0,2326,11630,2.0,0,1971,0,Greenwood Valley,40082
PROP_05168,2025-11-28,325424,3,2.0,1849,11094,2.0,0,1958,0,Tech Park District,30045
PROP_05169,2026-03-15,559680,1,2.0,2112,4224,2.0,0,2003,2019,Coastal Suburbs,20012
PROP_05170,2026-02-01,207616,2,1.0,1622,8110,1.0,0,1980,0,Coastal Suburbs,20011
PROP_05171,2026-03-26,897590,6,3.5,2888,23104,3.0,1,1975,0,Tech Park District,30046
PROP_05172,2026-03-20,188281,1,1.0,1205,4820,2.0,0,1996,2016,Tech Park District,30046
PROP_05173,2026-05-08,322455,2,2.5,1295,2590,1.0,0,1979,0,Coastal Suburbs,20013
PROP_05174,2026-05-30,1174500,4,3.5,4050,12150,2.0,0,2012,0,Metro City,10004
PROP_05175,2025-12-31,143453,1,2.5,859,2577,1.0,0,1997,0,Metro City,10002
PROP_05176,2026-05-12,302016,1,1.5,2288,4576,1.5,0,2015,0,Metro City,10001
PROP_05177,2026-03-01,286065,4,1.0,1755,8775,2.0,0,2015,0,Tech Park District,30045
PROP_05178,2025-10-25,152421,3,2.0,1081,3243,2.0,0,2011,0,Coastal Suburbs,20011
PROP_05179,2026-01-03,259210,1,2.0,1127,5635,1.5,0,1993,0,Metro City,10004
PROP_05180,2025-06-07,140298,1,2.0,1047,5235,1.0,0,1967,0,Metro City,10004
PROP_05181,2026-02-23,1213940,5,2.5,2900,14500,2.0,1,1986,0,Coastal Suburbs,20011
PROP_05182,2025-07-25,334918,3,1.0,2218,6654,1.5,0,1998,0,Coastal Suburbs,20011
PROP_05183,2025-06-13,498960,4,1.0,2079,6237,1.0,0,1980,0,Tech Park District,30046
PROP_05184,2025-12-13,455552,2,2.5,1703,8515,1.0,0,1976,2018,Coastal Suburbs,20013
PROP_05185,2025-08-14,321607,1,1.5,2249,8996,2.0,0,1970,0,Tech Park District,30045
PROP_05186,2025-06-28,4045608,8,5.0,8027,40135,4.0,0,1951,0,Tech Park District,30046
PROP_05187,2026-05-10,901590,6,2.5,3665,10995,2.0,0,1958,0,Greenwood Valley,40081
PROP_05188,2025-06-29,342860,1,2.5,2212,4424,1.0,0,1999,0,Greenwood Valley,40081
PROP_05189,2025-09-11,247378,1,1.5,1382,8292,1.0,0,1977,0,Greenwood Valley,40082
PROP_05190,2025-10-15,388080,4,2.0,1980,3960,2.0,0,2012,0,Tech Park District,30045
PROP_05191,2025-08-22,336240,4,2.0,1868,11208,2.0,0,1969,0,Greenwood Valley,40081
PROP_05192,2025-10-25,429711,2,1.0,1893,3786,1.5,0,1950,0,Tech Park District,30046
PROP_05193,2026-05-16,2536604,7,7.5,5329,47961,2.5,0,2005,0,Coastal Suburbs,20013
PROP_05194,2025-10-07,162356,1,2.0,1097,2194,1.5,0,1956,0,Tech Park District,30045
PROP_05195,2025-08-14,367839,2,2.0,1777,3554,1.5,0,2001,0,Greenwood Valley,40081
PROP_05196,2025-07-02,286890,1,2.5,1965,9825,1.0,0,2015,0,Coastal Suburbs,20013
PROP_05197,2026-05-20,203490,3,1.5,969,5814,1.0,0,2007,0,Tech Park District,30045
PROP_05198,2025-10-30,213785,4,2.5,1495,8970,2.0,0,1992,0,Tech Park District,30046
PROP_05199,2025-09-13,756085,4,4.0,2563,17941,3.0,0,2010,0,Tech Park District,30045
PROP_05200,2026-03-05,1182720,4,3.5,3360,20160,3.0,0,1956,0,Coastal Suburbs,20011
PROP_05201,2025-06-17,194625,2,1.5,865,1730,2.0,0,2007,0,Greenwood Valley,40082
PROP_05202,2025-12-01,138474,3,1.0,942,3768,1.0,0,1969,0,Coastal Suburbs,20013
PROP_05203,2026-01-18,184070,4,2.5,1165,2330,1.5,0,2013,0,Metro City,10004
PROP_05204,2025-07-23,934848,6,4.0,4328,21640,2.5,0,2005,0,Tech Park District,30046
PROP_05205,2026-04-12,331744,3,2.0,1481,7405,1.5,0,2015,0,Coastal Suburbs,20012
PROP_05206,2026-05-12,192192,3,2.5,1456,5824,1.5,0,1982,0,Coastal Suburbs,20011
PROP_05207,2026-03-15,238076,2,2.5,1123,5615,1.0,0,1977,0,Tech Park District,30045
PROP_05208,2025-09-23,237882,3,2.0,1934,5802,1.0,0,1962,0,Coastal Suburbs,20012
PROP_05209,2026-04-28,402402,4,1.0,2211,4422,2.0,0,1977,0,Metro City,10001
PROP_05210,2026-03-15,426816,3,2.5,2223,4446,1.0,0,1957,0,Tech Park District,30046
PROP_05211,2025-12-17,541221,6,4.0,2427,12135,3.0,0,1975,0,Tech Park District,30045
PROP_05212,2025-09-30,227808,2,2.0,1008,6048,1.5,0,1967,0,Greenwood Valley,40081
PROP_05213,2026-02-17,328440,3,1.5,1932,11592,2.0,0,1976,0,Coastal Suburbs,20012
PROP_05214,2026-05-23,374486,2,2.0,2326,13956,1.0,0,1993,0,Greenwood Valley,40081
PROP_05215,2025-10-26,1069075,6,2.5,3725,26075,2.5,0,2002,0,Metro City,10003
PROP_05216,2026-05-21,265540,2,2.5,1207,2414,1.0,0,1987,0,Greenwood Valley,40082
PROP_05217,2026-05-07,264225,2,1.0,1355,8130,2.0,0,1987,2020,Tech Park District,30046
PROP_05218,2025-06-25,744062,4,2.5,2381,14286,2.0,0,1952,2023,Greenwood Valley,40082
PROP_05219,2025-12-13,254163,1,1.5,1729,8645,1.0,0,1962,0,Metro City,10001
PROP_05220,2025-12-16,802028,5,4.0,3287,9861,2.0,0,2012,0,Greenwood Valley,40081
PROP_05221,2025-12-31,189344,2,2.0,1552,7760,2.0,0,1981,0,Coastal Suburbs,20012
PROP_05222,2026-05-17,464640,4,1.0,1936,9680,1.5,0,1951,0,Coastal Suburbs,20011
PROP_05223,2025-11-08,291352,3,2.5,1126,4504,1.0,0,2014,2024,Tech Park District,30045
PROP_05224,2026-03-10,252840,2,2.5,1960,11760,2.0,0,1994,0,Tech Park District,30046
PROP_05225,2025-06-28,240990,3,2.5,1385,8310,1.0,0,1955,0,Tech Park District,30045
PROP_05226,2025-06-07,337406,2,2.0,1525,7625,1.5,0,1953,2018,Metro City,10001
PROP_05227,2025-10-07,797093,6,3.5,3421,27368,2.0,0,1990,0,Greenwood Valley,40082
PROP_05228,2025-09-12,1026950,4,3.0,4370,13110,2.5,0,2007,0,Metro City,10004
PROP_05229,2026-04-14,564040,4,1.5,2360,14160,1.5,0,1964,0,Coastal Suburbs,20013
PROP_05230,2026-01-13,1246910,6,3.0,3790,26530,2.0,0,1962,0,Metro City,10002
PROP_05231,2025-09-24,206016,3,1.0,1184,4736,1.5,0,1996,0,Tech Park District,30045
PROP_05232,2026-04-21,1158780,4,3.5,4340,30380,2.5,0,1987,0,Metro City,10001
PROP_05233,2026-05-27,305244,4,2.0,1251,2502,1.5,0,1960,0,Tech Park District,30046
PROP_05234,2026-05-30,197351,3,1.0,1631,6524,1.0,0,1953,0,Greenwood Valley,40082
PROP_05235,2026-04-28,174279,2,1.5,903,3612,1.0,0,1970,0,Greenwood Valley,40082
PROP_05236,2025-12-06,1064700,4,3.5,3042,21294,2.5,0,1956,2019,Tech Park District,30046
PROP_05237,2026-03-29,259084,3,1.0,1948,11688,1.0,0,1952,0,Greenwood Valley,40082
PROP_05238,2026-03-07,342144,2,1.5,1584,9504,1.5,0,1989,0,Greenwood Valley,40082
PROP_05239,2026-04-05,340170,2,1.0,1955,9775,1.5,0,1995,0,Metro City,10002
PROP_05240,2025-09-09,365240,2,2.5,1985,11910,1.5,0,1977,0,Greenwood Valley,40082
PROP_05241,2025-09-08,384090,2,2.5,1829,10974,1.0,0,1957,0,Tech Park District,30045
PROP_05242,2025-10-29,188901,3,1.0,1251,2502,1.5,0,1995,0,Greenwood Valley,40082
PROP_05243,2026-01-16,241428,1,2.5,1947,3894,1.0,0,1976,0,Greenwood Valley,40082
PROP_05244,2025-08-30,314783,3,2.5,1631,6524,2.0,0,1954,0,Metro City,10004
PROP_05245,2026-05-16,134134,4,1.5,938,5628,1.0,0,1952,0,Tech Park District,30045
PROP_05246,2025-07-09,697775,4,1.0,2260,9040,1.5,0,1979,2020,Tech Park District,30045
PROP_05247,2025-09-04,543144,3,2.5,1272,5088,1.0,1,2003,2018,Coastal Suburbs,20011
PROP_05248,2025-08-28,962665,6,2.5,3805,19025,2.5,0,1971,0,Tech Park District,30045
PROP_05249,2026-02-19,1049625,5,3.5,3375,23625,2.0,0,1994,0,Tech Park District,30046
PROP_05250,2025-08-01,514840,1,2.5,2110,8440,1.5,0,1966,0,Tech Park District,30045
PROP_05251,2025-12-11,915390,4,3.0,2906,11624,2.0,0,1951,0,Metro City,10002
PROP_05252,2025-06-21,1197281,6,3.0,4455,31185,3.0,0,1973,2022,Coastal Suburbs,20013
PROP_05253,2026-01-06,402163,2,1.0,1667,3334,1.0,0,1963,2022,Metro City,10001
PROP_05254,2025-10-21,200265,4,2.0,1185,3555,1.0,0,2011,0,Greenwood Valley,40082
PROP_05255,2026-03-12,280116,4,2.0,2259,11295,1.0,0,1984,0,Greenwood Valley,40082
PROP_05256,2025-10-14,273273,4,2.0,1183,3549,2.0,0,1961,0,Coastal Suburbs,20012
PROP_05257,2025-08-06,332055,1,2.5,1413,5652,1.5,0,1990,0,Metro City,10001
PROP_05258,2025-08-22,756622,5,2.5,2539,10156,3.0,0,1970,0,Greenwood Valley,40081
PROP_05259,2026-03-27,315935,2,2.5,1765,3530,1.0,0,1959,0,Tech Park District,30045
PROP_05260,2025-10-09,553210,2,2.5,2258,9032,1.5,0,1968,0,Greenwood Valley,40082
PROP_05261,2025-06-03,183330,1,1.0,970,5820,1.5,0,1951,0,Coastal Suburbs,20011
PROP_05262,2025-11-17,308997,4,1.0,1251,7506,1.0,0,1962,0,Greenwood Valley,40082
PROP_05263,2026-01-25,439556,1,2.5,2054,6162,1.0,0,1975,0,Tech Park District,30046
PROP_05264,2026-05-30,292776,2,1.0,2218,8872,1.5,0,2009,0,Greenwood Valley,40081
PROP_05265,2025-08-19,246956,3,2.0,1154,2308,2.0,0,1978,0,Greenwood Valley,40081
PROP_05266,2025-06-21,228920,4,2.0,1180,3540,1.5,0,1957,0,Greenwood Valley,40081
PROP_05267,2025-08-18,216769,2,2.5,1253,5012,1.5,0,1950,0,Coastal Suburbs,20012
PROP_05268,2025-11-13,2872440,8,7.5,4545,27270,4.0,0,2012,0,Metro City,10003
PROP_05269,2026-04-02,266364,4,2.0,2114,10570,1.5,0,2012,0,Coastal Suburbs,20013
PROP_05270,2025-06-27,1025512,4,4.0,2829,16974,3.0,0,1991,2018,Tech Park District,30046
PROP_05271,2026-04-17,152163,2,1.5,957,3828,1.5,0,1955,0,Greenwood Valley,40082
PROP_05272,2026-04-12,276576,4,2.5,1608,8040,1.5,0,1988,0,Greenwood Valley,40082
PROP_05273,2026-05-05,507722,4,2.5,2329,6987,1.0,0,2002,0,Tech Park District,30046
PROP_05274,2025-11-02,426440,1,2.0,1523,9138,1.5,0,2011,2020,Greenwood Valley,40082
PROP_05275,2026-02-07,298356,1,2.5,2116,12696,1.0,0,1965,0,Metro City,10003
PROP_05276,2026-03-21,386236,2,1.5,1732,10392,1.0,0,1968,0,Tech Park District,30046
PROP_05277,2026-03-09,160531,4,1.5,1207,7242,1.0,0,1969,0,Metro City,10003
PROP_05278,2025-12-01,716394,4,4.0,3227,25816,2.0,0,1979,0,Greenwood Valley,40082
PROP_05279,2025-07-08,132342,4,2.0,966,3864,1.0,0,1959,0,Metro City,10002
PROP_05280,2026-05-29,372375,4,1.5,1655,9930,1.5,0,2008,2020,Metro City,10004
PROP_05281,2025-11-10,456896,3,2.0,1888,7552,2.0,0,1974,0,Greenwood Valley,40082
PROP_05282,2026-02-25,173349,1,1.0,927,3708,1.0,0,1952,0,Tech Park District,30045
PROP_05283,2025-09-21,485212,4,2.5,2236,4472,2.0,0,1987,0,Greenwood Valley,40082
PROP_05284,2025-09-03,207047,2,1.5,1051,2102,1.5,0,2006,0,Coastal Suburbs,20013
PROP_05285,2026-02-22,266560,4,2.5,1190,4760,1.0,0,1983,0,Coastal Suburbs,20011
PROP_05286,2025-07-05,465468,3,2.5,1964,11784,2.0,0,1967,0,Tech Park District,30045
PROP_05287,2026-02-14,235476,3,1.0,1116,2232,2.0,0,1993,0,Coastal Suburbs,20012
PROP_05288,2025-08-21,1132641,4,2.5,3573,21438,2.5,0,1955,0,Greenwood Valley,40082
PROP_05289,2025-12-30,984400,6,2.5,4280,12840,2.0,0,2000,0,Metro City,10002
PROP_05290,2026-03-06,176118,1,1.5,909,1818,1.5,0,2007,2016,Greenwood Valley,40081
PROP_05291,2026-03-02,168354,1,2.5,1194,7164,2.0,0,1999,0,Metro City,10003
PROP_05292,2025-12-24,1225524,5,3.5,4197,20985,2.5,0,2013,0,Tech Park District,30045
PROP_05293,2025-07-18,409760,1,1.5,1970,7880,1.5,0,1975,0,Coastal Suburbs,20011
PROP_05294,2025-11-26,228660,2,2.0,1030,6180,1.5,0,1980,0,Coastal Suburbs,20011
PROP_05295,2025-09-22,403082,3,2.5,1849,9245,2.0,0,2008,0,Coastal Suburbs,20012
PROP_05296,2025-09-18,748024,1,2.0,2313,13878,2.0,1,1994,0,Greenwood Valley,40082
PROP_05297,2026-05-06,4504158,8,7.5,6763,74393,4.0,0,1953,0,Greenwood Valley,40081
PROP_05298,2025-11-17,260634,3,1.5,2154,10770,1.5,0,1970,0,Tech Park District,30045
PROP_05299,2025-11-17,372054,3,2.0,2102,10510,2.0,0,1994,0,Metro City,10003
PROP_05300,2025-12-02,3994230,7,5.0,6310,69410,2.5,0,1954,0,Coastal Suburbs,20013
PROP_05301,2025-10-29,1040656,4,4.0,3088,18528,2.0,0,1957,0,Tech Park District,30045
PROP_05302,2025-09-20,385996,4,1.5,2284,6852,1.0,0,2005,0,Tech Park District,30046
PROP_05303,2026-04-13,145050,3,1.0,967,5802,2.0,0,1958,0,Coastal Suburbs,20012
PROP_05304,2026-02-27,671181,4,4.0,3093,12372,2.0,0,2012,0,Coastal Suburbs,20011
PROP_05305,2026-01-30,3138172,7,7.5,5494,43952,3.0,1,1992,0,Metro City,10002
PROP_05306,2026-03-15,214287,2,1.5,1085,5425,1.5,0,2004,2022,Coastal Suburbs,20012
PROP_05307,2026-04-29,265112,4,2.0,1069,5345,1.5,0,1960,0,Coastal Suburbs,20013
PROP_05308,2025-06-05,155040,2,2.5,912,4560,1.0,0,1959,0,Metro City,10001
PROP_05309,2025-07-29,176130,2,2.5,1030,3090,1.0,0,1961,0,Greenwood Valley,40081
PROP_05310,2026-05-09,4755951,8,7.5,5939,35634,4.0,1,1970,0,Tech Park District,30046
PROP_05311,2025-11-25,305360,1,2.5,1735,3470,1.0,0,2007,0,Tech Park District,30046
PROP_05312,2026-01-15,945828,4,3.0,3666,21996,2.5,0,1951,0,Metro City,10001
PROP_05313,2025-10-02,154310,3,1.5,1187,3561,2.0,0,1951,0,Tech Park District,30045
PROP_05314,2026-04-25,238443,2,2.5,1413,5652,2.0,0,1981,2016,Metro City,10003
PROP_05315,2026-04-11,299677,1,1.5,1381,6905,2.0,0,1953,0,Metro City,10004
PROP_05316,2026-04-15,384105,4,2.0,1766,5298,1.5,0,1988,2022,Greenwood Valley,40081
PROP_05317,2025-10-03,586210,3,1.5,1922,9610,1.5,0,1957,2019,Greenwood Valley,40082
PROP_05318,2025-06-21,174762,1,1.5,1022,5110,2.0,0,2013,0,Tech Park District,30045
PROP_05319,2026-05-16,516600,5,3.0,2520,12600,2.5,0,2008,0,Tech Park District,30045
PROP_05320,2025-11-12,184162,3,2.5,1522,4566,2.0,0,1997,0,Tech Park District,30045
PROP_05321,2025-12-13,276750,1,1.0,1350,6750,2.0,0,1963,0,Metro City,10002
PROP_05322,2025-07-29,825588,6,3.5,2414,7242,3.0,0,2010,0,Metro City,10001
PROP_05323,2025-12-15,459245,1,2.5,1733,6932,1.0,0,1981,2021,Tech Park District,30046
PROP_05324,2025-10-10,294630,4,1.5,1281,7686,1.5,0,2009,2018,Tech Park District,30045
PROP_05325,2026-03-04,465987,3,2.5,2344,9376,1.5,1,1987,0,Tech Park District,30045
PROP_05326,2025-10-23,215000,1,2.5,860,2580,1.0,0,1983,0,Tech Park District,30046
PROP_05327,2025-06-13,323592,4,1.5,1681,5043,2.0,0,1967,2024,Greenwood Valley,40082
PROP_05328,2026-02-20,758982,4,3.5,3189,25512,3.0,0,1994,0,Metro City,10002
PROP_05329,2025-12-09,1352676,6,2.5,3588,14352,3.0,0,1955,0,Metro City,10002
PROP_05330,2026-02-19,499785,4,2.5,2145,4290,2.0,0,2014,0,Coastal Suburbs,20012
PROP_05331,2026-02-16,147822,1,1.5,1041,3123,1.0,0,2005,0,Metro City,10004
PROP_05332,2026-01-15,903000,6,4.0,3500,14000,2.0,0,1986,0,Greenwood Valley,40082
PROP_05333,2026-02-05,336066,4,2.0,1418,8508,2.0,0,1958,0,Tech Park District,30046
PROP_05334,2025-06-23,1141665,5,3.5,3668,29344,3.0,0,1999,2020,Metro City,10004
PROP_05335,2025-10-30,187812,2,1.0,1269,3807,1.0,0,1998,0,Tech Park District,30045
PROP_05336,2026-04-30,1819389,4,3.5,4011,12033,2.0,1,1966,0,Metro City,10003
PROP_05337,2025-09-07,222708,3,1.0,1662,6648,2.0,0,2004,0,Greenwood Valley,40082
PROP_05338,2025-11-12,468100,3,2.0,1510,3020,2.0,0,1971,2018,Metro City,10003
PROP_05339,2026-02-19,775744,6,2.5,2852,17112,2.5,0,2010,0,Tech Park District,30045
PROP_05340,2025-07-13,1590011,5,3.5,4429,22145,3.0,0,1963,0,Tech Park District,30045
PROP_05341,2025-07-20,819052,5,3.0,3316,16580,2.5,0,1976,0,Coastal Suburbs,20011
PROP_05342,2025-08-25,358204,3,2.5,2326,11630,1.5,0,1973,0,Metro City,10004
PROP_05343,2026-03-03,311225,4,1.5,1475,7375,2.0,0,1959,0,Greenwood Valley,40082
PROP_05344,2026-03-01,494802,4,2.5,2142,10710,1.0,0,1951,0,Tech Park District,30046
PROP_05345,2025-06-04,1643910,5,3.0,4443,17772,2.5,0,2012,0,Tech Park District,30046
PROP_05346,2026-04-17,471641,3,1.5,2181,6543,2.0,0,2005,2017,Greenwood Valley,40082
PROP_05347,2025-07-04,343035,3,2.5,1815,3630,2.0,0,1992,0,Tech Park District,30046
PROP_05348,2025-09-16,223392,4,2.5,1432,2864,2.0,0,1998,0,Greenwood Valley,40081
PROP_05349,2026-05-10,691236,4,3.5,2954,20678,2.0,0,2009,0,Metro City,10003
PROP_05350,2026-04-19,330621,1,2.0,1731,5193,1.0,0,1993,0,Greenwood Valley,40081
PROP_05351,2025-09-18,534835,1,2.5,2065,4130,1.5,1,1978,0,Coastal Suburbs,20011
PROP_05352,2026-05-17,274744,2,2.5,2252,13512,1.0,0,1995,0,Tech Park District,30046
PROP_05353,2026-01-04,290184,4,2.5,1284,2568,2.0,0,1966,0,Tech Park District,30046
PROP_05354,2025-07-24,208810,2,2.5,1330,2660,2.0,0,1970,0,Tech Park District,30046
PROP_05355,2025-09-14,1407945,6,3.0,4081,16324,2.0,0,2001,0,Coastal Suburbs,20013
PROP_05356,2026-03-03,293422,3,1.0,1701,8505,2.0,0,2003,2018,Greenwood Valley,40081
PROP_05357,2026-05-26,411820,1,1.5,1745,8725,1.0,0,2009,0,Metro City,10003
PROP_05358,2026-01-09,284640,3,1.5,1779,10674,2.0,0,1984,0,Coastal Suburbs,20013
PROP_05359,2026-04-28,196238,4,2.0,917,3668,2.0,0,1977,0,Tech Park District,30045
PROP_05360,2025-07-07,362556,3,2.5,1492,4476,2.0,0,1977,0,Tech Park District,30046
PROP_05361,2026-05-18,327607,2,1.5,1083,6498,1.0,0,1961,2016,Tech Park District,30046
PROP_05362,2025-08-18,1206810,6,2.5,3498,10494,2.0,0,2011,0,Coastal Suburbs,20011
PROP_05363,2025-06-13,237056,2,2.0,1852,11112,1.5,0,2002,0,Coastal Suburbs,20011
PROP_05364,2026-01-22,495712,2,1.5,2213,4426,2.0,0,2013,0,Metro City,10002
PROP_05365,2025-11-17,247698,2,1.5,1529,7645,1.5,0,2015,0,Greenwood Valley,40082
PROP_05366,2025-06-20,3559712,9,7.5,6368,76416,2.5,0,1973,0,Greenwood Valley,40081
PROP_05367,2025-07-15,298626,4,1.0,2103,6309,1.0,0,1956,0,Tech Park District,30045
PROP_05368,2025-07-08,858240,5,3.0,2980,23840,2.0,0,1988,0,Tech Park District,30046
PROP_05369,2025-06-28,667604,1,1.5,2110,6330,2.0,1,2007,0,Coastal Suburbs,20011
PROP_05370,2025-08-31,1120092,6,3.5,3011,24088,2.5,0,1990,0,Tech Park District,30045
PROP_05371,2025-10-07,164024,1,1.5,812,2436,2.0,0,1971,0,Metro City,10003
PROP_05372,2026-03-13,181496,3,1.5,926,1852,2.0,0,1979,0,Metro City,10004
PROP_05373,2025-07-07,244272,1,2.5,1454,7270,1.0,0,1956,0,Greenwood Valley,40081
PROP_05374,2026-03-22,859131,5,3.0,3147,25176,2.5,0,1950,0,Tech Park District,30046
PROP_05375,2025-09-25,224114,3,2.5,1837,3674,1.5,0,1996,0,Coastal Suburbs,20012
PROP_05376,2025-10-11,204672,2,2.5,1066,3198,2.0,0,2002,0,Metro City,10004
PROP_05377,2025-12-26,253271,4,1.5,1087,5435,1.5,0,2000,0,Tech Park District,30046
PROP_05378,2025-12-16,677028,5,2.5,2453,7359,3.0,0,2009,0,Greenwood Valley,40082
PROP_05379,2026-01-17,213710,3,1.5,1505,9030,1.5,0,1968,0,Greenwood Valley,40082
PROP_05380,2026-04-19,464672,4,2.0,2234,6702,1.0,0,1998,0,Metro City,10003
PROP_05381,2025-12-25,408370,1,1.5,2105,12630,2.0,0,1980,0,Tech Park District,30046
PROP_05382,2026-01-08,203433,3,1.5,1577,3154,2.0,0,1953,0,Metro City,10003
PROP_05383,2025-11-09,564512,4,2.0,2392,7176,1.0,0,2014,0,Tech Park District,30045
PROP_05384,2025-06-09,253039,3,1.0,1847,11082,1.0,0,2001,0,Greenwood Valley,40082
PROP_05385,2025-12-17,177552,4,1.5,1233,6165,1.0,0,1980,0,Greenwood Valley,40082
PROP_05386,2026-05-11,479574,4,1.5,1926,9630,2.0,0,1982,0,Greenwood Valley,40082
PROP_05387,2025-07-31,217862,2,1.0,1123,5615,1.5,0,2002,0,Tech Park District,30046
PROP_05388,2026-03-01,442629,1,2.5,2367,9468,1.0,0,2003,0,Greenwood Valley,40082
PROP_05389,2025-06-04,195858,2,2.5,1209,3627,1.0,0,2007,0,Metro City,10002
PROP_05390,2026-04-25,201838,3,2.5,1109,2218,2.0,0,2004,0,Metro City,10001
PROP_05391,2026-04-13,435198,3,1.5,1708,8540,1.5,1,1972,0,Tech Park District,30045
PROP_05392,2025-07-03,383680,2,2.5,2180,8720,1.0,0,1951,0,Metro City,10003
PROP_05393,2026-03-27,1040689,4,2.5,3601,21606,2.5,0,1959,0,Coastal Suburbs,20011
PROP_05394,2025-06-24,303912,2,1.5,1407,8442,2.0,0,1954,0,Coastal Suburbs,20012
PROP_05395,2026-05-25,387960,3,2.5,2120,10600,1.5,0,1988,0,Coastal Suburbs,20012
PROP_05396,2025-07-08,528750,3,1.5,1800,9000,1.5,0,1973,2023,Metro City,10002
PROP_05397,2025-12-01,1271974,4,3.5,3938,23628,2.5,0,1999,0,Metro City,10001
PROP_05398,2026-02-13,4951320,6,5.0,5808,34848,3.0,0,2008,2022,Greenwood Valley,40081
PROP_05399,2025-07-25,278769,1,2.5,901,2703,2.0,1,1958,0,Tech Park District,30045
PROP_05400,2025-10-27,369768,1,2.5,1988,7952,1.5,0,1990,0,Coastal Suburbs,20012
PROP_05401,2026-05-18,284960,4,1.5,1370,5480,2.0,0,1975,0,Coastal Suburbs,20013
PROP_05402,2025-11-02,451980,1,2.0,1860,5580,2.0,0,1973,0,Greenwood Valley,40081
PROP_05403,2026-04-07,2682365,8,4.5,6055,66605,2.5,0,2001,0,Greenwood Valley,40082
PROP_05404,2025-07-15,187902,3,1.0,1287,5148,1.5,0,1957,0,Greenwood Valley,40082
PROP_05405,2025-10-23,278389,1,2.0,1667,8335,1.5,0,1963,0,Metro City,10004
PROP_05406,2026-01-11,434340,3,1.5,1905,3810,1.0,0,1981,0,Greenwood Valley,40081
PROP_05407,2025-12-13,493506,2,2.5,1998,3996,1.0,0,2007,0,Coastal Suburbs,20012
PROP_05408,2025-12-20,966828,4,2.5,2852,17112,2.5,0,1955,0,Metro City,10001
PROP_05409,2026-05-05,360264,2,2.0,1766,3532,1.0,0,2015,0,Greenwood Valley,40081
PROP_05410,2025-06-16,740328,4,2.5,2616,20928,3.0,0,1996,0,Metro City,10004
PROP_05411,2026-01-29,921900,6,2.5,2634,21072,2.5,0,1983,0,Metro City,10004
PROP_05412,2025-08-20,367279,3,1.5,2123,6369,1.5,0,1972,0,Coastal Suburbs,20012
PROP_05413,2026-03-01,186048,2,1.0,1088,4352,2.0,0,1981,0,Metro City,10002
PROP_05414,2025-09-21,166972,2,1.5,1086,5430,1.5,0,1982,2023,Coastal Suburbs,20012
PROP_05415,2025-08-09,323691,2,1.0,2039,12234,1.0,0,2006,2024,Tech Park District,30046
PROP_05416,2025-12-18,319600,4,2.5,1880,7520,1.5,0,1987,0,Metro City,10004
PROP_05417,2026-03-07,172224,4,2.0,1248,6240,1.0,0,2014,0,Coastal Suburbs,20013
PROP_05418,2025-10-30,247457,4,1.0,1219,6095,1.0,0,1953,0,Metro City,10002
PROP_05419,2026-04-21,311575,3,1.0,1030,5150,1.0,0,1986,2021,Tech Park District,30045
PROP_05420,2025-08-13,196536,2,2.0,1293,2586,1.0,0,2005,0,Greenwood Valley,40081
PROP_05421,2025-10-31,249570,2,1.5,1062,5310,2.0,0,1967,0,Metro City,10002
PROP_05422,2026-05-13,116620,3,1.0,833,4998,2.0,0,1958,0,Greenwood Valley,40081
PROP_05423,2026-04-28,472503,3,1.0,1977,11862,1.5,0,1995,0,Coastal Suburbs,20013
PROP_05424,2025-12-09,146167,1,2.5,931,2793,1.0,0,1987,0,Tech Park District,30046
PROP_05425,2025-06-06,277012,3,1.5,1245,3735,1.0,0,1954,2016,Coastal Suburbs,20011
PROP_05426,2026-03-11,178200,4,1.0,1188,2376,1.0,0,1993,2023,Tech Park District,30045
PROP_05427,2026-03-12,182532,4,2.0,1113,2226,1.0,0,1991,0,Coastal Suburbs,20011
PROP_05428,2025-08-12,251959,4,1.0,1691,5073,1.0,0,1984,0,Coastal Suburbs,20011
PROP_05429,2025-08-03,230972,4,1.5,814,3256,1.0,0,1966,2022,Greenwood Valley,40082
PROP_05430,2025-06-22,366575,4,2.5,2365,7095,2.0,0,2008,0,Coastal Suburbs,20011
PROP_05431,2025-06-03,194285,3,1.0,1274,7644,1.0,0,1979,2021,Greenwood Valley,40082
PROP_05432,2026-03-21,226320,3,1.5,943,3772,1.0,0,1989,0,Greenwood Valley,40082
PROP_05433,2026-04-02,168837,2,2.5,1011,6066,2.0,0,1986,0,Tech Park District,30045
PROP_05434,2025-12-19,339542,1,1.5,2149,12894,1.5,0,1956,0,Tech Park District,30046
PROP_05435,2026-03-03,361072,3,1.0,1553,6212,2.0,0,2011,2019,Tech Park District,30045
PROP_05436,2026-03-08,392696,1,1.5,2056,8224,2.0,0,1971,0,Coastal Suburbs,20011
PROP_05437,2025-07-14,450984,1,2.5,1978,11868,2.0,0,1958,0,Tech Park District,30046
PROP_05438,2025-11-04,182364,4,1.5,1092,4368,2.0,0,2004,0,Greenwood Valley,40081
PROP_05439,2025-09-16,149742,4,2.5,1062,3186,1.5,0,2011,0,Greenwood Valley,40081
PROP_05440,2025-11-24,169417,2,2.5,887,3548,2.0,0,1998,0,Tech Park District,30046
PROP_05441,2025-09-17,554762,1,2.5,2246,13476,1.5,0,1950,0,Coastal Suburbs,20012
PROP_05442,2025-12-29,375004,1,1.5,1589,3178,1.0,0,1956,0,Greenwood Valley,40082
PROP_05443,2026-04-27,289037,4,2.0,1841,3682,1.0,0,1995,0,Greenwood Valley,40081
PROP_05444,2026-02-18,373125,1,2.0,1875,7500,2.0,0,1999,0,Greenwood Valley,40081
PROP_05445,2025-08-12,184545,1,1.5,1367,4101,1.0,0,2004,0,Tech Park District,30046
PROP_05446,2025-08-22,1948472,4,2.5,4342,34736,2.0,0,1990,2017,Metro City,10002
PROP_05447,2025-09-03,494500,2,1.5,2150,12900,1.5,0,2008,0,Greenwood Valley,40082
PROP_05448,2025-09-22,359689,4,1.5,1721,10326,1.5,0,1992,0,Tech Park District,30046
PROP_05449,2026-04-12,672573,4,4.0,2937,14685,3.0,0,2006,0,Greenwood Valley,40081
PROP_05450,2025-10-08,398430,4,2.0,1710,5130,2.0,0,1977,0,Greenwood Valley,40081
PROP_05451,2025-09-08,283272,1,2.0,2146,12876,1.0,0,2011,0,Greenwood Valley,40081
PROP_05452,2025-07-29,456318,2,1.5,2259,4518,1.5,0,2002,0,Coastal Suburbs,20011
PROP_05453,2025-09-01,229959,2,2.0,1503,9018,2.0,0,1980,0,Tech Park District,30045
PROP_05454,2026-05-10,296527,1,2.0,1146,2292,1.5,0,1982,2021,Metro City,10003
PROP_05455,2026-03-18,408773,2,1.5,1507,3014,1.0,0,1966,2021,Metro City,10003
PROP_05456,2025-06-28,311860,1,2.0,2012,8048,2.0,0,1974,0,Metro City,10001
PROP_05457,2026-03-09,414558,3,1.5,1706,3412,1.5,0,1959,0,Tech Park District,30045
PROP_05458,2026-01-23,269205,2,2.5,2055,4110,1.5,0,1980,0,Greenwood Valley,40082
PROP_05459,2026-04-27,186045,2,2.0,942,4710,2.0,0,1960,2017,Coastal Suburbs,20012
PROP_05460,2026-03-09,181818,2,2.0,1443,8658,1.5,0,1962,0,Greenwood Valley,40081
PROP_05461,2025-07-08,196796,1,2.0,833,2499,1.5,0,1975,2021,Greenwood Valley,40081
PROP_05462,2025-10-27,367536,4,1.0,1767,10602,1.5,0,2001,0,Coastal Suburbs,20011
PROP_05463,2026-05-10,168392,4,2.5,1358,6790,2.0,0,1986,0,Metro City,10003
PROP_05464,2025-07-05,453840,4,1.5,1860,7440,1.0,0,1989,0,Greenwood Valley,40082
PROP_05465,2025-10-07,1012584,4,3.0,4083,16332,2.5,0,1965,0,Metro City,10004
PROP_05466,2025-07-21,291368,4,1.0,1694,6776,1.5,0,1952,0,Metro City,10001
PROP_05467,2025-09-10,351782,1,1.5,1262,6310,2.0,0,1959,2021,Greenwood Valley,40081
PROP_05468,2026-03-25,109747,4,2.5,907,4535,1.5,0,1976,0,Metro City,10002
PROP_05469,2026-02-05,181500,1,2.0,825,4125,2.0,0,1952,0,Tech Park District,30046
PROP_05470,2025-11-17,446400,2,2.0,1800,7200,1.0,0,1993,0,Tech Park District,30045
PROP_05471,2025-11-30,472000,1,1.5,2360,14160,2.0,0,1973,0,Tech Park District,30046
PROP_05472,2025-08-05,266178,2,2.5,1221,3663,2.0,0,1962,0,Tech Park District,30046
PROP_05473,2026-05-10,654250,4,2.5,2617,7851,2.5,0,1990,2021,Metro City,10003
PROP_05474,2026-05-02,796180,4,3.5,2420,19360,2.5,0,2009,0,Metro City,10004
PROP_05475,2025-09-29,321874,2,1.5,1939,5817,1.0,0,1956,0,Greenwood Valley,40081
PROP_05476,2025-07-22,344531,2,1.0,2205,11025,2.0,0,2015,2022,Metro City,10001
PROP_05477,2025-10-24,301002,2,2.5,1326,6630,2.0,0,1964,0,Greenwood Valley,40081
PROP_05478,2026-04-14,386208,2,1.5,2384,7152,2.0,0,1973,0,Greenwood Valley,40081
PROP_05479,2025-07-06,352152,4,1.5,1752,3504,1.5,0,1953,0,Coastal Suburbs,20012
PROP_05480,2025-09-08,568342,4,2.0,2378,11890,1.5,0,2014,0,Greenwood Valley,40081
PROP_05481,2025-11-10,264420,3,1.5,2034,10170,1.0,0,2000,0,Coastal Suburbs,20011
PROP_05482,2026-02-04,277368,4,2.5,1524,7620,1.5,0,2001,0,Coastal Suburbs,20011
PROP_05483,2026-01-17,159936,4,2.0,816,1632,1.0,0,1957,0,Metro City,10004
PROP_05484,2025-11-16,263479,2,1.0,1523,3046,1.0,0,1997,0,Metro City,10001
PROP_05485,2026-04-12,250920,3,1.5,1476,5904,1.5,0,2006,2020,Tech Park District,30046
PROP_05486,2026-05-04,369375,1,1.5,1182,4728,1.5,0,1965,2022,Coastal Suburbs,20012
PROP_05487,2025-11-04,305486,3,1.5,1334,6670,2.0,0,1956,0,Tech Park District,30045
PROP_05488,2026-05-22,419377,1,2.0,2317,4634,1.0,0,1990,0,Coastal Suburbs,20012
PROP_05489,2026-03-27,255791,2,2.0,1429,5716,1.5,0,1989,0,Metro City,10003
PROP_05490,2025-08-18,341440,2,1.5,1940,9700,2.0,0,2014,0,Tech Park District,30046
PROP_05491,2026-03-17,255249,4,2.0,1077,2154,2.0,0,1978,0,Metro City,10004
PROP_05492,2026-03-18,119286,3,2.5,846,3384,1.5,0,1983,0,Metro City,10001
PROP_05493,2025-12-04,1620225,4,3.0,3790,26530,2.5,0,1996,2021,Coastal Suburbs,20012
PROP_05494,2025-11-09,228181,2,2.5,1347,4041,2.0,1,1995,0,Greenwood Valley,40081
PROP_05495,2026-01-06,284928,3,1.0,1344,4032,1.5,0,1990,0,Coastal Suburbs,20013
PROP_05496,2025-08-26,4764407,6,7.5,4753,38024,3.0,1,2014,0,Metro City,10004
PROP_05497,2025-06-03,242271,2,1.0,997,3988,2.0,0,1975,0,Coastal Suburbs,20012
PROP_05498,2025-11-08,274485,3,2.5,1893,11358,1.0,0,1986,0,Metro City,10001
PROP_05499,2025-10-05,1048194,4,3.5,3717,26019,2.5,0,2009,0,Metro City,10001
PROP_05500,2025-09-22,264992,2,1.0,1274,6370,1.0,0,1988,0,Metro City,10002
PROP_05501,2026-05-31,236052,3,1.0,996,4980,1.5,0,1996,0,Tech Park District,30045
PROP_05502,2026-04-25,478275,2,1.5,1822,3644,2.0,0,2014,2019,Greenwood Valley,40081
PROP_05503,2026-01-10,236520,1,2.0,1620,6480,1.5,0,1976,0,Metro City,10002
PROP_05504,2025-10-20,796122,5,2.5,3846,15384,3.0,0,1960,0,Coastal Suburbs,20011
PROP_05505,2025-12-02,134720,4,2.0,842,3368,1.5,0,1951,2022,Metro City,10004
PROP_05506,2025-08-08,412036,1,1.0,1724,8620,1.5,0,1986,0,Coastal Suburbs,20011
PROP_05507,2026-05-14,129425,2,2.5,835,3340,2.0,0,2009,2016,Metro City,10002
PROP_05508,2025-11-17,443545,3,2.5,2063,10315,1.5,0,1981,2017,Greenwood Valley,40082
PROP_05509,2026-02-01,1001227,6,3.0,2971,8913,3.0,0,2007,0,Coastal Suburbs,20013
PROP_05510,2026-01-23,1222620,6,3.5,3444,17220,2.5,0,2002,0,Metro City,10004
PROP_05511,2026-01-15,308040,1,2.0,2040,10200,2.0,0,1990,0,Greenwood Valley,40081
PROP_05512,2025-12-01,290997,3,1.5,1953,5859,2.0,0,1962,0,Coastal Suburbs,20013
PROP_05513,2025-11-04,328000,3,1.0,1640,4920,1.0,0,1966,0,Greenwood Valley,40082
PROP_05514,2026-02-05,288792,4,1.0,1719,5157,1.5,0,1974,0,Greenwood Valley,40082
PROP_05515,2026-03-10,272750,4,1.5,1091,2182,1.5,0,1986,0,Coastal Suburbs,20011
PROP_05516,2025-07-26,292774,3,2.5,1853,7412,1.5,0,1978,0,Coastal Suburbs,20013
PROP_05517,2025-08-29,2000089,7,5.0,4963,29778,4.0,0,1990,0,Greenwood Valley,40081
PROP_05518,2026-04-27,285120,3,1.0,1296,2592,2.0,0,1972,0,Metro City,10002
PROP_05519,2026-04-07,3897908,8,7.5,7628,91536,2.5,0,1987,0,Coastal Suburbs,20013
PROP_05520,2025-07-12,265364,3,1.5,1793,7172,1.0,0,2001,0,Coastal Suburbs,20011
PROP_05521,2025-10-22,757680,5,3.5,2870,22960,3.0,0,1991,0,Metro City,10003
PROP_05522,2025-08-11,507656,4,1.5,2047,6141,1.5,0,1999,0,Metro City,10004
PROP_05523,2026-03-03,1501964,6,2.5,4219,12657,2.0,0,1951,0,Greenwood Valley,40081
PROP_05524,2025-09-09,307912,1,1.5,1035,4140,1.5,0,2009,2021,Metro City,10001
PROP_05525,2025-10-13,4076572,9,5.0,6006,84084,2.5,0,1988,2021,Coastal Suburbs,20011
PROP_05526,2026-04-17,348534,3,2.0,1734,10404,2.0,0,1997,0,Metro City,10004
PROP_05527,2025-07-10,1200480,6,2.5,3660,14640,2.5,0,1952,0,Greenwood Valley,40082
PROP_05528,2025-07-09,539775,2,1.0,2399,7197,1.5,0,1951,0,Tech Park District,30045
PROP_05529,2025-06-10,250900,2,1.5,1300,3900,2.0,0,1967,0,Tech Park District,30046
PROP_05530,2026-02-15,760032,5,3.0,3744,14976,3.0,0,2011,0,Metro City,10003
PROP_05531,2026-04-20,301245,1,1.5,2265,9060,1.0,0,1976,0,Tech Park District,30046
PROP_05532,2025-06-16,363298,2,2.5,2314,4628,1.5,0,1956,0,Coastal Suburbs,20011
PROP_05533,2026-03-25,376476,4,2.5,1644,4932,1.0,0,1995,0,Coastal Suburbs,20011
PROP_05534,2026-03-24,1008378,4,4.0,2718,19026,2.0,0,1977,0,Greenwood Valley,40081
PROP_05535,2025-12-25,485089,3,1.0,2299,9196,1.5,0,1997,0,Tech Park District,30045
PROP_05536,2026-03-30,6659240,7,5.0,6995,97930,2.5,1,1958,0,Greenwood Valley,40081
PROP_05537,2025-09-17,1873366,6,2.5,4319,25914,3.0,0,1973,2023,Metro City,10001
PROP_05538,2025-06-19,411502,4,2.5,1862,7448,2.0,0,2005,0,Metro City,10004
PROP_05539,2026-03-10,304432,3,2.0,1436,2872,1.5,0,2007,0,Metro City,10004
PROP_05540,2025-10-12,5636250,7,6.0,8350,108550,2.5,0,1964,0,Greenwood Valley,40082
PROP_05541,2026-03-06,1349151,6,3.5,3841,26887,2.5,0,2007,2021,Metro City,10001
PROP_05542,2026-03-04,314289,4,1.0,2229,8916,2.0,0,1975,0,Coastal Suburbs,20012
PROP_05543,2026-01-28,1660419,5,3.0,4442,22210,2.0,1,1995,0,Tech Park District,30046
PROP_05544,2026-05-01,810348,4,3.0,2631,10524,3.0,0,1990,0,Tech Park District,30046
PROP_05545,2025-08-16,304384,2,2.5,2378,7134,1.0,0,1994,0,Tech Park District,30046
PROP_05546,2025-12-05,252540,1,1.5,1098,3294,1.5,0,1962,0,Coastal Suburbs,20013
PROP_05547,2025-12-18,316728,1,1.0,1908,9540,2.0,0,1970,0,Tech Park District,30045
PROP_05548,2025-09-23,4425757,7,5.0,7053,84636,3.0,0,1987,2016,Tech Park District,30045
PROP_05549,2026-03-29,420690,1,2.0,1895,7580,1.5,0,1968,0,Greenwood Valley,40081
PROP_05550,2025-10-27,237600,1,2.5,1188,2376,1.5,0,1967,0,Greenwood Valley,40082
PROP_05551,2025-08-08,429498,3,2.5,1926,7704,1.0,0,1958,0,Greenwood Valley,40082
PROP_05552,2026-01-24,1296204,4,4.0,3561,14244,3.0,0,1956,0,Tech Park District,30046
PROP_05553,2026-02-12,200116,2,1.0,1021,2042,1.0,0,1952,0,Metro City,10004
PROP_05554,2026-02-17,372470,3,1.0,1565,4695,1.0,0,1950,0,Greenwood Valley,40082
PROP_05555,2025-07-17,315137,4,1.0,2087,4174,1.5,0,2004,0,Greenwood Valley,40081
PROP_05556,2025-12-21,932034,5,4.0,2859,20013,2.5,0,2005,0,Tech Park District,30045
PROP_05557,2025-12-04,314397,4,1.0,1629,6516,2.0,0,1989,0,Tech Park District,30045
PROP_05558,2026-02-13,270824,3,2.5,1396,5584,1.0,0,1990,0,Coastal Suburbs,20012
PROP_05559,2025-06-06,1658228,5,4.0,4127,24762,2.0,1,1997,0,Greenwood Valley,40082
PROP_05560,2026-05-06,144207,2,1.5,981,1962,1.0,0,2002,0,Tech Park District,30045
PROP_05561,2025-10-01,224808,3,2.0,1653,9918,1.5,0,1950,0,Metro City,10004
PROP_05562,2026-04-11,193887,2,2.0,1161,4644,1.0,0,2010,0,Greenwood Valley,40081
PROP_05563,2026-05-17,265155,1,1.5,1607,4821,1.5,0,1991,0,Metro City,10003
PROP_05564,2025-08-24,393876,1,1.0,2084,8336,1.0,0,2014,0,Greenwood Valley,40081
PROP_05565,2026-02-19,224424,3,2.5,1039,3117,1.0,0,1966,0,Coastal Suburbs,20012
PROP_05566,2025-08-11,150450,2,1.0,850,4250,1.0,0,2005,0,Greenwood Valley,40081
PROP_05567,2026-01-15,404755,4,2.0,2395,14370,1.0,0,1979,0,Tech Park District,30045
PROP_05568,2025-08-21,352002,3,2.0,2023,10115,1.0,0,1989,0,Tech Park District,30045
PROP_05569,2025-08-31,468531,1,2.5,2331,13986,2.0,0,1991,0,Greenwood Valley,40082
PROP_05570,2026-03-17,841346,5,2.5,3674,22044,3.0,0,1950,0,Metro City,10002
PROP_05571,2026-03-17,267786,3,2.5,1566,9396,2.0,0,1981,0,Tech Park District,30045
PROP_05572,2026-05-04,225477,4,2.0,1193,7158,1.5,0,1952,0,Tech Park District,30046
PROP_05573,2025-08-14,398737,2,2.5,2058,10290,1.0,0,2013,2019,Tech Park District,30046
PROP_05574,2026-02-03,7318333,8,7.5,8281,74529,2.5,0,1962,2019,Tech Park District,30045
PROP_05575,2025-12-01,620628,3,2.5,2331,9324,1.0,0,1970,2022,Greenwood Valley,40081
PROP_05576,2025-06-21,467915,1,1.0,2305,13830,1.0,0,1982,0,Tech Park District,30045
PROP_05577,2025-09-21,234840,1,1.5,1030,4120,2.0,0,1981,0,Tech Park District,30045
PROP_05578,2026-02-05,634055,6,3.5,3005,18030,2.5,0,1962,0,Metro City,10004
PROP_05579,2025-09-27,191468,1,2.0,1268,3804,1.5,0,1980,0,Metro City,10004
PROP_05580,2025-07-03,1209384,5,3.0,4072,20360,2.5,0,1957,0,Greenwood Valley,40082
PROP_05581,2025-10-14,323610,1,1.5,1610,8050,1.0,0,1985,0,Tech Park District,30045
PROP_05582,2025-12-07,680481,6,3.0,2511,15066,2.0,0,2003,0,Greenwood Valley,40082
PROP_05583,2025-09-28,400443,1,2.5,1695,10170,1.5,0,1983,2025,Greenwood Valley,40082
PROP_05584,2025-06-22,1013364,6,3.0,3412,17060,3.0,0,1990,0,Coastal Suburbs,20012
PROP_05585,2026-05-09,284960,1,2.5,1664,6656,1.5,0,2013,2023,Metro City,10001
PROP_05586,2025-09-14,160211,4,2.0,1061,3183,1.0,0,1969,0,Tech Park District,30046
PROP_05587,2026-02-21,748800,4,4.0,2496,9984,2.5,0,2003,0,Coastal Suburbs,20012
PROP_05588,2025-12-02,395692,1,2.5,2116,12696,1.0,0,1998,0,Greenwood Valley,40082
PROP_05589,2025-12-16,187180,4,2.5,980,4900,1.0,0,1963,0,Coastal Suburbs,20011
PROP_05590,2026-01-27,1196030,4,3.5,2882,11528,2.5,0,1965,2019,Greenwood Valley,40081
PROP_05591,2026-01-19,152944,1,2.5,1264,7584,2.0,0,1992,0,Coastal Suburbs,20012
PROP_05592,2025-06-24,1366120,4,3.0,4018,12054,2.0,0,1983,0,Coastal Suburbs,20011
PROP_05593,2025-06-21,706104,4,4.0,2802,16812,2.5,0,2015,0,Coastal Suburbs,20012
PROP_05594,2026-04-29,618121,2,2.0,1945,9725,1.5,1,1964,0,Greenwood Valley,40082
PROP_05595,2025-11-13,141282,3,1.0,1002,5010,1.0,0,1990,0,Coastal Suburbs,20011
PROP_05596,2025-07-23,161172,1,1.5,1332,6660,1.5,0,1986,0,Tech Park District,30046
PROP_05597,2026-05-27,225377,1,2.0,943,1886,2.0,0,1978,0,Tech Park District,30045
PROP_05598,2026-02-22,113649,2,2.0,881,3524,1.0,0,1955,0,Metro City,10004
PROP_05599,2026-04-21,307228,2,1.5,1726,10356,1.0,0,1978,0,Coastal Suburbs,20011
PROP_05600,2025-10-19,472320,2,2.5,2304,13824,1.0,0,1989,0,Greenwood Valley,40082
PROP_05601,2025-10-13,249800,2,1.5,1249,4996,1.0,0,2001,0,Metro City,10003
PROP_05602,2026-03-24,549037,2,2.0,1815,7260,1.5,0,1966,2017,Coastal Suburbs,20013
PROP_05603,2026-03-06,267606,2,2.5,911,2733,2.0,0,2008,2024,Tech Park District,30046
PROP_05604,2026-03-19,583632,3,1.0,1737,10422,1.5,1,1978,0,Metro City,10004
PROP_05605,2025-08-29,310804,3,2.0,1807,5421,1.0,0,1990,0,Coastal Suburbs,20012
PROP_05606,2025-12-10,242242,1,1.0,1331,6655,2.0,0,1979,0,Metro City,10003
PROP_05607,2026-05-01,190960,3,1.5,1240,4960,2.0,0,1985,0,Coastal Suburbs,20013
PROP_05608,2025-12-11,448693,3,1.0,1751,8755,1.0,0,1963,2019,Greenwood Valley,40081
PROP_05609,2025-12-05,189144,1,2.0,852,2556,2.0,0,1966,0,Metro City,10001
PROP_05610,2026-03-28,287467,3,1.5,1831,10986,1.0,0,1958,0,Metro City,10004
PROP_05611,2026-05-01,173500,2,2.0,1388,2776,2.0,0,1958,0,Metro City,10002
PROP_05612,2025-07-10,205902,1,2.0,837,5022,2.0,0,1992,0,Greenwood Valley,40082
PROP_05613,2026-02-20,168432,3,1.5,957,3828,1.0,0,1962,0,Metro City,10001
PROP_05614,2025-10-07,271950,2,1.5,1225,4900,2.0,0,1981,0,Coastal Suburbs,20013
PROP_05615,2025-12-10,908313,5,3.0,3507,21042,2.0,0,1962,0,Greenwood Valley,40081
PROP_05616,2025-09-23,149224,4,1.5,811,4866,1.5,0,1951,0,Coastal Suburbs,20012
PROP_05617,2026-02-20,405140,2,2.0,2155,8620,1.0,0,1998,0,Tech Park District,30045
PROP_05618,2025-12-25,219600,1,2.5,1098,5490,2.0,0,1978,0,Greenwood Valley,40082
PROP_05619,2025-11-28,338982,4,2.0,2306,9224,1.5,0,1983,0,Metro City,10002
PROP_05620,2025-11-24,153381,3,1.0,1247,7482,1.0,0,1980,0,Metro City,10001
PROP_05621,2026-02-05,1012368,6,3.0,3668,14672,2.5,0,1997,0,Coastal Suburbs,20011
PROP_05622,2026-02-02,322889,1,2.5,1673,10038,1.5,0,1984,0,Coastal Suburbs,20011
PROP_05623,2026-04-06,912128,5,3.5,4072,20360,2.0,0,2012,0,Greenwood Valley,40082
PROP_05624,2025-06-04,257850,1,1.0,1080,6480,2.0,0,1966,2020,Coastal Suburbs,20013
PROP_05625,2026-02-12,223860,1,2.5,1435,4305,2.0,0,1952,0,Tech Park District,30046
PROP_05626,2025-08-11,226476,1,1.0,932,1864,1.5,0,2010,0,Greenwood Valley,40082
PROP_05627,2026-01-12,282622,3,2.5,1422,5688,1.0,0,1964,2025,Coastal Suburbs,20013
PROP_05628,2025-08-24,486037,4,2.5,1994,9970,2.0,0,2014,2021,Greenwood Valley,40081
PROP_05629,2025-09-26,819560,5,3.0,2927,23416,2.0,0,1966,0,Greenwood Valley,40081
PROP_05630,2025-07-10,288000,4,2.0,1920,3840,1.5,0,1953,0,Greenwood Valley,40081
PROP_05631,2026-02-19,282414,3,1.0,1167,4668,1.5,0,1984,0,Tech Park District,30046
PROP_05632,2026-04-26,190190,1,1.5,1144,6864,1.5,0,2006,2025,Metro City,10001
PROP_05633,2025-10-22,314922,2,1.5,2157,6471,1.5,0,1997,0,Greenwood Valley,40081
PROP_05634,2025-09-17,151833,2,1.5,1177,3531,2.0,0,1961,0,Tech Park District,30046
PROP_05635,2025-08-16,129220,2,1.5,923,5538,2.0,0,1967,0,Tech Park District,30046
PROP_05636,2025-09-04,214303,1,2.5,961,5766,1.5,0,2011,0,Coastal Suburbs,20012
PROP_05637,2025-08-20,521268,2,1.5,2154,12924,1.5,0,2006,0,Tech Park District,30046
PROP_05638,2025-12-03,194250,1,1.5,1050,3150,2.0,0,1977,2023,Greenwood Valley,40082
PROP_05639,2026-04-05,1349180,4,2.5,4190,29330,2.5,0,1984,0,Tech Park District,30045
PROP_05640,2025-07-31,1716841,5,4.0,4157,33256,2.5,1,1957,0,Metro City,10001
PROP_05641,2026-05-05,608413,6,3.0,2753,19271,2.5,0,2010,0,Greenwood Valley,40082
PROP_05642,2025-09-26,191160,1,2.0,1416,2832,2.0,0,1974,0,Coastal Suburbs,20013
PROP_05643,2025-12-30,243803,3,2.0,1201,7206,1.5,0,2002,0,Tech Park District,30045
PROP_05644,2025-11-17,784529,4,3.0,2983,14915,3.0,0,2003,0,Greenwood Valley,40082
PROP_05645,2025-07-29,882674,4,2.5,3994,31952,2.0,0,1979,0,Metro City,10004
PROP_05646,2026-02-02,222870,2,1.5,1311,5244,2.0,0,2013,0,Metro City,10002
PROP_05647,2026-05-12,402228,4,2.0,1617,3234,1.0,0,1962,2017,Tech Park District,30046
PROP_05648,2026-02-01,1115620,4,3.5,3688,25816,2.5,0,1979,2023,Greenwood Valley,40081
PROP_05649,2026-02-01,260172,3,1.5,1971,9855,2.0,0,1998,0,Coastal Suburbs,20012
PROP_05650,2025-09-16,359292,1,1.0,1516,3032,1.5,0,1958,0,Greenwood Valley,40081
PROP_05651,2026-03-30,469580,3,1.5,2215,8860,2.0,0,1958,0,Metro City,10001
PROP_05652,2025-08-22,793968,4,3.0,3336,26688,2.5,0,1985,0,Coastal Suburbs,20013
PROP_05653,2026-04-28,640427,3,1.5,2267,13602,1.0,0,1983,2022,Tech Park District,30045
PROP_05654,2025-12-28,484848,4,1.5,2184,6552,1.5,0,1984,0,Metro City,10003
PROP_05655,2025-06-12,1254709,5,3.0,4087,28609,2.0,0,1998,0,Coastal Suburbs,20013
PROP_05656,2025-10-03,306936,3,2.5,1624,6496,1.0,0,1989,0,Coastal Suburbs,20011
PROP_05657,2025-06-23,321840,2,1.5,1490,5960,1.0,0,2000,0,Coastal Suburbs,20013
PROP_05658,2025-08-05,165908,2,2.5,1121,6726,1.5,0,1980,0,Metro City,10004
PROP_05659,2026-03-21,422000,2,1.5,2000,10000,1.0,0,1956,0,Metro City,10004
PROP_05660,2026-03-31,996336,5,2.5,3256,16280,2.0,0,1950,0,Coastal Suburbs,20012
PROP_05661,2025-08-22,349468,4,2.5,1783,10698,1.0,0,1952,0,Greenwood Valley,40081
PROP_05662,2025-08-08,1385560,4,2.5,4136,24816,3.0,0,2003,0,Metro City,10003
PROP_05663,2026-04-19,216195,1,1.5,1065,5325,2.0,0,1981,0,Tech Park District,30045
PROP_05664,2026-02-18,341803,4,1.0,2123,8492,1.0,0,1968,0,Tech Park District,30045
PROP_05665,2025-06-21,285187,2,1.5,1170,4680,1.0,0,1952,2023,Greenwood Valley,40081
PROP_05666,2026-03-21,256381,3,1.0,1633,4899,1.0,0,1991,0,Tech Park District,30045
PROP_05667,2025-08-15,188051,3,1.0,1087,6522,1.0,0,1967,0,Coastal Suburbs,20013
PROP_05668,2025-06-29,1240435,6,3.0,2905,20335,2.0,1,1991,0,Greenwood Valley,40081
PROP_05669,2025-08-25,368271,2,2.0,1479,2958,1.0,0,2004,0,Metro City,10004
PROP_05670,2025-10-11,405020,1,2.0,1841,5523,1.0,0,1953,0,Coastal Suburbs,20011
PROP_05671,2025-09-01,334241,3,1.0,1819,9095,1.0,0,1993,2019,Tech Park District,30046
PROP_05672,2026-02-20,504500,2,2.0,2018,8072,2.0,0,1981,2019,Greenwood Valley,40082
PROP_05673,2025-12-25,440962,2,1.5,2273,9092,1.0,0,1988,0,Coastal Suburbs,20013
PROP_05674,2026-04-03,702213,3,2.5,2331,4662,2.0,0,1950,2022,Metro City,10002
PROP_05675,2026-03-16,1203536,6,3.5,4066,24396,3.0,0,2015,0,Greenwood Valley,40082
PROP_05676,2026-04-23,306676,1,1.5,1783,3566,2.0,0,2003,0,Greenwood Valley,40082
PROP_05677,2025-06-10,208780,3,2.0,1430,5720,1.5,0,1992,0,Coastal Suburbs,20013
PROP_05678,2026-05-05,189090,2,2.5,955,3820,1.5,0,1965,0,Metro City,10003
PROP_05679,2025-10-24,705990,6,2.5,3495,27960,2.0,0,1963,0,Coastal Suburbs,20011
PROP_05680,2025-07-14,652908,3,2.0,2301,6903,2.0,0,1989,2024,Metro City,10003
PROP_05681,2025-09-19,230568,4,1.5,1478,5912,1.0,0,2001,0,Metro City,10001
PROP_05682,2026-01-16,278800,3,1.5,1394,6970,1.5,0,1982,0,Tech Park District,30046
PROP_05683,2026-04-07,162285,3,1.0,1047,2094,1.5,0,2004,0,Greenwood Valley,40081
PROP_05684,2026-01-28,354501,4,2.5,2317,4634,2.0,0,2009,0,Greenwood Valley,40082
PROP_05685,2026-02-02,435750,3,2.5,2075,8300,2.0,0,1999,2023,Greenwood Valley,40082
PROP_05686,2025-08-27,370311,3,1.5,1486,4458,1.0,1,2000,0,Metro City,10001
PROP_05687,2025-09-21,494278,2,2.5,1496,8976,1.0,1,1966,0,Metro City,10004
PROP_05688,2025-12-28,187824,3,2.5,1092,2184,1.5,0,1982,0,Metro City,10002
PROP_05689,2026-04-04,347652,1,2.5,1998,7992,1.5,0,1985,0,Greenwood Valley,40082
PROP_05690,2025-08-13,930032,5,4.0,3142,25136,3.0,0,2001,0,Coastal Suburbs,20011
PROP_05691,2026-03-26,1260378,5,3.5,4287,21435,2.0,0,1952,0,Coastal Suburbs,20013
PROP_05692,2025-09-02,279051,4,1.0,1461,5844,1.5,0,2011,0,Tech Park District,30045
PROP_05693,2026-04-16,1396800,4,3.0,4365,34920,3.0,0,1980,0,Greenwood Valley,40081
PROP_05694,2026-05-04,203985,2,2.5,1511,4533,2.0,0,1990,0,Greenwood Valley,40082
PROP_05695,2026-02-17,318015,3,1.0,1665,9990,1.5,0,2000,0,Metro City,10004
PROP_05696,2025-10-14,143620,4,1.0,835,5010,1.0,0,1996,0,Tech Park District,30045
PROP_05697,2025-08-25,114688,1,1.0,896,4480,2.0,0,2007,0,Coastal Suburbs,20012
PROP_05698,2026-05-18,1474578,6,3.5,3901,15604,2.0,0,2008,0,Metro City,10002
PROP_05699,2025-11-23,366600,4,2.0,2350,7050,2.0,0,1965,0,Tech Park District,30045
PROP_05700,2026-01-19,574525,1,1.0,2345,14070,1.0,0,1995,0,Metro City,10003
PROP_05701,2026-04-02,190608,2,2.5,836,1672,1.0,0,2006,0,Greenwood Valley,40082
PROP_05702,2026-03-30,807400,6,3.5,2936,8808,2.5,0,2008,0,Greenwood Valley,40081
PROP_05703,2025-07-06,761362,4,3.5,3199,19194,2.5,0,1969,0,Metro City,10002
PROP_05704,2025-09-26,195024,1,1.5,816,2448,1.5,0,1964,0,Coastal Suburbs,20013
PROP_05705,2025-12-11,214230,4,2.5,1110,3330,2.0,0,1988,0,Metro City,10003
PROP_05706,2025-12-15,250573,1,1.5,1829,5487,2.0,0,1983,0,Tech Park District,30045
PROP_05707,2025-08-07,5715856,9,6.0,6695,60255,4.0,0,1991,2023,Tech Park District,30046
PROP_05708,2025-07-26,416904,2,2.0,2396,14376,1.5,0,2008,0,Greenwood Valley,40081
PROP_05709,2025-06-09,237669,4,2.5,1047,5235,1.5,0,1988,0,Coastal Suburbs,20011
PROP_05710,2025-09-12,385500,2,2.0,1542,3084,1.5,0,1992,0,Metro City,10004
PROP_05711,2026-02-23,149240,1,1.0,820,1640,1.0,0,1955,0,Coastal Suburbs,20013
PROP_05712,2026-02-14,338952,2,2.0,1948,11688,1.0,0,1954,0,Metro City,10001
PROP_05713,2026-05-17,215760,1,2.5,1160,6960,1.5,0,1990,0,Metro City,10004
PROP_05714,2026-01-01,252672,2,2.0,1316,6580,2.0,0,1976,0,Tech Park District,30045
PROP_05715,2025-08-16,275567,3,2.5,1807,10842,2.0,0,1989,2018,Greenwood Valley,40082
PROP_05716,2026-04-07,208173,2,1.5,1291,3873,1.0,0,1958,2019,Metro City,10003
PROP_05717,2025-07-20,251865,4,1.5,1305,5220,1.5,0,1974,0,Greenwood Valley,40081
PROP_05718,2025-08-30,1540117,5,3.0,4234,29638,3.0,0,1993,2019,Tech Park District,30046
PROP_05719,2026-01-30,346788,3,2.5,2028,4056,1.5,0,1992,0,Metro City,10003
PROP_05720,2026-04-11,233910,4,1.0,1017,5085,1.5,0,2000,0,Tech Park District,30046
PROP_05721,2026-04-04,216306,1,1.0,1098,3294,1.5,0,1960,0,Metro City,10004
PROP_05722,2025-06-20,197064,3,1.5,966,1932,1.5,0,1960,0,Metro City,10004
PROP_05723,2026-02-28,144820,4,1.5,1114,6684,1.0,0,2006,0,Metro City,10002
PROP_05724,2026-02-13,277950,1,1.5,1853,11118,2.0,0,2009,0,Tech Park District,30046
PROP_05725,2025-07-31,1055488,4,3.0,3472,20832,3.0,0,1985,0,Greenwood Valley,40081
PROP_05726,2025-07-18,425025,1,1.0,1889,9445,1.0,0,1991,2025,Metro City,10004
PROP_05727,2026-02-02,229310,4,1.0,997,3988,1.0,0,2007,0,Metro City,10004
PROP_05728,2026-05-04,228672,2,2.5,1191,5955,1.5,0,1998,0,Tech Park District,30046
PROP_05729,2025-08-06,307762,3,2.5,1691,5073,1.0,0,1977,0,Tech Park District,30045
PROP_05730,2026-04-05,297464,4,2.0,1957,9785,1.0,0,1996,0,Tech Park District,30045
PROP_05731,2026-03-04,654015,3,2.0,2217,4434,1.0,0,1990,2022,Metro City,10001
PROP_05732,2025-06-01,518800,4,2.5,2594,7782,2.5,0,1973,0,Greenwood Valley,40081
PROP_05733,2026-05-14,4147360,6,6.0,5635,28175,4.0,0,1996,0,Metro City,10002
PROP_05734,2026-04-29,326760,2,2.0,1945,3890,1.0,0,1989,0,Metro City,10001
PROP_05735,2026-01-07,482724,4,2.0,2277,6831,1.0,0,2014,0,Coastal Suburbs,20013
PROP_05736,2026-02-23,1069929,6,2.5,3213,19278,3.0,0,1993,0,Tech Park District,30046
PROP_05737,2026-01-02,8455832,6,7.5,8140,65120,4.0,1,1967,0,Greenwood Valley,40081
PROP_05738,2025-12-07,1652706,6,3.0,4419,13257,2.0,0,1991,0,Metro City,10004
PROP_05739,2025-06-23,205500,3,1.5,1370,4110,1.0,0,1970,0,Coastal Suburbs,20012
PROP_05740,2026-05-24,318109,2,1.0,1331,5324,1.5,0,1955,0,Coastal Suburbs,20013
PROP_05741,2026-02-27,809853,4,3.0,2783,11132,2.5,0,1987,0,Tech Park District,30046
PROP_05742,2026-01-06,136456,2,1.5,922,4610,2.0,0,1953,0,Tech Park District,30046
PROP_05743,2025-09-26,283620,1,1.0,1630,8150,1.0,0,2001,0,Metro City,10003
PROP_05744,2026-02-02,217700,1,2.5,1244,7464,1.5,0,1986,0,Tech Park District,30045
PROP_05745,2025-12-13,296682,3,1.0,1506,6024,2.0,0,2003,0,Tech Park District,30046
PROP_05746,2025-11-27,278928,2,2.5,1937,3874,1.0,0,1991,0,Tech Park District,30046
PROP_05747,2026-03-29,325944,3,1.0,2012,10060,1.0,0,1998,0,Metro City,10001
PROP_05748,2026-05-23,327907,1,2.0,1699,10194,1.5,0,1966,0,Coastal Suburbs,20012
PROP_05749,2026-03-22,265807,1,2.0,1743,6972,1.5,0,1981,2021,Tech Park District,30045
PROP_05750,2025-07-21,169764,2,1.0,903,1806,1.0,0,1980,0,Metro City,10001
PROP_05751,2026-01-04,351300,2,1.0,2342,9368,1.0,0,1993,2022,Tech Park District,30045
PROP_05752,2025-08-08,215740,2,2.0,1610,3220,2.0,0,1953,0,Greenwood Valley,40082
PROP_05753,2025-10-09,116866,2,2.5,823,4115,2.0,0,2011,0,Metro City,10003
PROP_05754,2026-01-31,379423,4,2.0,2029,8116,1.0,0,2006,0,Tech Park District,30046
PROP_05755,2025-09-28,390213,1,1.0,1719,8595,2.0,0,1991,0,Coastal Suburbs,20013
PROP_05756,2025-07-13,239108,1,2.0,1058,6348,1.5,0,1981,0,Greenwood Valley,40081
PROP_05757,2025-10-24,369572,4,2.5,1876,7504,1.0,0,1990,0,Tech Park District,30046
PROP_05758,2026-04-03,183260,4,1.5,1078,4312,2.0,0,1990,0,Tech Park District,30045
PROP_05759,2026-03-06,1032570,4,4.0,3465,24255,3.0,0,1968,0,Tech Park District,30045
PROP_05760,2025-12-27,1565304,4,3.5,4152,33216,2.5,0,1974,0,Tech Park District,30045
PROP_05761,2025-10-10,1184425,5,3.5,4015,16060,3.0,0,2002,0,Metro City,10004
PROP_05762,2025-09-05,501975,4,1.0,2231,13386,1.5,0,1961,0,Coastal Suburbs,20013
PROP_05763,2025-06-03,405435,1,2.5,2265,9060,1.0,0,2003,0,Metro City,10001
PROP_05764,2026-05-30,327840,2,1.0,2049,4098,2.0,0,1990,0,Metro City,10001
PROP_05765,2025-06-04,231702,4,2.0,1058,2116,1.5,0,1956,0,Coastal Suburbs,20011
PROP_05766,2026-03-23,642060,1,1.0,2214,11070,2.0,0,1969,2019,Greenwood Valley,40081
PROP_05767,2026-02-23,440860,3,2.5,2345,11725,2.0,0,1982,0,Coastal Suburbs,20013
PROP_05768,2025-07-31,153232,2,2.5,976,5856,2.0,0,2002,0,Metro City,10003
PROP_05769,2026-02-22,569280,4,1.5,2372,14232,2.0,0,1968,0,Metro City,10004
PROP_05770,2025-06-04,939794,6,4.0,4454,35632,2.5,0,1983,0,Tech Park District,30045
PROP_05771,2025-12-10,584206,4,2.5,2215,6645,2.0,0,1986,2021,Greenwood Valley,40081
PROP_05772,2026-05-02,304730,2,2.5,1966,9830,1.5,0,1996,0,Greenwood Valley,40081
PROP_05773,2025-09-14,1074570,4,3.5,4165,20825,3.0,0,1958,0,Tech Park District,30046
PROP_05774,2026-05-19,206248,1,1.5,1016,4064,2.0,0,2015,0,Metro City,10003
PROP_05775,2025-11-09,535743,2,1.5,2169,13014,2.0,0,1963,0,Greenwood Valley,40082
PROP_05776,2025-12-27,467325,1,2.5,2077,10385,2.0,0,1998,0,Greenwood Valley,40082
PROP_05777,2025-12-03,920508,5,3.5,2913,14565,3.0,0,1994,0,Greenwood Valley,40081
PROP_05778,2025-07-25,469398,2,2.0,1763,7052,2.0,0,1955,2020,Metro City,10002
PROP_05779,2025-08-19,202293,3,1.0,819,4095,1.0,0,1989,0,Tech Park District,30045
PROP_05780,2026-01-05,1160651,6,4.0,2739,13695,3.0,0,2015,2024,Greenwood Valley,40081
PROP_05781,2026-04-30,1071204,6,3.5,4012,28084,3.0,0,1959,0,Coastal Suburbs,20012
PROP_05782,2026-03-27,180056,4,1.0,1268,3804,1.0,0,1985,0,Greenwood Valley,40081
PROP_05783,2025-10-08,335020,4,1.0,2393,11965,2.0,0,2010,0,Coastal Suburbs,20012
PROP_05784,2025-10-12,1227648,6,4.0,4448,13344,2.5,0,1971,0,Greenwood Valley,40082
PROP_05785,2026-03-02,112288,1,1.0,928,5568,2.0,0,2001,0,Metro City,10001
PROP_05786,2026-01-03,246610,1,2.5,1897,11382,1.5,0,1956,0,Metro City,10001
PROP_05787,2026-03-17,258942,4,2.5,1257,5028,1.5,0,1954,0,Coastal Suburbs,20011
PROP_05788,2025-12-05,260637,3,1.5,2119,8476,2.0,0,1971,0,Tech Park District,30045
PROP_05789,2026-04-10,156099,3,1.5,853,4265,1.5,0,1993,0,Coastal Suburbs,20013
PROP_05790,2025-10-20,571837,1,1.5,2210,11050,1.0,0,2008,2023,Coastal Suburbs,20012
PROP_05791,2026-05-15,219978,4,2.5,1111,2222,1.5,0,1984,0,Tech Park District,30046
PROP_05792,2025-12-21,495072,2,2.5,2292,4584,1.5,0,1971,0,Metro City,10004
PROP_05793,2025-09-13,865800,5,2.5,3900,19500,3.0,0,1987,0,Greenwood Valley,40081
PROP_05794,2025-12-29,367565,1,1.0,1793,5379,2.0,0,1961,0,Greenwood Valley,40081
PROP_05795,2026-03-10,215270,1,1.5,1045,6270,2.0,0,1992,0,Coastal Suburbs,20013
PROP_05796,2026-03-13,575927,4,1.0,2153,12918,2.0,0,1988,2021,Metro City,10004
PROP_05797,2026-02-03,878301,5,3.0,4243,12729,3.0,0,1999,0,Coastal Suburbs,20012
PROP_05798,2025-08-31,1364931,4,2.5,3699,25893,3.0,0,1967,0,Tech Park District,30046
PROP_05799,2025-12-07,1500187,6,4.0,3175,9525,3.0,0,2011,2018,Tech Park District,30046
PROP_05800,2026-03-14,4706922,7,5.0,6797,101955,4.0,0,1960,2018,Tech Park District,30045
PROP_05801,2026-03-12,490928,4,2.0,2012,6036,1.5,0,1951,0,Greenwood Valley,40081
PROP_05802,2026-02-03,302562,2,1.5,1293,5172,1.0,0,1954,0,Tech Park District,30046
PROP_05803,2025-10-08,3168256,8,5.0,6656,46592,3.0,0,1970,0,Tech Park District,30046
PROP_05804,2025-11-05,417147,1,2.5,1977,11862,1.0,0,1965,0,Greenwood Valley,40082
PROP_05805,2026-03-23,212800,2,1.5,1216,7296,1.5,0,1983,0,Metro City,10003
PROP_05806,2025-11-24,343170,2,2.5,1107,6642,1.5,0,1986,2025,Greenwood Valley,40081
PROP_05807,2026-05-28,1411893,5,3.5,4395,21975,3.0,0,2002,2024,Metro City,10001
PROP_05808,2025-12-21,280995,4,2.0,1441,2882,1.0,0,2009,0,Metro City,10003
PROP_05809,2025-08-10,655000,4,2.5,2500,10000,2.0,0,1993,0,Greenwood Valley,40081
PROP_05810,2026-05-04,4796449,9,5.0,6671,73381,2.5,0,1989,0,Greenwood Valley,40082
PROP_05811,2025-07-31,235828,1,1.0,1102,6612,2.0,0,1995,0,Greenwood Valley,40081
PROP_05812,2025-09-26,261197,4,1.0,1753,5259,1.5,0,1976,0,Coastal Suburbs,20013
PROP_05813,2026-01-15,370272,2,1.5,1624,3248,1.5,0,2014,0,Greenwood Valley,40081
PROP_05814,2026-05-25,150612,3,1.5,978,4890,1.0,0,1966,0,Tech Park District,30046
PROP_05815,2025-08-22,3408777,6,7.5,5157,61884,3.0,0,1996,0,Coastal Suburbs,20012
PROP_05816,2025-07-22,297654,4,2.0,2238,6714,1.5,0,1992,0,Coastal Suburbs,20011
PROP_05817,2025-09-18,973651,4,3.5,2569,17983,3.0,0,1986,0,Tech Park District,30045
PROP_05818,2026-02-16,1081920,5,2.5,3136,25088,2.5,0,1972,0,Coastal Suburbs,20012
PROP_05819,2025-12-23,298375,3,1.0,1550,6200,1.0,0,1972,2024,Coastal Suburbs,20012
PROP_05820,2025-11-21,273677,1,1.5,1679,3358,1.0,0,1976,0,Greenwood Valley,40081
PROP_05821,2026-03-09,352107,4,2.0,2187,8748,1.5,0,1968,0,Coastal Suburbs,20013
PROP_05822,2026-04-11,663663,5,4.0,2431,14586,3.0,0,1966,0,Metro City,10004
PROP_05823,2026-05-23,421747,1,1.5,2122,8488,2.0,0,1980,2017,Greenwood Valley,40081
PROP_05824,2026-05-17,117720,3,1.0,981,5886,2.0,0,1994,0,Coastal Suburbs,20013
PROP_05825,2026-05-28,1326506,6,3.0,3945,15780,2.5,0,2015,2022,Coastal Suburbs,20011
PROP_05826,2025-06-27,532510,3,2.5,2266,9064,1.5,0,1990,0,Greenwood Valley,40082
PROP_05827,2025-08-22,222772,3,2.0,1826,5478,2.0,0,1996,0,Tech Park District,30045
PROP_05828,2025-12-17,539906,3,2.5,2215,8860,2.0,0,2004,2021,Metro City,10001
PROP_05829,2026-04-22,1110542,5,3.5,3026,12104,3.0,0,1979,0,Coastal Suburbs,20012
PROP_05830,2025-06-03,563096,4,2.0,2386,14316,1.0,0,2004,0,Greenwood Valley,40081
PROP_05831,2025-07-17,1006065,5,3.0,2547,7641,3.0,0,2000,2017,Greenwood Valley,40081
PROP_05832,2025-08-14,1117480,4,2.5,3070,21490,2.5,0,1994,0,Metro City,10004
PROP_05833,2026-01-28,1272930,5,2.5,4215,16860,2.0,0,1971,0,Metro City,10003
PROP_05834,2026-04-04,191557,3,1.0,859,5154,1.0,0,2004,0,Tech Park District,30046
PROP_05835,2026-01-09,220223,1,1.0,1153,5765,1.0,0,2005,0,Metro City,10001
PROP_05836,2025-07-16,161532,4,2.5,1282,2564,2.0,0,2015,0,Metro City,10001
PROP_05837,2025-07-03,271560,2,1.5,1860,3720,1.0,0,1986,0,Tech Park District,30046
PROP_05838,2025-10-13,145722,3,2.5,978,3912,2.0,0,1988,0,Greenwood Valley,40082
PROP_05839,2025-09-22,186320,2,1.0,1360,4080,2.0,0,1974,0,Greenwood Valley,40081
PROP_05840,2025-12-07,307038,2,1.0,2103,4206,2.0,0,2011,0,Greenwood Valley,40082
PROP_05841,2025-07-11,411090,4,2.5,1704,5112,1.0,0,1957,2017,Tech Park District,30046
PROP_05842,2026-04-08,318843,3,1.5,1323,5292,1.5,0,1967,0,Greenwood Valley,40081
PROP_05843,2025-06-20,286938,3,2.0,1678,3356,1.5,0,2013,0,Metro City,10002
PROP_05844,2025-12-14,259282,1,1.0,1146,5730,1.0,0,2000,2022,Metro City,10001
PROP_05845,2025-12-23,268242,1,2.0,1086,5430,1.0,0,1994,0,Tech Park District,30046
PROP_05846,2026-04-11,127246,4,1.0,1043,4172,1.0,0,2012,0,Coastal Suburbs,20012
PROP_05847,2026-05-02,420320,2,2.5,2272,13632,1.5,0,2001,2021,Greenwood Valley,40081
PROP_05848,2026-02-22,199554,3,1.0,1263,3789,2.0,0,1983,0,Metro City,10003
PROP_05849,2025-10-25,661276,5,3.5,2926,23408,2.5,0,1996,0,Metro City,10003
PROP_05850,2026-05-31,231384,2,2.5,1244,6220,2.0,0,1964,0,Greenwood Valley,40082
PROP_05851,2026-04-02,202536,2,2.0,1044,6264,1.5,0,1957,0,Coastal Suburbs,20013
PROP_05852,2025-06-30,201020,4,2.5,1058,4232,1.0,0,1977,2019,Metro City,10004
PROP_05853,2025-08-29,205755,2,2.5,1247,3741,2.0,0,1990,0,Metro City,10001
PROP_05854,2026-04-24,990275,6,4.0,3047,9141,3.0,0,1959,0,Coastal Suburbs,20013
PROP_05855,2026-02-09,343209,1,2.5,1473,4419,1.5,0,1998,0,Greenwood Valley,40082
PROP_05856,2026-01-11,345576,3,1.5,2057,10285,2.0,0,1976,0,Metro City,10002
PROP_05857,2025-06-06,175694,4,1.5,821,1642,2.0,0,1998,0,Metro City,10003
PROP_05858,2025-09-12,420965,4,2.5,1427,8562,1.0,0,1990,2024,Metro City,10003
PROP_05859,2026-05-03,332622,1,1.5,2174,13044,1.0,0,1961,0,Coastal Suburbs,20013
PROP_05860,2026-02-21,964072,4,2.5,3257,26056,2.5,0,1973,0,Greenwood Valley,40081
PROP_05861,2025-10-25,112185,1,1.0,831,4986,2.0,0,1987,0,Greenwood Valley,40082
PROP_05862,2025-09-08,359092,2,1.5,1678,5034,2.0,0,2011,0,Metro City,10004
PROP_05863,2025-06-18,293537,4,2.5,1021,6126,1.5,0,1980,2016,Metro City,10001
PROP_05864,2026-04-03,818961,5,2.5,3237,12948,3.0,0,2002,0,Coastal Suburbs,20013
PROP_05865,2026-02-17,300155,1,1.5,1735,6940,1.0,0,1959,0,Coastal Suburbs,20013
PROP_05866,2026-02-20,268156,3,1.0,2198,13188,1.0,0,1985,0,Tech Park District,30046
PROP_05867,2026-05-24,494750,2,2.0,1979,3958,1.5,0,1972,0,Coastal Suburbs,20011
PROP_05868,2025-09-27,1613810,5,4.0,4315,17260,2.0,0,1958,0,Coastal Suburbs,20013
PROP_05869,2026-04-11,687125,4,1.5,2300,9200,2.0,0,1972,2018,Metro City,10001
PROP_05870,2025-08-26,372520,1,1.0,2144,4288,1.5,0,2009,2024,Metro City,10003
PROP_05871,2026-05-12,452065,4,2.5,1784,5352,1.5,1,1984,0,Greenwood Valley,40081
PROP_05872,2025-06-19,236720,2,1.0,1076,6456,2.0,0,2001,0,Tech Park District,30045
PROP_05873,2025-12-02,294619,3,2.5,1703,5109,1.0,0,2005,0,Metro City,10003
PROP_05874,2025-10-01,184388,3,2.5,1487,2974,1.0,0,1984,0,Greenwood Valley,40082
PROP_05875,2026-05-02,358820,2,2.5,1631,6524,1.0,0,1954,0,Metro City,10001
PROP_05876,2025-06-01,1278217,6,3.5,4074,28518,3.0,0,2003,2018,Greenwood Valley,40082
PROP_05877,2025-08-20,492048,1,2.0,2278,9112,2.0,0,1980,0,Coastal Suburbs,20013
PROP_05878,2025-07-15,561165,6,4.0,2685,10740,2.0,0,2005,0,Tech Park District,30045
PROP_05879,2025-10-20,485313,4,1.0,1611,3222,2.0,0,1956,2017,Coastal Suburbs,20012
PROP_05880,2025-12-22,278622,4,1.5,1346,2692,1.0,0,1998,0,Greenwood Valley,40081
PROP_05881,2025-11-28,208455,4,2.0,1069,2138,2.0,0,1972,0,Coastal Suburbs,20012
PROP_05882,2026-05-09,1795072,4,3.0,4199,20995,2.5,0,2003,2017,Metro City,10004
PROP_05883,2025-12-20,118340,2,2.5,970,4850,1.5,0,2014,0,Tech Park District,30045
PROP_05884,2025-12-25,150960,2,2.0,1020,6120,2.0,0,2000,0,Greenwood Valley,40081
PROP_05885,2026-03-28,304896,3,1.0,2382,4764,1.0,0,1959,0,Tech Park District,30045
PROP_05886,2025-09-11,573400,2,1.5,1880,11280,1.0,0,1972,2019,Coastal Suburbs,20011
PROP_05887,2026-02-21,166448,2,1.0,824,2472,1.0,0,1970,0,Coastal Suburbs,20011
PROP_05888,2025-06-08,301942,2,1.5,1354,2708,1.5,0,1955,0,Tech Park District,30045
PROP_05889,2026-05-27,344728,4,1.0,2102,6306,2.0,0,2009,0,Tech Park District,30045
PROP_05890,2025-07-06,765080,4,3.0,2468,19744,2.0,0,1966,0,Metro City,10003
PROP_05891,2025-07-17,303065,2,2.0,1237,7422,2.0,0,1987,0,Coastal Suburbs,20013
PROP_05892,2026-03-09,397280,2,2.5,1910,7640,2.0,0,2003,0,Greenwood Valley,40082
PROP_05893,2025-10-24,171600,3,1.5,1040,3120,1.5,0,2007,0,Coastal Suburbs,20013
PROP_05894,2026-03-14,3606232,8,6.0,6349,50792,3.0,0,1984,0,Greenwood Valley,40082
PROP_05895,2026-03-26,160975,1,2.5,1175,4700,1.0,0,2009,0,Coastal Suburbs,20011
PROP_05896,2025-11-26,172072,3,2.0,1096,2192,1.5,0,1985,0,Coastal Suburbs,20013
PROP_05897,2025-11-25,437335,4,1.5,1861,11166,2.0,0,1998,0,Metro City,10003
PROP_05898,2025-10-20,164710,4,2.5,1267,7602,1.5,0,1953,0,Coastal Suburbs,20011
PROP_05899,2025-09-24,755092,2,2.5,2376,11880,2.0,1,1996,0,Coastal Suburbs,20011
PROP_05900,2026-04-07,1142570,5,2.5,3055,18330,2.0,0,1979,0,Greenwood Valley,40081
PROP_05901,2025-09-08,264396,1,1.5,2003,4006,1.0,0,1956,0,Coastal Suburbs,20011
PROP_05902,2026-01-19,725234,4,2.5,3209,22463,3.0,0,1992,0,Coastal Suburbs,20013
PROP_05903,2025-12-24,341220,2,2.5,1551,6204,1.0,0,1972,0,Tech Park District,30045
PROP_05904,2026-03-22,303468,3,2.0,1254,7524,1.5,0,1961,0,Coastal Suburbs,20013
PROP_05905,2025-06-03,2807310,7,4.5,5973,77649,4.0,0,1979,0,Tech Park District,30045
PROP_05906,2025-10-12,240366,3,2.5,1239,3717,1.5,0,2000,0,Tech Park District,30046
PROP_05907,2025-08-29,139250,3,2.0,1114,3342,1.0,0,1951,0,Tech Park District,30046
PROP_05908,2025-12-26,837901,4,2.5,2677,16062,3.0,0,1953,0,Tech Park District,30045
PROP_05909,2026-02-15,197400,2,1.0,1128,4512,1.0,0,1994,0,Greenwood Valley,40081
PROP_05910,2025-07-25,329951,2,1.5,1251,5004,1.5,0,1965,2017,Metro City,10003
PROP_05911,2026-03-14,1013724,6,2.5,3884,11652,3.0,0,1951,0,Coastal Suburbs,20012
PROP_05912,2025-07-08,217882,3,2.5,1106,6636,2.0,0,1962,0,Greenwood Valley,40081
PROP_05913,2026-02-13,185265,2,2.5,1035,3105,1.5,0,1987,0,Metro City,10004
PROP_05914,2025-10-29,3788584,7,6.0,6814,54512,2.5,0,1984,0,Metro City,10004
PROP_05915,2025-11-22,299172,3,2.5,1284,3852,1.0,0,1952,0,Metro City,10003
PROP_05916,2025-07-30,266100,4,1.0,887,5322,1.5,0,2003,2023,Greenwood Valley,40081
PROP_05917,2026-02-18,376740,2,2.5,1820,7280,1.0,0,1969,0,Greenwood Valley,40082
PROP_05918,2025-10-10,540501,4,1.5,1529,4587,1.5,1,1953,2017,Metro City,10003
PROP_05919,2026-03-03,142596,3,1.5,932,2796,1.0,0,1958,0,Tech Park District,30045
PROP_05920,2026-03-22,2764424,6,7.5,5596,44768,2.5,0,2002,0,Tech Park District,30046
PROP_05921,2025-10-07,244237,3,2.5,1170,5850,2.0,0,1991,2022,Greenwood Valley,40081
PROP_05922,2026-05-22,808600,6,3.5,4043,32344,2.0,0,1964,0,Greenwood Valley,40081
PROP_05923,2026-01-13,362865,2,2.0,1423,8538,1.5,0,1955,2021,Greenwood Valley,40082
PROP_05924,2025-12-11,161850,1,1.5,830,4150,2.0,0,2011,0,Tech Park District,30045
PROP_05925,2026-03-16,385355,1,1.5,2083,10415,1.0,0,1961,2025,Tech Park District,30046
PROP_05926,2026-02-03,1011710,6,4.0,2716,8148,2.0,0,2005,2016,Tech Park District,30045
PROP_05927,2025-10-03,607185,4,1.0,2358,9432,2.0,0,2004,2016,Greenwood Valley,40081
PROP_05928,2025-11-21,1415258,6,2.5,3754,15016,2.5,0,1990,0,Greenwood Valley,40082
PROP_05929,2026-01-21,211728,1,2.0,1203,6015,1.5,0,1958,0,Metro City,10001
PROP_05930,2026-05-15,4229130,7,4.5,4622,41598,4.0,0,1971,2016,Coastal Suburbs,20011
PROP_05931,2026-01-22,159120,4,1.5,936,1872,1.5,0,2015,0,Coastal Suburbs,20011
PROP_05932,2026-03-28,939840,5,3.5,2670,21360,2.0,0,1958,0,Greenwood Valley,40082
PROP_05933,2025-06-15,410175,2,1.0,1823,10938,2.0,0,1950,0,Metro City,10004
PROP_05934,2026-02-02,714636,4,2.5,3054,21378,2.0,0,1995,0,Metro City,10001
PROP_05935,2025-07-30,335482,1,1.0,1091,2182,1.0,0,1951,2017,Coastal Suburbs,20013
PROP_05936,2025-10-11,349284,3,1.5,2239,6717,1.5,0,1990,0,Coastal Suburbs,20013
PROP_05937,2025-07-05,168078,1,2.5,1011,3033,1.0,0,1991,2020,Coastal Suburbs,20011
PROP_05938,2025-12-13,345275,4,2.5,1973,3946,1.5,0,1953,0,Metro City,10002
PROP_05939,2026-04-21,880755,5,3.0,2481,19848,2.0,0,1954,0,Greenwood Valley,40082
PROP_05940,2025-09-21,242811,4,2.5,1587,3174,1.0,0,1979,0,Greenwood Valley,40082
PROP_05941,2026-05-13,272888,1,2.0,1772,3544,1.5,0,1951,0,Tech Park District,30046
PROP_05942,2026-05-26,3665004,8,4.5,5691,79674,2.5,1,1961,0,Coastal Suburbs,20013
PROP_05943,2025-09-26,311542,4,1.0,2023,10115,1.0,0,2001,0,Tech Park District,30045
PROP_05944,2025-11-09,214896,2,2.5,1776,5328,1.5,0,1995,0,Greenwood Valley,40081
PROP_05945,2025-12-29,156040,2,1.0,830,2490,1.5,0,1977,0,Metro City,10003
PROP_05946,2025-11-28,946810,6,3.0,2594,18158,2.5,0,2001,0,Greenwood Valley,40082
PROP_05947,2026-02-20,554925,1,1.0,2114,6342,1.0,0,1961,2025,Coastal Suburbs,20012
PROP_05948,2026-03-02,136375,3,2.0,1091,2182,1.5,0,1975,0,Metro City,10004
PROP_05949,2025-06-05,1643910,4,3.0,4443,22215,3.0,0,1986,0,Tech Park District,30046
PROP_05950,2026-05-25,218943,4,1.0,1431,8586,1.5,0,1965,0,Metro City,10001
PROP_05951,2025-10-13,195585,2,2.5,1003,6018,2.0,0,1990,0,Tech Park District,30046
PROP_05952,2025-10-06,368489,4,1.5,1529,9174,2.0,0,1952,0,Greenwood Valley,40081
PROP_05953,2025-10-26,388586,4,2.0,2078,4156,1.5,0,1984,0,Coastal Suburbs,20011
PROP_05954,2025-07-18,215490,1,2.5,1306,7836,1.5,0,2011,2016,Metro City,10004
PROP_05955,2025-12-22,292636,2,1.5,1964,9820,1.0,0,1953,0,Greenwood Valley,40082
PROP_05956,2026-05-11,559792,1,2.5,2217,13302,1.0,0,1958,2022,Metro City,10002
PROP_05957,2025-11-23,263208,4,1.5,1994,3988,2.0,0,1955,0,Coastal Suburbs,20012
PROP_05958,2025-07-09,352107,2,1.0,1863,11178,2.0,0,1958,0,Metro City,10004
PROP_05959,2026-03-11,800112,6,4.0,2532,15192,3.0,0,2012,0,Coastal Suburbs,20012
PROP_05960,2025-08-31,560437,3,2.5,1830,9150,2.0,0,2013,2018,Tech Park District,30045
PROP_05961,2026-01-30,1232179,6,3.0,3887,27209,2.5,0,1959,0,Metro City,10001
PROP_05962,2025-11-08,350805,1,1.0,1799,3598,2.0,0,1999,0,Metro City,10002
PROP_05963,2025-11-29,4542392,8,7.5,6872,82464,4.0,0,1967,0,Greenwood Valley,40081
PROP_05964,2025-09-20,203033,2,2.0,1063,6378,2.0,0,1957,0,Tech Park District,30045
PROP_05965,2026-03-21,165208,3,1.5,856,3424,1.0,0,1980,0,Metro City,10003
PROP_05966,2025-10-16,224130,3,1.0,1205,6025,2.0,0,1955,0,Greenwood Valley,40082
PROP_05967,2025-09-02,147750,2,1.5,1182,5910,1.0,0,1978,0,Metro City,10004
PROP_05968,2026-05-16,227614,1,2.0,1559,3118,1.5,0,1974,0,Tech Park District,30046
PROP_05969,2025-09-06,1386962,4,2.5,4294,17176,3.0,0,2005,0,Coastal Suburbs,20011
PROP_05970,2026-02-11,2256828,8,6.0,4812,48120,3.0,0,1957,0,Tech Park District,30045
PROP_05971,2025-09-11,342596,3,2.0,2089,4178,1.0,0,1999,0,Coastal Suburbs,20012
PROP_05972,2025-09-29,4066020,9,7.5,5532,27660,4.0,0,2002,2016,Coastal Suburbs,20013
PROP_05973,2025-10-02,1098339,4,3.5,4411,13233,2.0,0,1994,0,Metro City,10002
PROP_05974,2025-10-14,392260,4,1.0,1783,10698,2.0,0,2010,0,Coastal Suburbs,20012
PROP_05975,2025-09-14,234234,1,2.0,1183,2366,2.0,0,1998,0,Coastal Suburbs,20012
PROP_05976,2025-09-26,232206,4,2.0,1014,4056,1.5,0,1975,0,Coastal Suburbs,20012
PROP_05977,2025-09-12,161535,1,1.0,979,2937,2.0,0,1958,0,Coastal Suburbs,20012
PROP_05978,2025-10-06,1576362,5,3.5,4453,13359,2.0,0,2008,0,Tech Park District,30045
PROP_05979,2026-04-13,119164,2,2.5,961,5766,1.0,0,2009,0,Tech Park District,30046
PROP_05980,2025-11-30,98576,4,2.5,808,4848,1.0,0,2004,0,Metro City,10001
PROP_05981,2025-08-19,1625151,4,3.0,4477,26862,3.0,0,1960,0,Greenwood Valley,40081
PROP_05982,2025-07-25,279792,3,1.5,1943,11658,1.0,0,1974,0,Greenwood Valley,40081
PROP_05983,2025-08-01,274245,1,1.0,1167,3501,2.0,0,1952,0,Coastal Suburbs,20013
PROP_05984,2025-07-11,406866,3,1.0,1634,4902,2.0,0,1981,0,Metro City,10002
PROP_05985,2026-05-13,200107,4,2.0,1343,8058,2.0,0,1959,0,Greenwood Valley,40081
PROP_05986,2026-05-06,443940,1,1.0,2265,4530,1.0,0,2011,0,Metro City,10001
PROP_05987,2026-02-08,210330,1,1.0,984,3936,2.0,0,1975,2025,Coastal Suburbs,20013
PROP_05988,2026-04-11,337088,4,1.0,1472,5888,1.0,0,1967,0,Greenwood Valley,40081
PROP_05989,2025-06-04,151965,4,1.5,921,1842,1.5,0,2001,0,Greenwood Valley,40081
PROP_05990,2026-03-05,1430435,5,3.5,3919,15676,2.5,0,2001,0,Tech Park District,30045
PROP_05991,2025-06-22,252464,1,2.5,2036,6108,2.0,0,1989,0,Greenwood Valley,40081
PROP_05992,2026-02-02,198880,2,2.0,904,1808,1.0,0,1955,0,Tech Park District,30045
PROP_05993,2025-12-08,588432,3,2.5,2392,4784,1.0,0,1974,0,Tech Park District,30046
PROP_05994,2026-04-14,333600,2,1.5,2224,4448,1.0,0,1953,0,Greenwood Valley,40081
PROP_05995,2025-11-09,212914,1,1.5,862,1724,1.0,0,1978,0,Tech Park District,30046
PROP_05996,2026-02-08,288277,3,1.0,969,1938,1.5,0,1971,2021,Metro City,10004
PROP_05997,2026-03-22,956272,4,4.0,2742,19194,2.5,0,1981,2017,Greenwood Valley,40082
PROP_05998,2025-10-19,304485,3,2.0,1915,5745,1.5,0,1968,0,Coastal Suburbs,20012
PROP_05999,2026-02-07,355712,2,1.5,1588,4764,1.0,0,1963,0,Metro City,10003
PROP_06000,2025-09-02,769204,3,2.0,2348,7044,1.5,1,1956,0,Tech Park District,30045
PROP_06001,2026-02-17,279774,2,2.0,1782,5346,2.0,0,1955,0,Metro City,10004
PROP_06002,2025-10-22,457098,2,1.5,2059,4118,1.0,0,1986,0,Tech Park District,30045
PROP_06003,2025-12-21,993000,6,2.5,2648,15888,3.0,0,1959,0,Greenwood Valley,40082
PROP_06004,2025-09-22,624865,6,2.5,2659,10636,2.0,0,1995,0,Greenwood Valley,40081
PROP_06005,2026-03-23,1385852,4,4.0,3676,25732,2.5,0,1979,0,Tech Park District,30046
PROP_06006,2025-08-05,213666,2,2.0,894,5364,1.0,0,1961,0,Greenwood Valley,40081
PROP_06007,2025-06-28,963588,4,3.5,2722,13610,2.5,0,1997,0,Tech Park District,30045
PROP_06008,2026-02-25,917246,5,2.5,3806,26642,3.0,0,2001,0,Metro City,10001
PROP_06009,2026-01-03,928430,6,4.0,4090,32720,3.0,0,1986,0,Metro City,10003
PROP_06010,2026-01-31,174362,3,1.0,962,2886,1.5,0,1989,2021,Tech Park District,30045
PROP_06011,2026-03-04,1022459,6,3.5,3089,12356,2.5,0,2009,0,Greenwood Valley,40082
PROP_06012,2025-06-17,335256,3,1.5,1374,2748,1.0,0,1961,0,Tech Park District,30046
PROP_06013,2026-02-13,262080,2,2.0,1638,8190,1.0,0,1996,0,Metro City,10002
PROP_06014,2025-11-25,371950,3,2.0,1730,5190,1.5,0,1992,0,Tech Park District,30045
PROP_06015,2025-12-19,179840,1,2.5,1124,6744,1.5,0,2000,0,Metro City,10002
PROP_06016,2026-05-18,175032,1,2.0,884,4420,1.0,0,1978,0,Coastal Suburbs,20013
PROP_06017,2025-08-29,646152,4,2.5,2834,22672,2.0,0,1958,0,Metro City,10001
PROP_06018,2026-01-21,448676,4,2.0,2012,10060,1.5,0,2011,0,Greenwood Valley,40081
PROP_06019,2025-08-01,605880,6,3.0,2754,11016,2.0,0,1951,0,Tech Park District,30045
PROP_06020,2026-05-24,1325363,5,2.5,3497,13988,2.5,0,1988,0,Greenwood Valley,40081
PROP_06021,2026-02-21,197241,4,2.0,1419,4257,2.0,0,1951,0,Tech Park District,30046
PROP_06022,2026-01-22,1503000,4,2.5,3340,13360,2.5,0,1961,2017,Metro City,10001
PROP_06023,2025-11-09,303474,1,2.0,1367,6835,1.5,0,1979,0,Greenwood Valley,40081
PROP_06024,2026-05-19,348920,1,1.0,1430,5720,2.0,0,1955,0,Coastal Suburbs,20011
PROP_06025,2025-06-05,1679020,4,3.5,4475,13425,2.5,1,1964,0,Tech Park District,30046
PROP_06026,2025-06-07,879608,5,3.5,2557,7671,2.5,0,1970,0,Metro City,10002
PROP_06027,2026-05-12,204580,1,2.0,848,4240,2.0,0,2014,2024,Coastal Suburbs,20013
PROP_06028,2025-09-16,393300,1,1.5,2185,6555,1.0,0,2011,0,Metro City,10004
PROP_06029,2025-12-12,188736,1,1.5,983,4915,1.0,0,1986,0,Metro City,10002
PROP_06030,2026-03-25,130158,2,2.0,1033,2066,1.0,0,2005,0,Greenwood Valley,40081
PROP_06031,2025-07-22,1069944,6,3.5,3272,19632,2.0,0,1953,0,Greenwood Valley,40081
PROP_06032,2025-11-14,223992,1,1.5,1464,8784,2.0,0,2010,0,Greenwood Valley,40082
PROP_06033,2025-12-03,468138,2,2.5,1903,7612,2.0,0,1959,0,Greenwood Valley,40082
PROP_06034,2026-04-10,282555,3,1.0,1638,9828,1.5,0,2014,2021,Tech Park District,30045
PROP_06035,2025-10-11,236250,4,2.5,1575,7875,2.0,0,1991,2020,Tech Park District,30045
PROP_06036,2025-09-04,196176,4,1.0,976,3904,1.0,0,1968,0,Metro City,10001
PROP_06037,2026-03-08,1287294,6,4.0,4166,29162,2.5,0,1951,0,Coastal Suburbs,20012
PROP_06038,2025-10-13,202704,1,2.5,824,3296,1.0,0,2004,0,Greenwood Valley,40081
PROP_06039,2025-09-30,652800,5,2.5,3264,22848,2.0,0,1980,0,Metro City,10003
PROP_06040,2025-10-16,218640,4,2.5,911,1822,2.0,0,2014,0,Metro City,10001
PROP_06041,2026-01-28,636363,5,4.0,2457,19656,3.0,0,1969,0,Metro City,10002
PROP_06042,2026-04-10,261611,2,1.5,1967,5901,2.0,0,1981,0,Coastal Suburbs,20011
PROP_06043,2025-11-23,1170312,6,3.5,3432,20592,2.0,0,1959,0,Metro City,10002
PROP_06044,2025-12-05,1539720,6,3.5,4368,17472,2.5,0,1986,2022,Metro City,10004
PROP_06045,2025-09-03,309771,4,2.5,1639,6556,1.5,0,1976,0,Metro City,10004
PROP_06046,2026-02-11,410856,3,2.0,2014,10070,1.5,0,2012,0,Greenwood Valley,40081
PROP_06047,2026-01-04,371072,2,1.5,1664,9984,1.5,0,1956,0,Metro City,10001
PROP_06048,2025-09-16,1083495,4,4.0,3035,24280,2.0,0,1993,0,Coastal Suburbs,20013
PROP_06049,2026-01-01,1485680,6,3.0,3136,21952,2.5,0,1998,2019,Greenwood Valley,40081
PROP_06050,2026-05-25,445000,4,1.0,2225,4450,1.5,0,1962,0,Tech Park District,30046
PROP_06051,2025-12-08,374300,2,1.5,1576,6304,2.0,0,1999,2021,Coastal Suburbs,20011
PROP_06052,2025-12-04,346072,3,1.5,1448,4344,1.5,0,1959,0,Coastal Suburbs,20011
PROP_06053,2025-12-23,209603,4,2.0,877,5262,1.5,0,1959,0,Tech Park District,30045
PROP_06054,2025-10-22,502652,4,1.0,2371,11855,1.5,0,1982,0,Coastal Suburbs,20013
PROP_06055,2026-01-17,117135,4,1.0,855,1710,1.0,0,1968,0,Metro City,10004
PROP_06056,2025-09-01,595237,4,2.5,2035,4070,1.0,0,1973,2021,Metro City,10004
PROP_06057,2026-03-20,456471,2,1.0,2271,6813,1.0,0,1976,0,Tech Park District,30046
PROP_06058,2025-08-07,501466,1,1.0,2107,12642,1.5,0,1979,0,Tech Park District,30045
PROP_06059,2026-03-22,1261948,4,3.5,3376,10128,2.0,1,1978,0,Coastal Suburbs,20012
PROP_06060,2026-05-18,311911,1,1.0,2381,4762,1.0,0,1987,0,Metro City,10003
PROP_06061,2025-09-26,175188,1,2.5,1023,3069,1.5,0,2014,2022,Tech Park District,30046
PROP_06062,2025-07-22,154050,3,2.5,975,2925,1.5,0,2012,0,Metro City,10004
PROP_06063,2025-10-17,343462,4,1.5,1290,3870,1.0,0,1994,2025,Tech Park District,30045
PROP_06064,2025-09-29,212265,3,2.0,1068,3204,1.0,0,1966,2023,Greenwood Valley,40082
PROP_06065,2026-03-12,180752,4,1.0,869,1738,1.0,0,1993,0,Greenwood Valley,40081
PROP_06066,2026-01-08,288190,3,1.5,1253,2506,1.0,0,1981,0,Greenwood Valley,40081
PROP_06067,2025-12-13,166320,3,2.5,1320,2640,2.0,0,1993,0,Metro City,10003
PROP_06068,2025-09-09,907586,4,2.5,4493,31451,3.0,0,1958,0,Coastal Suburbs,20011
PROP_06069,2025-08-14,1510695,4,4.0,3414,27312,2.5,0,1972,2018,Coastal Suburbs,20012
PROP_06070,2025-08-16,223720,4,2.0,1190,2380,1.0,0,1983,0,Tech Park District,30045
PROP_06071,2026-01-29,223518,3,2.0,1365,6825,2.0,0,1984,2018,Metro City,10003
PROP_06072,2025-06-05,4828004,9,7.5,5265,63180,2.5,1,1970,2017,Tech Park District,30046
PROP_06073,2025-08-30,494471,2,1.5,1911,3822,1.5,0,2008,2025,Metro City,10001
PROP_06074,2026-01-02,1164930,4,4.0,3770,11310,2.5,0,2008,0,Metro City,10002
PROP_06075,2026-02-11,264008,1,2.5,1082,5410,1.5,0,2003,0,Coastal Suburbs,20012
PROP_06076,2025-08-08,239162,4,1.0,1553,7765,1.0,0,1961,0,Greenwood Valley,40081
PROP_06077,2026-04-19,219096,3,1.5,1611,9666,1.0,0,2008,0,Coastal Suburbs,20012
PROP_06078,2026-02-20,1168193,5,3.5,3005,18030,2.5,0,1980,2020,Coastal Suburbs,20012
PROP_06079,2026-03-01,853450,4,3.0,4225,16900,2.0,0,1973,0,Coastal Suburbs,20011
PROP_06080,2025-11-09,178920,1,2.0,1420,8520,1.5,0,1951,0,Coastal Suburbs,20011
PROP_06081,2026-02-05,176484,4,1.5,1146,5730,2.0,0,2014,0,Coastal Suburbs,20012
PROP_06082,2025-11-01,208906,2,1.5,1337,6685,1.5,0,1983,2024,Coastal Suburbs,20012
PROP_06083,2025-10-07,234972,4,2.5,1098,6588,1.0,0,1989,0,Tech Park District,30046
PROP_06084,2026-03-15,487572,4,2.0,1982,9910,1.5,0,2005,0,Tech Park District,30045
PROP_06085,2026-03-18,1378300,4,2.5,4475,35800,2.5,0,1968,0,Tech Park District,30045
PROP_06086,2025-06-25,413250,1,1.5,2175,8700,2.0,0,1999,0,Metro City,10004
PROP_06087,2025-12-21,1497390,5,3.5,4047,32376,2.5,0,1953,0,Tech Park District,30046
PROP_06088,2025-07-21,769272,5,2.5,3374,26992,2.0,0,1968,0,Coastal Suburbs,20012
PROP_06089,2026-05-20,391018,3,2.5,2026,8104,2.0,0,1988,0,Coastal Suburbs,20012
PROP_06090,2025-08-23,355509,3,1.5,1701,3402,1.5,0,1984,0,Tech Park District,30046
PROP_06091,2025-07-01,331444,3,2.0,2021,4042,1.5,0,1968,0,Metro City,10003
PROP_06092,2025-09-19,314000,3,2.5,1570,9420,1.0,0,1995,0,Tech Park District,30045
PROP_06093,2025-10-09,487321,4,2.5,2039,12234,1.0,0,1985,0,Metro City,10003
PROP_06094,2026-01-30,463125,4,1.0,1875,3750,2.0,0,2015,0,Metro City,10001
PROP_06095,2026-04-19,250980,2,2.0,1068,5340,1.5,0,2014,0,Tech Park District,30045
PROP_06096,2025-07-20,292236,1,2.0,1491,2982,1.5,0,1979,0,Tech Park District,30045
PROP_06097,2026-01-17,181972,2,1.0,1358,4074,1.0,0,1986,0,Coastal Suburbs,20013
PROP_06098,2025-11-19,628595,4,2.0,2078,12468,2.0,0,1973,2024,Greenwood Valley,40081
PROP_06099,2025-10-12,350672,3,2.0,1736,8680,1.0,0,2010,0,Tech Park District,30046
PROP_06100,2025-12-02,277977,2,1.0,1891,11346,2.0,0,1982,0,Greenwood Valley,40082
PROP_06101,2025-12-02,335972,3,1.5,1988,3976,2.0,0,1996,0,Tech Park District,30046
PROP_06102,2026-03-14,337106,4,1.5,2189,4378,1.5,0,2001,0,Tech Park District,30045
PROP_06103,2026-03-13,390220,1,1.0,1790,5370,2.0,0,1969,0,Tech Park District,30046
PROP_06104,2025-10-10,326916,4,2.0,1909,7636,1.0,0,1980,2020,Tech Park District,30045
PROP_06105,2025-11-24,293690,3,1.0,1366,5464,2.0,0,2013,0,Coastal Suburbs,20011
PROP_06106,2025-06-11,609440,6,4.0,2930,8790,3.0,0,1969,0,Metro City,10001
PROP_06107,2025-12-28,357736,2,2.0,1844,11064,1.5,0,2000,0,Metro City,10001
PROP_06108,2025-08-02,213962,2,1.0,1054,2108,2.0,0,1993,0,Coastal Suburbs,20012
PROP_06109,2025-11-27,132300,2,2.5,882,2646,2.0,0,1966,0,Metro City,10004
PROP_06110,2026-05-14,228636,4,1.0,1314,2628,1.0,0,1951,0,Coastal Suburbs,20012
PROP_06111,2026-04-07,134200,3,2.0,1100,4400,1.5,0,1977,0,Metro City,10001
PROP_06112,2025-09-10,395163,3,2.5,1587,6348,2.0,0,2008,0,Metro City,10002
PROP_06113,2026-03-23,388675,1,2.5,2221,8884,1.5,0,1973,0,Greenwood Valley,40081
PROP_06114,2026-03-22,478977,1,1.5,2021,10105,2.0,0,1998,0,Coastal Suburbs,20013
PROP_06115,2026-04-29,223504,3,2.0,976,4880,1.5,0,1978,0,Coastal Suburbs,20012
PROP_06116,2026-04-29,216952,3,2.0,1154,4616,1.0,0,1964,0,Tech Park District,30046
PROP_06117,2026-03-03,232650,3,1.5,1034,4136,1.5,0,1954,2018,Coastal Suburbs,20011
PROP_06118,2025-08-29,1217562,5,3.5,3542,10626,2.0,0,1961,2018,Greenwood Valley,40081
PROP_06119,2025-10-24,453562,1,2.0,1882,11292,2.0,0,1951,0,Tech Park District,30045
PROP_06120,2025-11-29,1023336,6,4.0,2796,22368,3.0,0,2009,0,Coastal Suburbs,20012
PROP_06121,2025-11-14,380200,3,1.5,1901,7604,2.0,0,2015,0,Coastal Suburbs,20012
PROP_06122,2026-05-11,477920,2,1.5,2320,11600,2.0,0,1997,0,Metro City,10002
PROP_06123,2026-02-17,220100,1,1.0,1775,8875,2.0,0,1951,0,Greenwood Valley,40082
PROP_06124,2026-02-05,196753,2,1.0,1303,2606,1.5,0,1998,0,Metro City,10001
PROP_06125,2026-01-15,349776,3,1.5,2082,12492,1.0,0,1985,0,Metro City,10002
PROP_06126,2025-07-11,286235,2,2.0,2185,4370,1.0,0,1993,0,Metro City,10004
PROP_06127,2025-12-13,395600,3,1.5,1840,5520,2.0,0,1974,0,Metro City,10004
PROP_06128,2026-04-11,184548,1,2.5,1092,5460,1.5,0,1979,0,Tech Park District,30045
PROP_06129,2025-10-25,365428,1,1.5,1684,5052,1.0,0,1994,0,Greenwood Valley,40082
PROP_06130,2026-01-24,472074,4,1.0,1919,11514,1.5,0,2000,0,Tech Park District,30045
PROP_06131,2026-04-20,289602,2,1.0,1674,6696,1.0,0,2007,0,Metro City,10004
PROP_06132,2025-08-14,313959,3,2.5,1371,2742,2.0,0,1952,0,Coastal Suburbs,20011
PROP_06133,2025-08-25,187530,1,2.0,1330,3990,1.5,0,2010,0,Coastal Suburbs,20012
PROP_06134,2026-04-24,245245,4,1.5,1001,5005,2.0,0,1969,0,Coastal Suburbs,20012
PROP_06135,2025-11-20,630585,5,2.5,2595,20760,2.0,0,1976,0,Greenwood Valley,40081
PROP_06136,2026-01-02,218845,2,2.0,1265,7590,1.5,0,1968,0,Tech Park District,30045
PROP_06137,2026-04-20,323857,1,2.0,1489,8934,1.5,0,1979,2021,Tech Park District,30045
PROP_06138,2026-04-10,134672,1,2.0,886,4430,2.0,0,1970,0,Metro City,10001
PROP_06139,2026-03-20,134640,1,2.5,816,4896,2.0,0,1955,2019,Metro City,10001
PROP_06140,2025-12-25,190944,2,1.5,864,2592,1.5,0,1953,0,Metro City,10001
PROP_06141,2025-07-07,269075,4,1.0,1145,5725,2.0,0,1966,0,Greenwood Valley,40082
PROP_06142,2025-07-11,248492,3,2.0,1679,10074,1.5,0,1956,0,Metro City,10004
PROP_06143,2025-08-22,188860,1,2.0,1349,6745,1.0,0,1982,0,Metro City,10002
PROP_06144,2025-11-23,193182,2,1.0,1162,5810,1.0,0,1989,2025,Coastal Suburbs,20012
PROP_06145,2025-09-25,205568,1,1.0,1408,5632,1.0,0,1958,0,Greenwood Valley,40081
PROP_06146,2025-11-08,196742,3,1.0,1081,2162,1.0,0,1991,0,Greenwood Valley,40082
PROP_06147,2025-11-10,405790,4,2.0,2170,6510,1.5,0,1962,0,Tech Park District,30045
PROP_06148,2026-05-01,1515165,5,3.0,3651,25557,2.0,0,1992,2022,Coastal Suburbs,20012
PROP_06149,2025-10-28,1725130,5,3.5,3442,27536,2.5,1,1980,0,Metro City,10003
PROP_06150,2026-05-30,390723,2,2.5,2043,6129,1.5,0,2015,2020,Metro City,10004
PROP_06151,2025-10-15,181004,4,1.5,1223,3669,1.0,0,1960,0,Tech Park District,30045
PROP_06152,2026-04-06,422370,1,1.0,1444,7220,1.0,0,1954,2020,Greenwood Valley,40082
PROP_06153,2026-04-27,1385038,4,4.0,4003,24018,3.0,0,1965,0,Coastal Suburbs,20013
PROP_06154,2025-12-20,823368,5,2.5,3549,14196,3.0,0,1982,0,Coastal Suburbs,20012
PROP_06155,2025-10-17,210081,3,1.0,879,5274,1.5,0,2002,0,Metro City,10001
PROP_06156,2026-01-14,218082,2,1.5,1051,3153,1.0,0,1960,2023,Tech Park District,30045
PROP_06157,2025-12-03,763816,6,3.5,2456,19648,2.5,0,1966,0,Tech Park District,30045
PROP_06158,2026-03-28,1557257,4,2.5,4058,12174,3.0,0,1978,2020,Greenwood Valley,40082
PROP_06159,2026-02-22,326368,3,2.5,1316,7896,1.5,0,1973,0,Greenwood Valley,40081
PROP_06160,2026-01-17,5370198,9,6.0,6436,32180,3.0,1,1985,0,Tech Park District,30045
PROP_06161,2025-12-29,808976,4,3.5,3262,9786,2.0,0,1964,0,Coastal Suburbs,20013
PROP_06162,2025-08-25,3673025,9,7.5,5535,44280,2.5,1,1965,0,Tech Park District,30045
PROP_06163,2025-09-03,211008,4,2.5,1256,5024,2.0,0,1963,0,Coastal Suburbs,20012
PROP_06164,2025-06-12,4536900,9,6.0,6390,63900,4.0,0,1963,0,Tech Park District,30045
PROP_06165,2025-08-04,3347586,8,7.5,7018,77198,2.5,0,1973,0,Tech Park District,30046
PROP_06166,2025-09-29,418042,1,2.5,1878,11268,1.5,1,1981,0,Coastal Suburbs,20013
PROP_06167,2026-05-05,308976,2,1.0,1256,3768,2.0,0,2013,0,Coastal Suburbs,20012
PROP_06168,2025-10-07,451188,2,2.0,1812,7248,2.0,0,1981,0,Tech Park District,30046
PROP_06169,2026-05-25,387840,1,1.0,2020,8080,2.0,0,1996,0,Coastal Suburbs,20011
PROP_06170,2025-07-11,303510,4,1.0,1510,6040,2.0,0,1956,0,Greenwood Valley,40081
PROP_06171,2025-09-16,1305100,5,2.5,4210,25260,3.0,0,1979,0,Greenwood Valley,40081
PROP_06172,2025-08-25,224680,3,2.5,1312,6560,1.5,0,1992,2018,Metro City,10004
PROP_06173,2025-12-21,343750,4,2.0,1375,6875,1.5,0,2010,0,Tech Park District,30046
PROP_06174,2025-07-23,291500,1,1.0,1375,6875,1.5,0,1970,0,Coastal Suburbs,20011
PROP_06175,2025-07-19,899540,4,3.5,4388,13164,2.0,0,1992,0,Greenwood Valley,40081
PROP_06176,2025-07-03,393649,1,1.0,2286,11430,2.0,1,2000,0,Greenwood Valley,40082
PROP_06177,2026-01-29,143510,1,1.0,1130,2260,1.0,0,1961,0,Coastal Suburbs,20012
PROP_06178,2026-03-08,376125,2,1.5,1275,7650,2.0,0,1950,2020,Metro City,10004
PROP_06179,2025-06-28,242901,2,1.5,1773,8865,1.0,0,1978,0,Coastal Suburbs,20012
PROP_06180,2025-06-14,1527200,5,4.0,4150,29050,2.5,0,1973,0,Greenwood Valley,40082
PROP_06181,2025-12-21,1222955,6,4.0,4415,35320,2.5,0,1966,0,Coastal Suburbs,20012
PROP_06182,2026-02-24,1550556,6,2.5,4102,28714,2.5,0,1992,0,Greenwood Valley,40081
PROP_06183,2025-07-13,277810,3,2.0,2137,8548,2.0,0,1991,0,Coastal Suburbs,20013
PROP_06184,2025-07-24,997500,6,3.5,2625,13125,3.0,0,1965,0,Greenwood Valley,40082
PROP_06185,2025-10-13,1608574,4,2.5,4301,34408,2.0,0,1952,0,Tech Park District,30045
PROP_06186,2026-04-13,545755,4,1.5,2012,6036,1.5,0,2004,2021,Tech Park District,30046
PROP_06187,2025-08-19,814592,6,2.5,3182,22274,2.5,0,1963,0,Metro City,10002
PROP_06188,2025-07-14,219678,3,2.5,893,4465,1.5,0,2003,0,Coastal Suburbs,20013
PROP_06189,2026-05-02,908523,6,4.0,4389,21945,3.0,0,2008,0,Metro City,10001
PROP_06190,2025-12-17,400256,3,2.5,1888,11328,1.0,0,1999,0,Metro City,10003
PROP_06191,2025-11-06,1342649,6,3.0,3619,10857,3.0,0,2007,0,Metro City,10002
PROP_06192,2025-09-26,206194,3,1.0,1574,6296,1.5,0,2007,0,Coastal Suburbs,20012
PROP_06193,2025-10-05,541354,1,2.5,2237,6711,1.0,0,1996,0,Tech Park District,30045
PROP_06194,2025-10-24,1905657,4,2.5,3867,11601,2.0,1,1984,0,Greenwood Valley,40082
PROP_06195,2026-01-13,248830,1,2.5,1490,5960,1.5,0,1972,0,Greenwood Valley,40082
PROP_06196,2026-04-17,547310,3,1.5,2390,9560,1.5,0,1978,0,Greenwood Valley,40081
PROP_06197,2025-08-04,240250,3,2.5,961,4805,2.0,0,1995,0,Metro City,10003
PROP_06198,2025-08-07,236196,1,2.0,972,2916,1.5,0,1967,0,Metro City,10002
PROP_06199,2026-02-25,180895,2,2.0,1495,8970,2.0,0,1985,0,Coastal Suburbs,20011
PROP_06200,2025-08-27,214140,4,2.5,1660,6640,1.5,0,1992,0,Tech Park District,30045
PROP_06201,2025-06-15,1072476,6,4.0,2883,11532,3.0,0,1955,0,Greenwood Valley,40081
PROP_06202,2025-06-18,199704,4,1.0,1256,2512,2.0,0,2015,0,Tech Park District,30046
PROP_06203,2026-05-06,303355,2,2.0,1436,2872,1.5,0,1997,2017,Tech Park District,30045
PROP_06204,2025-11-30,163800,1,1.5,1092,2184,1.0,0,2006,0,Greenwood Valley,40081
PROP_06205,2025-11-14,175028,1,1.0,893,1786,2.0,0,1950,0,Greenwood Valley,40081
PROP_06206,2026-01-30,325280,1,1.5,1216,4864,1.5,0,2008,2019,Greenwood Valley,40082
PROP_06207,2026-01-26,264024,3,1.0,1158,3474,1.5,0,1972,0,Greenwood Valley,40082
PROP_06208,2026-03-04,593500,4,1.0,2374,14244,1.0,0,1969,0,Tech Park District,30046
PROP_06209,2025-10-18,162687,2,1.0,950,5700,1.0,0,1993,2023,Tech Park District,30045
PROP_06210,2026-03-08,491269,4,1.5,2203,4406,1.5,0,1962,0,Tech Park District,30045
PROP_06211,2026-01-14,1313550,4,3.0,3753,11259,2.5,0,1980,0,Metro City,10003
PROP_06212,2025-08-09,302804,4,2.5,1241,2482,1.5,0,1950,0,Tech Park District,30046
PROP_06213,2026-05-24,307230,4,2.5,1995,7980,1.5,0,1960,0,Metro City,10001
PROP_06214,2026-03-04,915682,5,3.5,2594,15564,3.0,0,1956,0,Metro City,10002
PROP_06215,2025-08-30,140723,2,1.5,1163,3489,2.0,0,1967,0,Greenwood Valley,40082
PROP_06216,2026-03-30,279657,3,1.0,1737,3474,2.0,0,1992,0,Tech Park District,30045
PROP_06217,2026-04-02,209332,1,2.0,887,4435,1.5,0,2013,0,Metro City,10004
PROP_06218,2026-01-20,411525,4,1.0,1395,8370,2.0,0,1954,2023,Metro City,10002
PROP_06219,2026-04-20,253200,4,2.5,1688,5064,1.0,0,1976,0,Tech Park District,30046
PROP_06220,2026-04-22,357622,2,1.5,1163,3489,2.0,0,1954,2016,Coastal Suburbs,20013
PROP_06221,2026-03-16,179055,4,2.5,1035,4140,1.5,0,1999,0,Metro City,10003
PROP_06222,2026-01-09,213640,1,1.0,872,5232,2.0,0,1976,0,Tech Park District,30046
PROP_06223,2026-02-24,183904,3,2.0,821,3284,1.5,0,2000,0,Coastal Suburbs,20013
PROP_06224,2026-04-24,158688,3,2.5,1102,3306,1.0,0,1984,0,Tech Park District,30046
PROP_06225,2026-04-24,1533564,4,2.5,4156,12468,2.5,0,1955,0,Tech Park District,30046
PROP_06226,2026-03-01,180550,4,2.5,1150,5750,2.0,0,2014,0,Coastal Suburbs,20011
PROP_06227,2025-11-06,191565,2,1.5,1419,8514,1.5,0,1967,0,Metro City,10003
PROP_06228,2025-11-25,258318,3,1.5,2034,10170,1.0,0,2003,0,Greenwood Valley,40082
PROP_06229,2026-02-02,200361,3,2.0,987,5922,2.0,0,1979,0,Metro City,10004
PROP_06230,2026-03-04,181152,3,1.5,1224,7344,2.0,0,1987,0,Tech Park District,30046
PROP_06231,2025-09-25,1348950,4,2.5,3910,19550,3.0,0,1985,0,Metro City,10001
PROP_06232,2025-07-16,282500,2,2.0,1130,5650,2.0,0,1977,0,Coastal Suburbs,20012
PROP_06233,2026-01-13,494168,3,2.0,2216,11080,1.0,0,1998,0,Metro City,10003
PROP_06234,2025-11-05,239732,4,2.0,931,4655,1.5,0,2009,2023,Greenwood Valley,40081
PROP_06235,2025-12-05,195734,2,1.0,902,2706,1.0,0,1998,0,Greenwood Valley,40082
PROP_06236,2025-12-29,631276,4,1.0,1952,3904,1.0,1,2003,0,Metro City,10002
PROP_06237,2025-10-12,212280,2,1.5,1220,6100,2.0,0,1953,0,Metro City,10004
PROP_06238,2025-08-19,3398538,6,6.0,4862,38896,2.5,0,1955,0,Coastal Suburbs,20013
PROP_06239,2025-11-03,948817,4,4.0,3937,15748,2.5,0,1956,0,Greenwood Valley,40081
PROP_06240,2025-06-06,266400,1,1.0,1110,4440,1.0,0,1984,2023,Greenwood Valley,40081
PROP_06241,2025-06-01,223758,2,1.5,1203,2406,1.5,0,1988,0,Greenwood Valley,40081
PROP_06242,2026-02-23,997517,2,1.0,2395,7185,1.0,1,1997,2024,Greenwood Valley,40082
PROP_06243,2025-08-09,398242,4,2.0,1802,5406,2.0,0,2004,0,Metro City,10004
PROP_06244,2025-11-24,298375,2,2.0,1375,8250,2.0,0,1987,0,Greenwood Valley,40081
PROP_06245,2025-10-25,455400,4,2.0,2200,8800,1.5,0,1972,0,Tech Park District,30046
PROP_06246,2026-01-27,396657,1,1.5,2241,4482,1.5,0,1963,0,Coastal Suburbs,20012
PROP_06247,2026-03-01,262752,3,1.0,1288,5152,1.0,0,1954,0,Coastal Suburbs,20013
PROP_06248,2025-06-05,316754,3,1.0,1453,4359,1.5,0,1973,0,Metro City,10004
PROP_06249,2026-05-19,209475,4,1.0,1197,3591,2.0,0,1962,2017,Greenwood Valley,40081
PROP_06250,2026-02-07,872508,6,3.5,2652,13260,3.0,1,2012,0,Coastal Suburbs,20013
PROP_06251,2026-01-31,361148,2,1.0,1921,7684,2.0,0,1990,0,Tech Park District,30046
PROP_06252,2025-11-01,153970,4,1.5,890,4450,2.0,0,1994,0,Metro City,10002
PROP_06253,2025-06-05,850238,5,2.5,2942,23536,3.0,0,1975,0,Tech Park District,30046
PROP_06254,2026-01-07,808044,6,3.0,3468,10404,2.0,0,1952,0,Tech Park District,30045
PROP_06255,2025-10-28,162890,3,2.5,1253,3759,2.0,0,2010,0,Metro City,10001
PROP_06256,2026-04-02,366690,3,1.5,2157,6471,1.0,0,1974,0,Greenwood Valley,40082
PROP_06257,2025-09-27,250250,2,1.5,1925,11550,1.0,0,1989,0,Greenwood Valley,40082
PROP_06258,2025-06-04,284316,3,1.0,1634,4902,1.5,0,2005,0,Metro City,10004
PROP_06259,2026-03-08,218155,2,1.5,1355,8130,1.5,0,1996,0,Metro City,10003
PROP_06260,2025-12-09,206042,1,2.5,1451,5804,2.0,0,1981,0,Greenwood Valley,40081
PROP_06261,2025-09-05,176915,1,1.5,863,1726,1.0,0,1964,0,Metro City,10003
PROP_06262,2025-12-28,980694,5,3.0,3429,24003,3.0,0,1999,0,Tech Park District,30046
PROP_06263,2026-03-15,782039,5,3.0,2467,14802,2.0,0,1993,0,Tech Park District,30046
PROP_06264,2026-01-10,1004302,6,2.5,2782,11128,3.0,0,1950,0,Greenwood Valley,40081
PROP_06265,2025-12-20,541938,2,2.0,2203,4406,2.0,0,1995,0,Metro City,10001
PROP_06266,2025-10-06,280560,1,2.5,1336,5344,1.5,0,2002,0,Greenwood Valley,40081
PROP_06267,2025-08-23,526470,4,2.5,1932,5796,1.0,0,2007,2019,Greenwood Valley,40082
PROP_06268,2026-04-27,344800,4,1.5,1724,5172,1.0,0,1958,0,Greenwood Valley,40081
PROP_06269,2025-12-17,1771660,6,2.5,3744,11232,2.5,1,1968,0,Tech Park District,30046
PROP_06270,2025-12-11,1026432,5,2.5,3168,9504,2.5,0,1967,0,Coastal Suburbs,20013
PROP_06271,2025-09-21,188870,4,1.5,1111,4444,1.0,0,1987,0,Coastal Suburbs,20011
PROP_06272,2025-10-13,185120,4,1.0,1157,3471,2.0,0,1993,0,Coastal Suburbs,20013
PROP_06273,2025-07-11,1205886,5,3.0,3322,13288,2.5,0,1985,0,Metro City,10001
PROP_06274,2026-01-03,281970,3,1.0,1205,6025,1.5,0,1957,0,Tech Park District,30046
PROP_06275,2026-04-17,271032,4,1.5,1473,4419,2.0,0,1989,0,Tech Park District,30045
PROP_06276,2025-10-01,667920,4,3.0,2760,13800,2.0,0,1973,0,Metro City,10002
PROP_06277,2026-02-20,396144,1,1.0,1834,9170,2.0,0,1971,0,Coastal Suburbs,20011
PROP_06278,2026-04-10,2836875,6,4.5,6375,82875,3.0,0,1958,0,Tech Park District,30046
PROP_06279,2026-05-22,154870,1,2.0,911,2733,1.0,0,1951,0,Tech Park District,30046
PROP_06280,2026-05-17,271775,2,2.0,1553,4659,1.5,0,1994,2023,Metro City,10002
PROP_06281,2025-10-18,1299582,4,3.5,4247,25482,2.0,0,1950,0,Coastal Suburbs,20012
PROP_06282,2025-10-24,1121445,4,4.0,3195,15975,3.0,0,1953,0,Coastal Suburbs,20011
PROP_06283,2026-04-29,344085,1,2.5,2373,9492,1.0,0,1952,0,Greenwood Valley,40081
PROP_06284,2026-02-28,702000,5,3.0,2925,20475,2.5,0,1963,0,Tech Park District,30045
PROP_06285,2025-10-16,175812,4,1.0,1196,3588,1.5,0,1970,0,Greenwood Valley,40082
PROP_06286,2025-12-29,813576,5,3.0,3732,14928,2.5,0,1976,0,Greenwood Valley,40082
PROP_06287,2025-09-05,288527,4,2.5,1762,8810,1.0,0,1981,2018,Metro City,10003
PROP_06288,2025-07-06,477755,2,2.0,1786,5358,1.0,0,2005,2018,Metro City,10004
PROP_06289,2025-09-02,797014,6,2.5,3869,27083,3.0,0,1961,0,Tech Park District,30045
PROP_06290,2025-08-09,1823510,5,4.0,4316,21580,3.0,0,1973,2019,Metro City,10002
PROP_06291,2025-10-27,158592,4,1.5,944,3776,2.0,0,2001,0,Coastal Suburbs,20012
PROP_06292,2025-07-27,672992,3,2.5,2234,6702,2.0,0,1987,2019,Tech Park District,30046
PROP_06293,2026-04-23,941482,6,3.0,3178,15890,2.0,0,1977,2025,Coastal Suburbs,20013
PROP_06294,2026-01-20,212580,4,2.5,1181,2362,1.0,0,2012,0,Metro City,10001
PROP_06295,2026-04-13,207691,4,1.5,869,4345,1.5,0,1971,0,Greenwood Valley,40082
PROP_06296,2026-01-18,311309,1,1.5,1613,9678,2.0,0,1952,0,Tech Park District,30045
PROP_06297,2025-10-18,831040,4,2.5,3136,9408,3.0,0,1987,0,Metro City,10002
PROP_06298,2026-05-25,313389,4,1.5,1971,11826,1.5,0,2012,0,Coastal Suburbs,20011
PROP_06299,2026-04-15,166010,2,1.0,1277,3831,2.0,0,2002,0,Metro City,10002
PROP_06300,2026-02-07,3427493,8,4.5,5839,64229,2.5,0,1965,0,Tech Park District,30045
PROP_06301,2025-09-05,541665,3,1.5,2303,4606,2.0,1,1974,0,Metro City,10002
PROP_06302,2025-11-12,413662,3,1.0,1933,5799,1.5,0,1999,0,Coastal Suburbs,20012
PROP_06303,2025-06-10,232622,3,2.0,1538,7690,2.0,0,1977,2022,Tech Park District,30046
PROP_06304,2025-08-17,430276,1,2.0,1778,7112,1.0,0,1997,0,Tech Park District,30046
PROP_06305,2025-06-26,334162,2,1.5,1995,11970,2.0,0,1985,2018,Coastal Suburbs,20011
PROP_06306,2026-03-01,182004,1,1.5,1046,5230,2.0,0,2010,0,Metro City,10004
PROP_06307,2025-06-12,850080,6,3.5,3220,12880,2.5,0,1963,0,Tech Park District,30045
PROP_06308,2025-09-04,435213,4,1.5,1791,8955,2.0,0,1964,0,Greenwood Valley,40082
PROP_06309,2025-07-23,299094,4,2.0,1262,6310,1.5,0,2010,0,Tech Park District,30045
PROP_06310,2025-10-23,409698,1,1.0,1686,6744,2.0,0,2006,0,Tech Park District,30045
PROP_06311,2025-10-16,358022,4,2.5,1498,4494,1.0,0,2011,0,Greenwood Valley,40082
PROP_06312,2025-08-04,145676,3,2.0,922,2766,1.0,0,2005,0,Greenwood Valley,40082
PROP_06313,2026-01-11,262591,4,2.5,1631,9786,2.0,0,1989,0,Greenwood Valley,40082
PROP_06314,2025-06-05,220206,3,1.0,1029,5145,1.5,0,2015,0,Tech Park District,30046
PROP_06315,2025-09-28,4121565,9,4.5,6927,69270,4.0,0,1967,0,Coastal Suburbs,20011
PROP_06316,2025-07-17,358215,2,1.0,1837,7348,1.5,0,1978,0,Tech Park District,30046
PROP_06317,2025-08-17,587640,4,2.0,2360,11800,2.0,0,2010,0,Tech Park District,30046
PROP_06318,2025-06-08,357414,3,1.0,1678,10068,1.5,0,2006,0,Greenwood Valley,40081
PROP_06319,2026-02-08,721006,6,3.5,2521,15126,2.0,0,1961,0,Greenwood Valley,40081
PROP_06320,2025-09-20,310116,3,2.5,1803,10818,2.0,0,2005,0,Greenwood Valley,40081
PROP_06321,2025-11-23,136752,4,1.5,924,1848,1.0,0,1980,0,Greenwood Valley,40082
PROP_06322,2026-01-02,332810,1,2.0,1447,2894,1.0,0,1967,0,Coastal Suburbs,20011
PROP_06323,2025-11-07,249402,1,1.0,1266,6330,1.0,0,2008,0,Tech Park District,30046
PROP_06324,2026-02-11,250125,3,2.5,2001,10005,2.0,0,1990,0,Coastal Suburbs,20012
PROP_06325,2025-12-08,1508342,4,2.5,4033,24198,3.0,0,2014,0,Metro City,10002
PROP_06326,2026-01-24,992000,5,3.5,3968,19840,2.0,0,1964,2023,Coastal Suburbs,20013
PROP_06327,2026-05-23,376652,1,1.0,1972,3944,2.0,0,2008,0,Tech Park District,30046
PROP_06328,2025-06-17,499337,3,2.0,1858,11148,2.0,0,2014,2024,Tech Park District,30045
PROP_06329,2025-11-17,1419306,4,3.0,4314,17256,2.5,0,1965,0,Metro City,10002
PROP_06330,2025-07-12,398328,3,1.0,2371,11855,1.5,0,1963,0,Tech Park District,30045
PROP_06331,2025-08-14,323422,2,2.5,1342,4026,2.0,0,2009,0,Tech Park District,30045
PROP_06332,2025-06-29,455598,2,2.5,1947,5841,2.0,0,1957,0,Metro City,10002
PROP_06333,2025-10-15,172788,3,2.5,1122,2244,1.5,0,1961,0,Greenwood Valley,40081
PROP_06334,2025-12-18,457249,4,1.5,2069,6207,1.5,0,1982,0,Greenwood Valley,40082
PROP_06335,2025-07-07,248292,3,1.0,2052,12312,2.0,0,1982,0,Coastal Suburbs,20011
PROP_06336,2026-03-06,231420,3,1.0,1015,6090,1.5,0,1982,0,Greenwood Valley,40082
PROP_06337,2026-01-27,806478,5,3.0,2901,20307,2.5,0,2000,0,Metro City,10004
PROP_06338,2025-09-01,644670,4,2.0,2204,13224,2.0,0,2003,2024,Metro City,10001
PROP_06339,2025-09-07,350300,3,2.5,2260,13560,1.0,0,1984,0,Metro City,10002
PROP_06340,2025-10-07,367782,1,2.5,2246,4492,2.0,0,1977,2021,Greenwood Valley,40082
PROP_06341,2025-12-13,440058,1,1.0,2066,10330,1.5,0,1966,0,Metro City,10003
PROP_06342,2025-06-07,285167,1,1.0,1433,5732,1.0,0,1990,0,Coastal Suburbs,20012
PROP_06343,2025-08-02,212695,2,2.0,826,1652,1.0,0,2005,2020,Tech Park District,30046
PROP_06344,2025-10-06,350082,1,2.0,2161,6483,1.0,0,1988,0,Greenwood Valley,40082
PROP_06345,2025-12-15,427000,4,1.5,2135,12810,2.0,0,1992,0,Tech Park District,30045
PROP_06346,2026-01-13,1484180,5,2.5,3941,27587,3.0,1,1956,0,Metro City,10001
PROP_06347,2025-10-05,440030,3,2.5,2228,4456,2.0,0,1954,2017,Metro City,10004
PROP_06348,2025-06-18,933970,6,3.0,3166,25328,2.0,0,2000,0,Metro City,10001
PROP_06349,2025-09-10,298635,4,1.0,2315,13890,1.5,0,1988,0,Metro City,10002
PROP_06350,2026-01-22,284310,3,2.5,936,2808,1.0,0,1994,2021,Coastal Suburbs,20011
PROP_06351,2025-07-19,299730,4,1.5,1545,9270,2.0,0,1984,0,Tech Park District,30046
PROP_06352,2026-02-22,1483776,6,2.5,2944,8832,3.0,1,1996,0,Tech Park District,30045
PROP_06353,2026-05-07,105360,1,2.5,878,1756,2.0,0,1997,0,Tech Park District,30045
PROP_06354,2025-09-15,236562,2,2.0,1329,2658,1.5,0,1999,0,Tech Park District,30046
PROP_06355,2026-01-29,5593728,6,5.0,6243,31215,2.5,1,1973,0,Coastal Suburbs,20013
PROP_06356,2025-12-17,165236,2,2.0,818,2454,2.0,0,2004,0,Metro City,10004
PROP_06357,2026-05-15,125492,1,1.0,916,4580,1.0,0,2004,0,Greenwood Valley,40082
PROP_06358,2025-11-07,694806,6,3.0,2982,11928,3.0,0,1995,0,Greenwood Valley,40082
PROP_06359,2025-11-13,339680,1,1.0,1760,3520,1.5,0,1955,0,Coastal Suburbs,20013
PROP_06360,2025-08-21,200376,1,1.5,1089,5445,1.0,0,1983,0,Metro City,10004
PROP_06361,2026-04-19,1471946,5,4.0,4474,31318,3.0,0,1971,0,Greenwood Valley,40082
PROP_06362,2025-06-22,471967,4,1.5,1376,6880,1.0,1,2004,0,Coastal Suburbs,20012
PROP_06363,2026-03-09,589024,5,3.5,2528,15168,2.5,0,1979,0,Greenwood Valley,40081
PROP_06364,2026-02-22,908352,4,3.0,2736,19152,3.0,0,2003,0,Coastal Suburbs,20012
PROP_06365,2025-08-02,1545721,4,3.0,4429,22145,3.0,0,1972,0,Greenwood Valley,40082
PROP_06366,2025-10-08,958720,4,2.5,4280,29960,3.0,0,1967,0,Coastal Suburbs,20011
PROP_06367,2026-02-02,298312,2,1.5,1522,3044,1.5,0,1998,0,Greenwood Valley,40082
PROP_06368,2026-04-23,423217,4,1.0,2319,13914,1.5,0,1988,2019,Greenwood Valley,40082
PROP_06369,2025-10-31,257609,4,1.0,2129,10645,1.0,0,1990,0,Tech Park District,30045
PROP_06370,2025-09-10,272808,2,1.0,1263,3789,2.0,0,1962,0,Tech Park District,30046
PROP_06371,2025-12-02,270270,4,2.0,1890,9450,1.5,0,1993,0,Coastal Suburbs,20012
PROP_06372,2025-06-27,699192,6,2.5,3237,12948,2.5,0,1998,0,Tech Park District,30046
PROP_06373,2026-05-08,389067,4,1.0,2037,8148,1.0,0,1967,0,Greenwood Valley,40081
PROP_06374,2025-09-20,128310,3,2.0,910,3640,1.5,0,1981,0,Tech Park District,30045
PROP_06375,2025-07-28,491343,3,2.0,1747,3494,1.5,0,1960,2025,Coastal Suburbs,20012
PROP_06376,2025-09-29,336150,4,1.0,1620,3240,1.5,0,2012,2021,Coastal Suburbs,20012
PROP_06377,2026-04-21,170544,3,2.5,1292,2584,1.5,0,2002,0,Greenwood Valley,40081
PROP_06378,2026-01-09,251931,2,1.0,1063,6378,2.0,0,1982,0,Greenwood Valley,40081
PROP_06379,2025-11-14,245717,4,1.0,1073,3219,1.5,0,1964,0,Greenwood Valley,40081
PROP_06380,2025-06-08,413920,2,1.0,1990,3980,1.5,0,1968,0,Coastal Suburbs,20012
PROP_06381,2025-08-25,283630,3,2.5,1255,5020,2.0,0,1995,0,Coastal Suburbs,20011
PROP_06382,2025-10-20,1186940,6,2.5,3491,27928,3.0,0,1966,0,Greenwood Valley,40081
PROP_06383,2026-03-27,504487,1,1.5,2203,11015,1.0,0,1975,0,Metro City,10002
PROP_06384,2025-08-01,332498,3,2.5,2003,10015,1.5,0,1954,0,Greenwood Valley,40082
PROP_06385,2025-12-20,427836,3,1.0,2118,8472,1.5,0,1998,0,Tech Park District,30045
PROP_06386,2025-10-03,1061277,6,3.5,3647,25529,3.0,0,1988,0,Metro City,10004
PROP_06387,2025-06-05,265584,4,1.0,1509,4527,1.5,0,1985,0,Tech Park District,30046
PROP_06388,2025-06-22,179955,2,1.5,1333,5332,2.0,0,1951,0,Tech Park District,30045
PROP_06389,2026-03-25,767250,5,3.0,3069,9207,3.0,0,1970,0,Metro City,10003
PROP_06390,2026-05-20,271887,4,2.0,2247,8988,1.0,0,1965,0,Metro City,10004
PROP_06391,2026-01-30,495575,1,1.5,2305,9220,1.5,0,2008,0,Greenwood Valley,40082
PROP_06392,2026-05-19,948904,5,4.0,3608,21648,2.5,0,1967,0,Metro City,10003
PROP_06393,2026-04-02,714771,6,4.0,3453,13812,2.5,0,1959,0,Greenwood Valley,40082
PROP_06394,2025-08-19,1288936,6,3.5,4268,29876,3.0,0,2005,0,Greenwood Valley,40081
PROP_06395,2025-12-08,198085,3,1.5,865,2595,1.5,0,2007,0,Tech Park District,30045
PROP_06396,2025-07-16,1430800,4,2.5,3920,15680,2.5,0,2005,0,Tech Park District,30045
PROP_06397,2025-10-06,355143,2,2.5,1833,9165,1.5,0,2015,2024,Greenwood Valley,40081
PROP_06398,2025-08-20,207336,2,2.0,1272,3816,1.5,0,2005,0,Tech Park District,30046
PROP_06399,2026-02-11,234158,4,2.5,1207,4828,2.0,0,2002,0,Greenwood Valley,40082
PROP_06400,2025-07-17,434527,3,1.5,1518,7590,1.5,0,1969,2022,Tech Park District,30045
PROP_06401,2026-05-18,477493,2,2.0,2263,13578,2.0,0,1969,0,Greenwood Valley,40082
PROP_06402,2026-04-13,6958347,9,7.5,6884,75724,3.0,1,2013,0,Metro City,10001
PROP_06403,2025-11-21,325190,2,1.0,2098,10490,2.0,0,1993,0,Metro City,10003
PROP_06404,2026-04-17,241552,4,2.5,1948,3896,1.0,0,1971,0,Greenwood Valley,40082
PROP_06405,2025-07-01,195408,4,2.0,944,2832,1.5,0,2010,0,Metro City,10002
PROP_06406,2025-07-01,918984,4,3.5,2596,10384,3.0,0,1957,0,Coastal Suburbs,20012
PROP_06407,2025-11-30,546812,4,2.5,2317,13902,1.5,0,2009,0,Coastal Suburbs,20012
PROP_06408,2026-04-27,780495,4,3.5,2559,10236,2.0,0,2011,2022,Coastal Suburbs,20013
PROP_06409,2025-08-18,541212,1,2.5,2274,11370,2.0,0,1960,0,Coastal Suburbs,20011
PROP_06410,2026-05-26,792048,5,4.0,3414,23898,3.0,0,1975,0,Greenwood Valley,40082
PROP_06411,2026-03-02,211920,3,1.5,1766,10596,1.5,0,1975,0,Greenwood Valley,40081
PROP_06412,2025-07-25,465786,2,2.5,2061,12366,1.0,0,2008,0,Metro City,10003
PROP_06413,2025-08-04,533278,1,1.0,1831,3662,1.0,0,1975,2021,Metro City,10002
PROP_06414,2026-02-05,163950,3,1.0,1093,5465,2.0,0,1997,2019,Coastal Suburbs,20012
PROP_06415,2025-09-28,1157507,6,4.0,4303,30121,3.0,0,1963,0,Coastal Suburbs,20012
PROP_06416,2025-11-10,396138,1,2.5,1923,7692,1.5,0,2001,0,Greenwood Valley,40082
PROP_06417,2026-03-13,543410,4,1.0,2218,11090,2.0,0,2011,0,Coastal Suburbs,20011
PROP_06418,2026-04-27,199680,4,2.0,1024,2048,2.0,0,2007,0,Coastal Suburbs,20011
PROP_06419,2025-11-25,417375,2,2.5,1855,7420,2.0,0,1981,0,Metro City,10004
PROP_06420,2026-01-11,545751,4,1.0,2089,10445,2.0,0,1958,2019,Tech Park District,30046
PROP_06421,2025-09-07,136604,4,1.5,962,3848,1.0,0,1995,0,Metro City,10002
PROP_06422,2025-06-11,1121575,5,2.5,2975,20825,2.0,0,1965,0,Metro City,10003
PROP_06423,2026-05-19,3892274,8,6.0,4852,72780,2.5,1,1959,0,Coastal Suburbs,20013
PROP_06424,2025-12-11,523458,1,1.0,2237,8948,2.0,0,1968,0,Metro City,10001
PROP_06425,2025-12-01,431935,1,2.5,1763,7052,1.0,0,1964,0,Coastal Suburbs,20012
PROP_06426,2025-08-08,464202,4,2.5,1887,11322,1.5,0,1972,0,Metro City,10002
PROP_06427,2025-10-07,493947,2,2.5,2319,11595,1.5,0,2003,0,Coastal Suburbs,20012
PROP_06428,2025-06-21,168885,4,1.5,1215,4860,2.0,0,1974,0,Greenwood Valley,40081
PROP_06429,2026-02-04,427958,4,1.0,1979,7916,1.0,0,1955,2023,Metro City,10003
PROP_06430,2026-05-28,794080,4,4.0,2836,17016,3.0,0,2012,0,Greenwood Valley,40081
PROP_06431,2026-01-11,159273,4,2.0,1041,3123,1.5,0,1974,0,Tech Park District,30045
PROP_06432,2026-03-14,255024,2,2.5,1848,5544,1.5,0,1966,0,Tech Park District,30046
PROP_06433,2025-10-29,846600,4,2.5,3320,23240,2.0,0,1978,0,Greenwood Valley,40081
PROP_06434,2026-03-05,1245280,6,4.0,3440,17200,2.5,0,2004,0,Coastal Suburbs,20013
PROP_06435,2026-05-23,408702,3,1.5,1841,5523,1.0,0,1978,0,Greenwood Valley,40082
PROP_06436,2026-02-06,437004,4,2.5,1791,3582,1.0,0,2002,0,Coastal Suburbs,20011
PROP_06437,2025-09-06,461680,2,2.5,2320,9280,2.0,0,1969,0,Tech Park District,30045
PROP_06438,2026-03-18,388974,1,2.5,1614,3228,1.5,0,1962,0,Tech Park District,30046
PROP_06439,2025-09-04,270156,2,1.5,1437,5748,2.0,0,2010,0,Coastal Suburbs,20013
PROP_06440,2026-03-06,273296,2,2.0,1102,4408,2.0,0,2015,0,Tech Park District,30046
PROP_06441,2025-11-26,698016,6,3.5,2644,10576,2.0,0,1952,0,Coastal Suburbs,20011
PROP_06442,2025-11-13,193980,4,1.5,976,2928,1.0,0,1992,2022,Tech Park District,30045
PROP_06443,2026-01-26,443706,3,1.5,1651,6604,2.0,0,1994,2016,Metro City,10004
PROP_06444,2025-10-19,369325,3,1.5,1975,11850,2.0,0,1993,0,Metro City,10004
PROP_06445,2026-04-03,3026970,9,6.0,4995,44955,4.0,0,1986,0,Greenwood Valley,40081
PROP_06446,2026-03-11,126618,2,1.0,898,2694,2.0,0,1953,0,Metro City,10001
PROP_06447,2025-08-22,1040644,5,2.5,2948,8844,2.5,0,1975,0,Greenwood Valley,40081
PROP_06448,2025-07-06,245322,3,1.5,1947,7788,1.5,0,1966,0,Coastal Suburbs,20011
PROP_06449,2026-02-27,268418,2,1.5,1303,7818,2.0,0,1990,0,Metro City,10002
PROP_06450,2025-08-19,481530,4,1.5,2293,4586,1.0,0,2000,0,Greenwood Valley,40082
PROP_06451,2026-01-17,221040,4,1.5,1535,4605,2.0,0,1993,0,Metro City,10001
PROP_06452,2025-10-30,211408,2,1.5,1448,7240,1.0,0,2003,0,Greenwood Valley,40082
PROP_06453,2025-10-13,520416,1,2.5,2224,8896,1.0,0,1954,0,Coastal Suburbs,20013
PROP_06454,2026-03-05,261944,1,1.0,1096,6576,1.5,0,2003,0,Coastal Suburbs,20013
PROP_06455,2025-12-05,280395,4,2.5,1809,3618,2.0,0,1988,0,Tech Park District,30046
PROP_06456,2026-01-19,372723,2,1.5,1509,9054,2.0,0,2001,0,Coastal Suburbs,20011
PROP_06457,2025-06-01,371059,4,1.0,1679,6716,1.0,0,1963,0,Coastal Suburbs,20013
PROP_06458,2026-04-23,1007658,4,4.0,3026,21182,2.0,0,1956,0,Metro City,10001
PROP_06459,2026-02-15,263112,4,2.0,1731,6924,1.5,0,1987,0,Coastal Suburbs,20013
PROP_06460,2025-12-12,246782,2,1.5,1514,3028,1.0,0,2010,0,Coastal Suburbs,20013
PROP_06461,2025-09-03,328944,3,1.5,1869,7476,2.0,0,1987,0,Coastal Suburbs,20012
PROP_06462,2025-06-10,874361,4,2.5,2707,8121,3.0,0,1954,0,Coastal Suburbs,20013
PROP_06463,2026-04-14,2435501,6,3.0,3965,15860,3.0,1,1952,2017,Metro City,10004
PROP_06464,2025-12-04,430066,2,1.5,1807,10842,1.5,0,1964,0,Metro City,10004
PROP_06465,2026-04-14,110236,3,1.5,868,2604,1.0,0,2005,0,Metro City,10001
PROP_06466,2025-10-01,296694,2,2.0,1866,11196,1.5,0,1998,0,Coastal Suburbs,20013
PROP_06467,2025-11-12,325692,4,2.5,1308,2616,1.5,0,1978,0,Greenwood Valley,40082
PROP_06468,2025-07-03,410090,2,1.0,1783,8915,1.5,0,1987,0,Coastal Suburbs,20013
PROP_06469,2026-05-04,398889,3,2.5,1927,3854,1.5,0,1993,0,Coastal Suburbs,20011
PROP_06470,2026-03-03,209209,1,2.5,1573,9438,2.0,0,1999,0,Tech Park District,30046
PROP_06471,2025-12-16,217533,4,2.5,1229,7374,1.5,0,1974,0,Tech Park District,30045
PROP_06472,2025-09-06,867114,4,2.5,4314,30198,2.5,0,1985,0,Tech Park District,30045
PROP_06473,2026-02-24,244543,1,1.5,1447,7235,2.0,0,1953,0,Tech Park District,30046
PROP_06474,2026-05-16,522860,1,2.5,2011,8044,1.5,0,1964,2022,Tech Park District,30046
PROP_06475,2026-02-10,270174,1,1.5,1217,6085,1.5,0,1963,0,Greenwood Valley,40082
PROP_06476,2026-03-10,242282,3,2.5,1058,4232,2.0,0,2013,0,Metro City,10003
PROP_06477,2025-08-18,487044,3,1.5,1956,9780,1.0,0,1975,0,Greenwood Valley,40082
PROP_06478,2026-04-10,603200,4,2.5,2900,14500,3.0,0,2004,0,Metro City,10002
PROP_06479,2025-10-23,269775,3,1.0,1635,3270,2.0,0,1989,0,Greenwood Valley,40082
PROP_06480,2025-11-13,419827,4,1.5,2382,4764,2.0,0,2007,2018,Coastal Suburbs,20013
PROP_06481,2025-12-27,484016,2,1.0,2327,13962,1.5,0,1978,0,Coastal Suburbs,20013
PROP_06482,2026-04-25,308022,3,2.0,2154,4308,1.0,0,1959,0,Greenwood Valley,40082
PROP_06483,2025-11-12,336810,4,2.5,1635,6540,2.0,0,1975,0,Greenwood Valley,40081
PROP_06484,2025-07-27,1391652,5,3.5,3741,11223,2.0,0,1995,0,Greenwood Valley,40082
PROP_06485,2025-07-20,225913,3,2.0,1649,4947,1.0,0,2008,0,Tech Park District,30046
PROP_06486,2026-02-23,266112,4,2.0,1188,4752,2.0,0,1959,0,Tech Park District,30045
PROP_06487,2026-05-04,5428987,7,7.5,8286,58002,2.5,1,1982,0,Coastal Suburbs,20013
PROP_06488,2025-07-05,416295,4,1.5,1682,3364,1.5,0,1977,2020,Tech Park District,30046
PROP_06489,2025-06-23,212692,4,1.5,1242,2484,2.0,0,1967,2022,Metro City,10004
PROP_06490,2025-08-06,2283840,8,6.0,4880,58560,4.0,0,1981,0,Tech Park District,30046
PROP_06491,2025-08-31,355229,2,2.0,1637,6548,2.0,0,1975,0,Coastal Suburbs,20013
PROP_06492,2025-06-17,510862,3,1.5,2111,8444,2.0,0,1981,0,Greenwood Valley,40081
PROP_06493,2025-09-12,437308,1,2.0,2006,12036,1.5,0,1970,0,Metro City,10001
PROP_06494,2025-07-25,325696,4,1.5,1454,8724,1.0,0,1979,0,Greenwood Valley,40081
PROP_06495,2026-02-04,260224,1,2.0,1216,3648,1.5,0,1977,0,Tech Park District,30045
PROP_06496,2025-09-07,526210,1,2.0,2084,4168,1.0,0,1986,2016,Greenwood Valley,40081
PROP_06497,2025-07-21,324324,2,1.0,2002,6006,1.5,0,2014,0,Coastal Suburbs,20012
PROP_06498,2025-06-17,338793,3,2.0,1533,9198,2.0,0,2011,0,Metro City,10004
PROP_06499,2026-03-20,329491,2,1.0,1973,9865,1.0,0,1953,0,Coastal Suburbs,20013
PROP_06500,2026-04-25,233946,4,1.0,1902,5706,1.0,0,1988,0,Metro City,10002
PROP_06501,2025-12-16,132132,4,2.0,858,3432,1.5,0,1966,0,Greenwood Valley,40082
PROP_06502,2026-05-03,279151,4,2.5,1219,7314,2.0,0,1989,0,Metro City,10003
PROP_06503,2026-02-06,1796586,4,3.5,4061,32488,2.0,1,2009,0,Greenwood Valley,40082
PROP_06504,2026-02-25,435625,1,1.0,2050,12300,2.0,0,2008,2019,Greenwood Valley,40081
PROP_06505,2026-04-16,267246,4,2.5,1414,2828,1.0,0,1995,0,Tech Park District,30045
PROP_06506,2026-05-26,312686,3,1.5,1342,4026,2.0,0,1980,0,Tech Park District,30046
PROP_06507,2026-03-30,297614,2,2.5,2221,8884,2.0,0,2005,0,Metro City,10004
PROP_06508,2025-10-10,866500,5,4.0,3466,17330,2.5,0,2010,2025,Coastal Suburbs,20012
PROP_06509,2025-06-26,1055060,5,3.5,3715,11145,2.0,0,1982,0,Coastal Suburbs,20011
PROP_06510,2025-12-05,718884,4,4.0,3153,25224,3.0,0,1989,0,Tech Park District,30046
PROP_06511,2025-09-22,209525,2,2.0,1156,6936,1.0,0,1955,2024,Coastal Suburbs,20011
PROP_06512,2026-04-07,797895,5,3.5,3129,18774,2.5,0,2015,0,Tech Park District,30046
PROP_06513,2025-07-07,548700,2,1.0,1860,11160,2.0,0,1969,2017,Greenwood Valley,40082
PROP_06514,2025-06-07,223378,1,2.0,1667,5001,1.5,0,1951,0,Tech Park District,30045
PROP_06515,2025-09-15,302159,2,1.5,2113,12678,1.0,0,1959,0,Greenwood Valley,40081
PROP_06516,2026-05-02,167310,1,1.0,990,5940,1.0,0,2000,0,Coastal Suburbs,20012
PROP_06517,2026-02-07,526851,4,2.5,2133,8532,2.0,0,1993,0,Coastal Suburbs,20011
PROP_06518,2025-07-11,579937,1,2.0,2062,4124,1.0,0,1980,2018,Tech Park District,30045
PROP_06519,2026-01-26,570636,4,1.0,2358,7074,1.0,0,2013,0,Coastal Suburbs,20012
PROP_06520,2026-04-24,1269840,5,3.5,3848,15392,3.0,0,1999,2025,Tech Park District,30046
PROP_06521,2025-07-02,408804,3,2.0,1956,5868,1.5,0,1965,0,Tech Park District,30045
PROP_06522,2025-12-02,277894,2,1.5,1957,9785,1.0,0,1988,0,Coastal Suburbs,20013
PROP_06523,2026-03-13,254370,1,1.0,1390,6950,2.0,0,1991,0,Coastal Suburbs,20013
PROP_06524,2025-12-30,505440,4,2.5,2080,8320,1.5,0,1964,0,Metro City,10004
PROP_06525,2025-12-06,388152,1,1.0,2396,7188,1.0,0,1979,0,Greenwood Valley,40081
PROP_06526,2026-05-29,421631,3,2.5,1943,5829,1.0,0,1986,0,Greenwood Valley,40082
PROP_06527,2025-06-30,367500,1,1.0,1200,3600,1.0,0,1976,2017,Greenwood Valley,40082
PROP_06528,2026-04-12,308400,1,2.5,1028,3084,1.5,0,2013,2019,Tech Park District,30045
PROP_06529,2025-10-15,291710,4,1.0,1882,5646,2.0,0,1964,0,Metro City,10001
PROP_06530,2026-02-26,458376,4,2.0,2152,10760,1.5,0,1972,0,Coastal Suburbs,20012
PROP_06531,2025-06-21,351120,2,1.5,2090,4180,1.0,0,1950,0,Coastal Suburbs,20012
PROP_06532,2025-07-07,350784,1,1.0,1624,3248,2.0,0,1966,0,Tech Park District,30045
PROP_06533,2025-11-03,115782,3,1.5,839,2517,1.5,0,2015,0,Metro City,10004
PROP_06534,2025-07-10,348080,3,2.0,1216,2432,1.5,0,1966,2017,Coastal Suburbs,20012
PROP_06535,2025-09-19,162558,1,1.5,821,1642,1.0,0,1989,0,Tech Park District,30046
PROP_06536,2026-02-21,157080,2,2.5,935,5610,2.0,0,1958,0,Metro City,10003
PROP_06537,2025-07-20,607760,2,2.5,2272,6816,1.5,0,1962,2025,Coastal Suburbs,20012
PROP_06538,2025-07-22,458395,1,2.0,1871,7484,1.0,0,1983,0,Metro City,10002
PROP_06539,2025-09-27,270984,2,2.5,1613,6452,1.0,0,2002,0,Tech Park District,30045
PROP_06540,2026-02-28,118860,4,1.5,849,1698,2.0,0,1967,0,Metro City,10001
PROP_06541,2025-12-15,199808,2,1.0,893,3572,1.5,0,1977,2016,Coastal Suburbs,20012
PROP_06542,2025-09-06,497510,3,2.5,2314,11570,1.0,0,1975,0,Greenwood Valley,40082
PROP_06543,2025-09-07,197470,3,1.0,1085,5425,1.5,0,1985,0,Tech Park District,30045
PROP_06544,2026-02-25,582960,6,3.5,2429,12145,2.5,0,2011,0,Tech Park District,30046
PROP_06545,2026-05-03,268872,1,2.5,1977,11862,1.0,0,2002,0,Metro City,10002
PROP_06546,2025-10-06,388767,3,2.5,2321,9284,2.0,0,1953,2018,Greenwood Valley,40081
PROP_06547,2026-03-19,339535,1,2.0,1246,3738,1.0,0,1975,2016,Tech Park District,30045
PROP_06548,2026-04-17,370440,2,2.0,1512,3024,1.5,0,1985,2021,Tech Park District,30045
PROP_06549,2025-08-31,1143445,6,2.5,3749,14996,2.0,0,1951,0,Coastal Suburbs,20013
PROP_06550,2026-03-13,345100,2,1.5,1700,6800,1.0,0,2011,0,Metro City,10003
PROP_06551,2026-03-13,269750,3,1.5,1625,4875,1.0,0,1991,0,Greenwood Valley,40082
PROP_06552,2025-12-30,260626,3,2.5,1726,8630,2.0,0,2013,0,Coastal Suburbs,20011
PROP_06553,2025-07-25,539460,4,2.0,1776,3552,1.0,0,1976,2023,Coastal Suburbs,20013
PROP_06554,2026-04-23,287356,2,2.5,1444,8664,1.5,0,1979,0,Greenwood Valley,40082
PROP_06555,2026-03-23,130424,1,1.0,952,3808,1.0,0,1979,0,Coastal Suburbs,20011
PROP_06556,2025-12-01,839500,5,2.5,3358,26864,2.5,0,1965,0,Greenwood Valley,40081
PROP_06557,2026-05-12,483714,4,1.5,2094,12564,1.5,0,2004,0,Metro City,10002
PROP_06558,2026-01-21,315952,1,1.0,1736,6944,1.5,0,1966,0,Greenwood Valley,40082
PROP_06559,2026-05-26,1202248,4,3.0,4486,17944,2.0,0,1981,0,Metro City,10004
PROP_06560,2026-05-07,217360,1,1.0,832,2496,1.0,0,1957,2021,Tech Park District,30045
PROP_06561,2026-01-05,290850,1,2.0,1385,6925,2.0,0,1992,0,Coastal Suburbs,20013
PROP_06562,2025-07-24,365390,3,2.0,2396,7188,1.0,0,1990,2021,Greenwood Valley,40082
PROP_06563,2025-08-25,396325,2,2.0,1910,9550,1.0,0,1992,2016,Tech Park District,30046
PROP_06564,2025-09-01,918335,6,2.5,2596,18172,3.0,0,1972,2023,Greenwood Valley,40081
PROP_06565,2026-03-09,254030,1,1.5,1337,4011,1.5,0,1960,0,Greenwood Valley,40081
PROP_06566,2025-12-23,679246,4,3.5,2479,12395,3.0,0,1994,0,Tech Park District,30045
PROP_06567,2026-02-14,409885,3,1.5,1372,8232,2.0,0,1978,2023,Greenwood Valley,40081
PROP_06568,2025-11-20,945770,5,4.0,3206,9618,2.5,0,1996,0,Coastal Suburbs,20012
PROP_06569,2026-05-03,411930,1,1.0,1592,4776,2.0,0,2010,2023,Greenwood Valley,40081
PROP_06570,2025-08-20,407797,3,2.5,1651,4953,1.0,0,2014,0,Greenwood Valley,40081
PROP_06571,2026-03-01,359286,3,2.0,1542,4626,2.0,0,1971,0,Tech Park District,30045
PROP_06572,2026-04-04,1179072,6,3.0,4094,32752,3.0,0,1969,0,Coastal Suburbs,20011
PROP_06573,2026-01-13,373200,4,1.0,1866,11196,1.0,0,1971,0,Greenwood Valley,40081
PROP_06574,2025-11-28,305067,2,2.0,1533,9198,1.0,0,1974,0,Greenwood Valley,40081
PROP_06575,2025-11-09,1155294,6,4.0,3339,23373,3.0,0,1962,0,Greenwood Valley,40082
PROP_06576,2026-03-09,253110,1,1.0,1947,3894,1.0,0,1996,0,Coastal Suburbs,20013
PROP_06577,2025-11-14,344160,4,1.5,2151,8604,1.0,0,1982,2024,Metro City,10004
PROP_06578,2025-12-08,861672,5,4.0,3122,9366,2.5,0,2011,0,Metro City,10002
PROP_06579,2025-12-29,319464,3,1.5,1972,3944,1.0,0,1979,0,Coastal Suburbs,20012
PROP_06580,2026-04-21,169728,2,2.5,816,3264,2.0,0,1975,0,Greenwood Valley,40082
PROP_06581,2026-01-07,282210,4,1.0,2045,10225,2.0,0,2001,0,Greenwood Valley,40082
PROP_06582,2025-11-13,899904,5,2.5,2752,19264,2.5,0,2000,0,Greenwood Valley,40082
PROP_06583,2026-04-08,346127,3,2.5,2323,13938,1.0,0,2011,0,Greenwood Valley,40082
PROP_06584,2025-10-02,280104,4,2.5,2122,6366,1.0,0,1964,0,Metro City,10002
PROP_06585,2026-03-16,222430,1,2.0,1534,4602,1.0,0,1975,0,Tech Park District,30046
PROP_06586,2026-03-07,321048,4,2.0,1638,8190,1.5,0,1968,0,Coastal Suburbs,20013
PROP_06587,2025-09-18,171908,3,2.0,923,4615,1.0,0,2015,2022,Greenwood Valley,40082
PROP_06588,2025-12-10,483205,2,1.0,2005,4010,2.0,0,1986,0,Tech Park District,30045
PROP_06589,2026-03-09,222680,1,1.5,1465,4395,2.0,0,1987,0,Tech Park District,30045
PROP_06590,2025-10-09,350595,1,1.5,1484,4452,1.5,0,2006,2016,Tech Park District,30045
PROP_06591,2025-12-02,240503,4,1.0,1063,4252,1.0,0,2004,2025,Coastal Suburbs,20011
PROP_06592,2026-01-18,474100,1,1.5,2155,6465,1.0,0,1996,0,Greenwood Valley,40082
PROP_06593,2026-01-16,337899,4,2.0,2073,4146,1.5,0,1995,0,Coastal Suburbs,20013
PROP_06594,2025-12-21,452250,1,1.0,2010,8040,1.0,0,1963,0,Tech Park District,30046
PROP_06595,2025-06-01,320720,2,2.0,1520,9120,1.0,0,1981,0,Greenwood Valley,40082
PROP_06596,2025-06-18,180950,2,1.5,1034,2068,1.5,0,1968,0,Tech Park District,30046
PROP_06597,2025-10-24,432886,2,2.0,2143,8572,1.0,0,1962,0,Metro City,10004
PROP_06598,2026-04-02,376380,3,2.0,2214,8856,2.0,0,2005,0,Tech Park District,30045
PROP_06599,2025-06-09,358533,1,1.5,1897,3794,1.0,0,1957,0,Greenwood Valley,40082
PROP_06600,2026-02-21,325215,1,2.0,1971,3942,1.5,0,1989,0,Greenwood Valley,40082
PROP_06601,2025-08-09,1045525,4,4.0,3217,9651,2.0,0,1999,2022,Greenwood Valley,40081
PROP_06602,2025-11-02,557770,4,1.5,2312,13872,2.0,0,2005,2017,Coastal Suburbs,20013
PROP_06603,2025-06-04,440625,3,1.5,1875,9375,1.5,0,2002,0,Metro City,10004
PROP_06604,2025-11-01,169136,2,2.0,1364,6820,2.0,0,1952,0,Coastal Suburbs,20011
PROP_06605,2025-09-22,190578,2,1.5,1381,2762,1.5,0,1963,0,Coastal Suburbs,20013
PROP_06606,2025-09-18,430526,3,1.5,1699,5097,2.0,1,1991,0,Coastal Suburbs,20012
PROP_06607,2025-11-09,317112,2,1.5,2172,13032,1.0,0,1982,0,Coastal Suburbs,20011
PROP_06608,2025-06-12,388476,1,2.0,1962,11772,1.0,0,2010,0,Greenwood Valley,40082
PROP_06609,2026-05-20,200832,2,2.0,1569,6276,1.5,0,1967,0,Greenwood Valley,40081
PROP_06610,2025-10-20,1031856,5,2.5,3071,15355,3.0,0,1961,0,Metro City,10002
PROP_06611,2026-03-11,317362,3,1.0,2015,4030,1.0,0,1973,2023,Tech Park District,30045
PROP_06612,2026-02-17,526680,1,2.5,2128,10640,2.0,0,2004,2023,Coastal Suburbs,20011
PROP_06613,2026-03-12,793196,4,4.0,2747,21976,2.0,0,1985,2021,Metro City,10002
PROP_06614,2026-03-20,473027,3,1.5,2266,13596,1.5,0,1968,2017,Coastal Suburbs,20012
PROP_06615,2026-03-20,348270,1,2.5,1482,7410,2.0,0,2011,2025,Greenwood Valley,40081
PROP_06616,2025-08-19,249335,4,2.0,1061,6366,2.0,0,1956,0,Tech Park District,30045
PROP_06617,2025-07-19,381718,4,2.5,1751,10506,1.0,0,1963,0,Coastal Suburbs,20011
PROP_06618,2025-06-20,976124,4,3.0,3089,9267,2.5,0,1960,0,Tech Park District,30046
PROP_06619,2026-01-22,274688,4,2.0,1184,3552,1.0,0,2007,0,Tech Park District,30045
PROP_06620,2025-11-30,338198,3,2.0,1666,9996,2.0,0,1983,0,Tech Park District,30046
PROP_06621,2025-08-19,1175196,6,3.5,3684,11052,2.5,0,2012,0,Greenwood Valley,40081
PROP_06622,2025-08-10,299814,3,2.5,1401,8406,2.0,0,2001,0,Metro City,10003
PROP_06623,2025-10-14,181687,4,2.0,913,3652,2.0,0,1972,0,Greenwood Valley,40081
PROP_06624,2025-12-05,898623,6,4.0,2871,22968,3.0,0,1981,0,Coastal Suburbs,20012
PROP_06625,2026-03-26,157850,1,1.5,902,4510,2.0,0,2004,0,Coastal Suburbs,20011
PROP_06626,2025-10-06,531895,4,1.0,2171,6513,1.5,0,1969,0,Coastal Suburbs,20012
PROP_06627,2025-09-28,634315,5,3.0,3035,15175,2.0,0,1984,0,Metro City,10001
PROP_06628,2025-10-10,1521231,4,2.5,2725,10900,2.5,1,1969,2017,Metro City,10002
PROP_06629,2025-11-01,214452,2,2.5,1449,5796,2.0,0,1956,0,Greenwood Valley,40082
PROP_06630,2025-07-18,872640,4,3.0,3232,16160,2.0,0,1983,2022,Coastal Suburbs,20011
PROP_06631,2026-03-20,395920,4,2.0,1960,5880,1.5,0,1996,0,Greenwood Valley,40081
PROP_06632,2025-12-22,1393605,5,4.0,4185,16740,2.0,0,2005,0,Tech Park District,30046
PROP_06633,2026-03-19,370975,4,2.0,2090,6270,1.0,0,2006,2019,Tech Park District,30045
PROP_06634,2025-09-20,264252,2,2.5,1083,2166,1.0,0,1979,0,Greenwood Valley,40082
PROP_06635,2025-07-10,211750,1,1.5,1400,7000,1.5,0,2010,2023,Metro City,10001
PROP_06636,2025-11-14,761860,5,4.0,3463,17315,2.5,0,1984,0,Metro City,10002
PROP_06637,2026-02-03,945915,6,4.0,3319,9957,3.0,0,2006,0,Coastal Suburbs,20011
PROP_06638,2025-08-28,441864,4,2.5,1938,5814,1.5,0,1952,0,Coastal Suburbs,20011
PROP_06639,2026-02-05,227920,2,2.5,1295,2590,2.0,0,1954,0,Greenwood Valley,40082
PROP_06640,2026-05-20,263445,4,1.0,1351,2702,1.5,0,1971,2020,Tech Park District,30045
PROP_06641,2026-05-26,735264,5,4.0,2484,14904,2.5,0,1983,0,Metro City,10004
PROP_06642,2026-03-23,292080,1,1.0,1217,3651,1.0,0,1997,0,Greenwood Valley,40082
PROP_06643,2025-07-19,251748,4,2.5,1701,6804,2.0,0,1976,0,Greenwood Valley,40081
PROP_06644,2026-04-01,272440,3,2.0,1112,6672,1.5,1,2014,0,Metro City,10002
PROP_06645,2026-04-25,827110,4,3.0,3865,19325,2.5,0,1991,0,Greenwood Valley,40081
PROP_06646,2025-11-01,1542873,6,3.0,3729,18645,3.0,0,1959,2023,Metro City,10004
PROP_06647,2025-06-20,346020,2,2.5,2370,7110,1.5,0,1959,0,Greenwood Valley,40082
PROP_06648,2026-03-23,4732440,8,5.0,8376,117264,4.0,0,2014,0,Coastal Suburbs,20012
PROP_06649,2025-12-13,359086,1,1.0,1973,11838,2.0,0,1975,0,Metro City,10004
PROP_06650,2025-07-11,884832,5,3.0,4254,17016,2.5,0,1976,0,Greenwood Valley,40082
PROP_06651,2025-06-29,295960,3,2.5,1208,2416,1.0,0,1985,2024,Metro City,10004
PROP_06652,2025-11-19,234262,2,1.5,1154,4616,1.5,0,1965,0,Coastal Suburbs,20011
PROP_06653,2025-11-26,4241875,8,6.0,6787,95018,3.0,0,1961,0,Tech Park District,30045
PROP_06654,2026-01-09,279006,2,2.5,1911,9555,1.0,0,1979,0,Greenwood Valley,40081
PROP_06655,2025-12-31,133590,4,1.0,1095,6570,2.0,0,1985,0,Greenwood Valley,40082
PROP_06656,2025-08-01,408149,4,1.0,2051,12306,1.0,0,1988,0,Metro City,10002
PROP_06657,2025-09-25,283269,1,1.0,2009,4018,1.5,0,1978,0,Greenwood Valley,40081
PROP_06658,2026-05-01,382161,3,1.0,1599,4797,1.0,0,2000,0,Tech Park District,30045
PROP_06659,2026-04-05,193905,1,2.5,1395,6975,1.0,0,1990,0,Metro City,10001
PROP_06660,2025-06-06,1494876,6,4.0,4308,21540,2.5,0,1987,0,Tech Park District,30045
PROP_06661,2026-04-21,227136,4,1.5,1014,6084,1.0,0,1959,0,Coastal Suburbs,20013
PROP_06662,2026-04-20,237442,3,2.0,1046,3138,1.5,0,1973,0,Tech Park District,30046
PROP_06663,2025-12-13,291851,4,1.5,1687,5061,1.5,0,1992,0,Greenwood Valley,40081
PROP_06664,2025-06-28,293440,3,1.0,1792,8960,1.5,0,2002,2020,Coastal Suburbs,20012
PROP_06665,2025-11-04,236496,3,2.0,1381,8286,1.5,0,2007,2020,Tech Park District,30045
PROP_06666,2026-02-24,1480752,4,3.0,4368,17472,3.0,0,2010,0,Coastal Suburbs,20012
PROP_06667,2025-06-22,539408,3,2.0,1901,5703,1.5,0,1954,2023,Metro City,10001
PROP_06668,2025-11-11,291352,4,1.5,1844,7376,2.0,0,1950,0,Metro City,10002
PROP_06669,2026-03-04,420896,1,1.5,1879,11274,2.0,0,1996,0,Metro City,10004
PROP_06670,2026-03-17,186684,3,1.0,1324,3972,2.0,0,2015,0,Greenwood Valley,40081
PROP_06671,2025-08-16,244449,1,2.0,1413,7065,1.5,0,1956,0,Greenwood Valley,40082
PROP_06672,2025-11-15,814176,6,2.5,3168,22176,2.0,0,1955,0,Coastal Suburbs,20011
PROP_06673,2026-02-13,435987,3,2.5,2259,11295,2.0,0,1993,0,Tech Park District,30045
PROP_06674,2026-05-24,441283,2,2.5,1927,7708,2.0,0,1955,0,Metro City,10003
PROP_06675,2025-09-22,444752,1,2.5,2128,12768,2.0,0,1994,0,Tech Park District,30046
PROP_06676,2025-08-18,447558,3,1.0,2307,13842,1.0,0,1977,0,Greenwood Valley,40082
PROP_06677,2025-06-26,303956,3,1.5,1885,9425,2.0,0,1991,2023,Metro City,10002
PROP_06678,2026-05-11,264306,4,2.5,1798,10788,1.0,0,1981,0,Coastal Suburbs,20011
PROP_06679,2025-12-19,1082772,5,2.5,2482,7446,2.0,0,1999,2017,Greenwood Valley,40082
PROP_06680,2026-01-15,283360,1,2.5,1540,3080,1.5,0,1977,0,Coastal Suburbs,20013
PROP_06681,2026-04-01,183027,2,2.0,818,4090,1.5,0,1989,2018,Tech Park District,30045
PROP_06682,2026-03-22,476190,3,1.0,2035,10175,1.0,0,1963,0,Tech Park District,30046
PROP_06683,2026-02-14,242600,2,1.5,1213,2426,2.0,0,1962,2021,Coastal Suburbs,20013
PROP_06684,2025-07-17,510665,4,1.0,1874,9370,1.5,0,2012,2017,Tech Park District,30046
PROP_06685,2025-09-22,196928,3,1.5,1448,7240,2.0,0,1953,0,Metro City,10004
PROP_06686,2026-01-08,175183,1,1.0,1049,4196,1.0,0,1987,0,Coastal Suburbs,20011
PROP_06687,2025-10-27,340704,3,1.0,1638,4914,1.5,0,2011,0,Greenwood Valley,40081
PROP_06688,2025-12-19,420316,4,2.0,1781,5343,1.5,0,1990,0,Tech Park District,30045
PROP_06689,2025-08-15,314964,2,2.0,1346,6730,1.5,0,1980,0,Greenwood Valley,40081
PROP_06690,2025-08-07,968143,5,3.5,3421,10263,3.0,0,1975,0,Metro City,10004
PROP_06691,2025-11-20,302575,4,1.0,1235,2470,1.5,1,2002,0,Metro City,10004
PROP_06692,2025-07-13,392368,2,1.5,2192,10960,2.0,0,1954,0,Greenwood Valley,40081
PROP_06693,2026-01-30,451836,3,2.5,2282,4564,2.0,0,1965,0,Tech Park District,30045
PROP_06694,2026-03-20,295104,3,1.0,999,1998,2.0,1,1981,0,Metro City,10004
PROP_06695,2025-06-26,1113552,6,2.5,4218,21090,2.0,0,2007,0,Tech Park District,30046
PROP_06696,2026-03-08,810160,6,4.0,3952,15808,2.0,0,2015,0,Tech Park District,30046
PROP_06697,2025-12-22,223832,3,2.0,1142,2284,2.0,0,1965,0,Greenwood Valley,40082
PROP_06698,2025-10-13,1666980,4,3.5,4410,26460,2.0,0,2010,0,Tech Park District,30045
PROP_06699,2025-07-14,434871,2,1.5,2061,6183,1.5,0,1961,0,Tech Park District,30046
PROP_06700,2025-12-22,187674,3,2.5,1009,3027,2.0,0,1959,0,Tech Park District,30045
PROP_06701,2026-02-12,353430,3,1.0,1870,3740,2.0,0,2011,0,Tech Park District,30045
PROP_06702,2026-01-09,1581230,5,4.0,3688,11064,2.5,0,1995,2018,Greenwood Valley,40081
PROP_06703,2026-05-24,117403,3,2.5,821,3284,1.5,0,2008,0,Tech Park District,30045
PROP_06704,2025-08-06,309312,1,2.0,1728,10368,2.0,0,1950,0,Greenwood Valley,40082
PROP_06705,2025-08-09,397000,2,1.5,1985,9925,1.0,0,1979,0,Metro City,10002
PROP_06706,2026-02-02,580796,6,4.0,2461,19688,2.0,0,1983,0,Tech Park District,30046
PROP_06707,2026-03-14,403636,4,1.0,2147,10735,1.5,0,1993,0,Greenwood Valley,40082
PROP_06708,2025-09-10,241995,3,1.0,1241,7446,2.0,0,1995,0,Coastal Suburbs,20013
PROP_06709,2026-02-05,2563992,9,6.0,5364,48276,3.0,0,2004,0,Coastal Suburbs,20011
PROP_06710,2025-12-20,905229,4,4.0,2579,18053,2.0,0,1966,0,Greenwood Valley,40081
PROP_06711,2026-04-30,285585,2,2.0,948,4740,1.5,0,1975,2022,Greenwood Valley,40081
PROP_06712,2026-03-20,231948,1,2.5,1137,2274,1.5,0,2003,0,Metro City,10003
PROP_06713,2025-09-09,283702,2,1.5,934,2802,1.5,0,1998,2023,Coastal Suburbs,20011
PROP_06714,2026-03-15,467532,1,1.0,2162,12972,1.5,0,2015,2024,Coastal Suburbs,20012
PROP_06715,2026-04-12,200490,4,1.0,1230,3690,1.0,0,1986,0,Tech Park District,30045
PROP_06716,2026-02-24,719363,4,2.5,3169,12676,2.5,0,1989,0,Tech Park District,30045
PROP_06717,2025-10-05,418176,3,2.0,2376,7128,1.5,0,1987,0,Metro City,10003
PROP_06718,2025-10-03,936126,5,2.5,3573,21438,3.0,0,2015,0,Tech Park District,30046
PROP_06719,2025-07-07,271002,4,1.0,1922,9610,1.5,0,1995,0,Coastal Suburbs,20011
PROP_06720,2025-10-15,1811565,5,4.0,4260,21300,2.5,1,1954,2021,Greenwood Valley,40081
PROP_06721,2026-01-07,338762,3,2.0,1583,9498,1.5,0,1994,0,Greenwood Valley,40082
PROP_06722,2025-11-13,261812,2,2.5,1073,4292,1.5,0,2002,0,Tech Park District,30046
PROP_06723,2026-05-17,281358,1,1.5,1914,3828,1.0,0,2012,0,Greenwood Valley,40081
PROP_06724,2026-03-22,1348800,5,3.5,4496,31472,2.5,0,1971,2019,Coastal Suburbs,20011
PROP_06725,2025-07-16,601260,5,2.5,2733,21864,2.0,0,2013,0,Tech Park District,30046
PROP_06726,2025-07-28,420438,2,2.0,1774,10644,1.5,0,1952,0,Coastal Suburbs,20012
PROP_06727,2026-05-10,393120,3,1.0,1638,6552,2.0,0,2000,2021,Greenwood Valley,40081
PROP_06728,2025-12-29,3284295,8,5.0,6054,66594,3.0,0,1991,2021,Greenwood Valley,40082
PROP_06729,2026-01-03,707852,6,2.5,2612,15672,3.0,0,1994,0,Greenwood Valley,40081
PROP_06730,2025-12-05,512778,4,2.5,2526,12630,3.0,0,1992,0,Greenwood Valley,40082
PROP_06731,2025-11-26,1274591,6,3.5,3473,27784,2.5,0,1970,0,Coastal Suburbs,20013
PROP_06732,2025-09-06,1316250,5,2.5,4050,24300,2.0,0,1996,0,Greenwood Valley,40082
PROP_06733,2025-11-12,178017,4,2.0,1211,7266,1.5,0,2013,0,Coastal Suburbs,20011
PROP_06734,2025-11-24,377755,2,1.5,1757,5271,1.5,0,1958,0,Metro City,10002
PROP_06735,2026-04-01,1408005,5,3.5,4203,29421,2.0,0,2001,0,Coastal Suburbs,20011
PROP_06736,2026-05-02,205625,4,1.5,875,4375,1.5,0,1967,2023,Tech Park District,30045
PROP_06737,2025-06-13,385645,1,2.0,1745,6980,1.5,0,1970,0,Metro City,10001
PROP_06738,2025-11-04,1523800,5,3.0,4010,12030,2.0,0,1966,2022,Metro City,10001
PROP_06739,2025-08-26,953525,5,2.5,4435,22175,2.5,0,2005,0,Greenwood Valley,40081
PROP_06740,2025-11-27,294784,4,1.5,896,3584,1.0,1,2015,0,Tech Park District,30045
PROP_06741,2026-04-12,183741,3,1.0,839,5034,2.0,0,1991,0,Metro City,10003
PROP_06742,2026-01-13,319583,4,1.0,1709,10254,2.0,0,1988,0,Tech Park District,30046
PROP_06743,2026-04-16,196697,2,2.0,823,3292,1.5,0,1993,0,Metro City,10003
PROP_06744,2025-08-14,722352,5,3.0,3576,14304,2.0,0,1973,0,Coastal Suburbs,20013
PROP_06745,2026-01-12,4124925,7,6.0,4860,53460,4.0,1,1960,2023,Metro City,10002
PROP_06746,2025-06-23,316140,4,2.5,2395,9580,1.0,0,1959,0,Coastal Suburbs,20013
PROP_06747,2025-09-28,294961,2,1.0,2153,10765,2.0,0,1952,0,Coastal Suburbs,20013
PROP_06748,2025-09-11,1643045,6,2.5,3788,15152,2.5,0,1990,2025,Greenwood Valley,40081
PROP_06749,2026-05-17,362110,3,2.0,1478,5912,1.0,0,2009,0,Greenwood Valley,40082
PROP_06750,2025-12-09,239235,2,2.0,1945,3890,2.0,0,1952,0,Greenwood Valley,40081
PROP_06751,2025-08-19,291505,2,2.0,1348,2696,2.0,0,1972,2025,Tech Park District,30046
PROP_06752,2025-07-14,901336,6,3.5,3694,14776,2.0,0,2002,0,Coastal Suburbs,20012
PROP_06753,2025-07-28,1294300,5,2.5,3698,22188,3.0,0,1979,0,Coastal Suburbs,20012
PROP_06754,2025-06-28,1316658,5,3.0,4002,16008,3.0,0,1971,0,Metro City,10002
PROP_06755,2025-10-03,1381328,4,3.5,3664,25648,2.5,0,1989,0,Coastal Suburbs,20013
PROP_06756,2026-04-14,855984,5,4.0,3147,18882,2.0,0,1953,0,Greenwood Valley,40081
PROP_06757,2025-08-15,1151955,4,2.5,3339,23373,3.0,0,1950,0,Tech Park District,30045
PROP_06758,2025-10-26,414558,3,2.0,1706,3412,1.0,0,2011,0,Coastal Suburbs,20012
PROP_06759,2025-06-08,369346,4,2.0,1547,3094,1.5,0,1980,2020,Coastal Suburbs,20012
PROP_06760,2025-11-23,218080,3,1.5,1363,6815,1.5,0,1970,0,Tech Park District,30045
PROP_06761,2026-05-22,738840,4,3.0,2820,22560,3.0,0,2012,0,Tech Park District,30045
PROP_06762,2025-07-27,447090,2,2.0,2129,12774,1.5,0,1992,2017,Coastal Suburbs,20013
PROP_06763,2025-11-04,263220,3,2.5,1605,8025,1.5,0,1986,0,Tech Park District,30046
PROP_06764,2026-01-17,843046,5,3.0,3134,9402,2.5,0,2015,0,Metro City,10001
PROP_06765,2026-01-28,379456,1,2.5,1936,11616,1.5,0,1959,0,Coastal Suburbs,20012
PROP_06766,2025-06-12,466752,2,2.5,2288,4576,1.5,0,1973,0,Metro City,10003
PROP_06767,2025-11-17,1027410,5,3.5,2978,11912,3.0,0,1971,0,Greenwood Valley,40082
PROP_06768,2025-09-16,367213,1,1.0,1757,5271,1.5,0,1967,0,Coastal Suburbs,20013
PROP_06769,2026-03-03,1916337,4,3.5,3982,15928,2.0,1,1963,2017,Coastal Suburbs,20013
PROP_06770,2025-09-17,1126800,4,3.5,2880,8640,2.5,0,1983,2025,Metro City,10002
PROP_06771,2025-09-13,718352,4,3.0,2584,10336,2.0,0,1966,0,Greenwood Valley,40082
PROP_06772,2026-03-07,228480,4,2.0,1904,7616,1.0,0,1966,0,Coastal Suburbs,20013
PROP_06773,2026-02-23,234016,1,1.5,1136,5680,1.5,0,1995,0,Metro City,10004
PROP_06774,2025-10-11,195490,1,2.0,1130,4520,1.5,0,2011,0,Coastal Suburbs,20011
PROP_06775,2026-03-08,849328,4,3.5,3896,23376,3.0,0,1958,0,Greenwood Valley,40082
PROP_06776,2026-02-03,151386,4,2.0,1097,5485,2.0,0,1961,0,Coastal Suburbs,20013
PROP_06777,2026-04-15,1380690,6,4.0,4002,12006,2.0,0,1953,0,Coastal Suburbs,20011
PROP_06778,2025-08-12,326278,4,1.0,1886,3772,1.0,0,1959,0,Metro City,10004
PROP_06779,2026-05-22,307992,1,1.0,1252,3756,2.0,0,1964,0,Tech Park District,30046
PROP_06780,2026-05-24,177243,4,2.5,1035,4140,2.0,0,1996,2019,Metro City,10003
PROP_06781,2026-05-09,462090,1,2.5,2190,6570,2.0,0,2015,0,Coastal Suburbs,20011
PROP_06782,2025-06-10,416250,1,1.5,1850,11100,2.0,0,1988,0,Metro City,10001
PROP_06783,2025-12-10,409790,3,1.0,1906,11436,1.0,0,1962,2024,Greenwood Valley,40081
PROP_06784,2026-03-26,1108637,6,2.5,2861,17166,2.5,0,1993,2016,Greenwood Valley,40081
PROP_06785,2026-05-06,838494,5,3.5,3777,18885,2.0,0,1956,0,Tech Park District,30046
PROP_06786,2026-02-25,328965,3,2.5,1446,8676,1.5,0,2010,2025,Tech Park District,30045
PROP_06787,2025-06-23,294218,3,2.0,1874,3748,1.5,0,1974,0,Greenwood Valley,40081
PROP_06788,2025-10-09,309624,2,2.5,1358,6790,2.0,0,1971,0,Tech Park District,30046
PROP_06789,2025-08-27,585897,3,2.0,2353,11765,1.5,0,2010,0,Greenwood Valley,40082
PROP_06790,2025-07-01,309624,1,1.5,2037,10185,1.5,0,1962,0,Metro City,10004
PROP_06791,2025-10-24,312130,3,2.5,1274,2548,2.0,0,1964,0,Tech Park District,30045
PROP_06792,2025-09-11,429070,3,1.0,2005,10025,2.0,0,2014,0,Greenwood Valley,40081
PROP_06793,2026-05-23,1217232,4,3.5,3852,26964,2.0,0,1963,0,Metro City,10003
PROP_06794,2026-04-13,391776,3,1.5,1848,3696,2.0,0,2015,0,Tech Park District,30045
PROP_06795,2025-10-17,173706,1,1.0,1326,2652,2.0,0,2009,0,Metro City,10002
PROP_06796,2025-06-28,186112,4,1.5,1454,8724,1.5,0,1987,0,Coastal Suburbs,20013
PROP_06797,2026-01-25,801940,4,3.0,3970,11910,3.0,0,2015,0,Coastal Suburbs,20011
PROP_06798,2026-05-02,1226847,6,3.5,4049,32392,3.0,0,2003,0,Greenwood Valley,40081
PROP_06799,2025-06-05,310960,4,1.5,2392,11960,2.0,0,1951,0,Greenwood Valley,40081
PROP_06800,2025-07-05,138272,3,2.0,928,4640,1.5,0,1960,0,Tech Park District,30045
PROP_06801,2025-12-16,432322,2,1.0,1954,9770,1.0,0,1956,2024,Coastal Suburbs,20013
PROP_06802,2026-05-05,463562,4,2.5,2218,4436,1.5,0,1965,0,Greenwood Valley,40081
PROP_06803,2025-10-17,322530,2,1.0,1654,9924,1.5,0,1997,0,Tech Park District,30045
PROP_06804,2026-05-06,268105,1,2.5,1247,6235,1.5,0,2015,0,Tech Park District,30045
PROP_06805,2026-05-04,176170,2,1.0,1115,2230,1.0,0,1957,0,Tech Park District,30045
PROP_06806,2025-12-02,442389,2,1.5,1851,3702,1.0,0,1977,0,Greenwood Valley,40081
PROP_06807,2025-07-26,232750,2,2.5,950,4750,2.0,0,1993,0,Tech Park District,30045
PROP_06808,2025-06-10,360067,3,1.5,1231,2462,1.0,0,2001,2016,Coastal Suburbs,20013
PROP_06809,2025-10-28,178149,1,2.5,1381,4143,1.0,0,1950,0,Tech Park District,30045
PROP_06810,2026-04-29,967762,6,3.0,2797,13985,3.0,0,2014,0,Metro City,10003
PROP_06811,2025-12-15,439560,1,2.0,2035,6105,1.0,0,2014,0,Metro City,10003
PROP_06812,2025-09-27,505760,1,2.5,2320,4640,1.5,0,1999,0,Coastal Suburbs,20011
PROP_06813,2025-12-12,299048,4,2.5,1289,2578,1.0,0,1971,0,Metro City,10002
PROP_06814,2026-02-16,2717936,6,7.5,4654,60502,4.0,0,1980,0,Metro City,10002
PROP_06815,2026-05-30,523476,3,2.0,2358,11790,1.5,0,2007,0,Greenwood Valley,40082
PROP_06816,2025-07-21,425517,3,1.0,2117,8468,1.0,0,1992,0,Metro City,10002
PROP_06817,2025-11-09,1114224,6,4.0,4008,28056,2.5,0,1973,0,Greenwood Valley,40082
PROP_06818,2026-02-04,184000,3,1.0,1150,3450,2.0,0,1966,2020,Metro City,10002
PROP_06819,2026-04-02,1474249,6,2.5,4481,26886,3.0,0,1991,0,Metro City,10002
PROP_06820,2026-02-28,5657835,9,7.5,6522,97830,2.5,0,1960,2025,Coastal Suburbs,20013
PROP_06821,2025-07-16,152334,3,1.0,806,1612,2.0,0,1969,0,Greenwood Valley,40081
PROP_06822,2025-09-04,276122,3,1.0,1793,10758,1.5,0,1958,0,Coastal Suburbs,20012
PROP_06823,2025-09-10,424840,2,1.0,1376,6880,1.0,0,1993,2025,Greenwood Valley,40082
PROP_06824,2026-02-12,856042,5,4.0,3674,29392,2.0,0,1953,0,Metro City,10004
PROP_06825,2026-01-21,1399799,5,3.5,4229,16916,3.0,0,1990,0,Coastal Suburbs,20013
PROP_06826,2026-03-15,373626,3,2.5,1887,7548,1.5,0,2000,0,Greenwood Valley,40081
PROP_06827,2026-05-31,567273,6,3.5,2499,17493,2.5,0,1999,0,Tech Park District,30046
PROP_06828,2025-06-12,494262,4,2.5,2034,10170,1.5,0,1992,0,Coastal Suburbs,20011
PROP_06829,2025-06-21,1055945,4,4.0,2893,23144,2.5,0,1985,0,Coastal Suburbs,20011
PROP_06830,2025-10-05,312250,4,1.0,1249,2498,1.0,0,2012,0,Tech Park District,30045
PROP_06831,2026-02-27,165376,3,2.0,1216,2432,1.0,0,1981,0,Coastal Suburbs,20013
PROP_06832,2025-11-04,275471,2,2.5,1357,8142,2.0,0,1968,0,Greenwood Valley,40082
PROP_06833,2025-11-18,126636,3,1.0,1038,2076,1.5,0,2007,0,Metro City,10003
PROP_06834,2026-02-06,350625,4,2.5,1275,6375,2.0,0,1972,2018,Metro City,10001
PROP_06835,2025-12-19,191055,3,1.5,1355,2710,1.5,0,1982,0,Tech Park District,30045
PROP_06836,2025-08-20,294816,1,2.5,1184,7104,2.0,0,1989,0,Metro City,10001
PROP_06837,2025-06-10,172032,3,2.5,1024,4096,1.0,0,1991,0,Tech Park District,30045
PROP_06838,2025-11-25,1062337,5,2.5,2485,12425,2.0,0,2010,2024,Tech Park District,30045
PROP_06839,2026-05-17,286315,1,1.0,1655,9930,2.0,0,1997,0,Greenwood Valley,40082
PROP_06840,2025-11-28,1083919,6,3.0,3463,10389,2.0,0,1956,0,Coastal Suburbs,20013
PROP_06841,2025-11-29,274720,2,1.0,1717,3434,1.0,0,1991,0,Coastal Suburbs,20012
PROP_06842,2026-04-17,369410,3,2.5,2173,6519,2.0,0,1988,0,Coastal Suburbs,20013
PROP_06843,2025-11-02,191177,1,2.0,881,3524,2.0,0,1996,0,Greenwood Valley,40081
PROP_06844,2025-09-29,368830,4,1.5,2395,11975,1.0,0,1986,0,Tech Park District,30046
PROP_06845,2026-02-12,402320,3,1.5,1712,5136,1.0,0,1997,0,Coastal Suburbs,20013
PROP_06846,2025-10-20,260520,2,2.0,1560,6240,2.0,0,1955,0,Greenwood Valley,40082
PROP_06847,2025-07-02,484610,2,1.5,2107,8428,1.5,0,1997,0,Greenwood Valley,40082
PROP_06848,2026-04-17,254144,4,2.5,1216,7296,1.5,0,1959,0,Metro City,10003
PROP_06849,2025-10-10,487620,1,2.0,2322,13932,1.5,0,1963,2019,Coastal Suburbs,20011
PROP_06850,2025-12-16,1861200,6,4.0,3960,11880,2.0,0,2015,2025,Tech Park District,30045
PROP_06851,2025-06-16,177859,4,2.0,851,2553,2.0,0,1950,0,Tech Park District,30046
PROP_06852,2026-03-12,152902,1,2.0,859,3436,1.0,0,1955,0,Metro City,10001
PROP_06853,2025-10-22,238680,1,1.0,1836,9180,1.5,0,2013,0,Metro City,10001
PROP_06854,2025-09-24,197566,2,2.5,1142,6852,1.0,0,1954,0,Greenwood Valley,40081
PROP_06855,2025-08-17,171045,1,2.5,905,2715,1.0,0,1969,0,Coastal Suburbs,20013
PROP_06856,2025-11-22,214704,2,2.5,1704,3408,1.0,0,1960,0,Metro City,10004
PROP_06857,2025-12-19,194425,3,1.0,1111,2222,1.0,0,1956,0,Coastal Suburbs,20011
PROP_06858,2026-05-03,1100880,4,3.5,4170,16680,2.0,0,1968,0,Coastal Suburbs,20013
PROP_06859,2025-08-10,1037028,5,3.0,3884,27188,2.0,0,2011,0,Metro City,10001
PROP_06860,2025-07-15,1443868,4,4.0,4349,13047,2.5,0,1952,0,Coastal Suburbs,20011
PROP_06861,2025-12-13,511387,2,2.0,2098,8392,1.0,0,2013,2025,Tech Park District,30046
PROP_06862,2026-02-22,519300,4,2.0,2308,11540,2.0,0,2011,0,Metro City,10001
PROP_06863,2026-05-14,329175,1,1.5,1425,8550,1.0,0,1998,0,Metro City,10001
PROP_06864,2026-04-10,820260,5,3.0,2604,15624,2.0,0,1966,0,Greenwood Valley,40082
PROP_06865,2026-04-17,370940,1,1.5,2182,13092,1.0,0,1959,0,Tech Park District,30046
PROP_06866,2026-05-18,437972,1,2.5,1964,5892,1.5,0,1967,0,Coastal Suburbs,20013
PROP_06867,2025-09-25,362270,3,2.5,2131,6393,2.0,0,1967,0,Coastal Suburbs,20011
PROP_06868,2025-12-31,171743,4,1.5,1201,2402,1.0,0,1990,0,Metro City,10004
PROP_06869,2025-10-02,420468,4,2.0,1894,7576,1.5,0,2013,0,Tech Park District,30046
PROP_06870,2026-03-21,745620,5,4.0,3655,29240,3.0,0,2014,0,Greenwood Valley,40082
PROP_06871,2025-08-18,406700,1,2.5,2324,9296,1.0,0,1995,0,Metro City,10001
PROP_06872,2026-01-05,1080445,5,2.5,3845,30760,3.0,0,1961,0,Coastal Suburbs,20012
PROP_06873,2025-11-07,500534,2,1.0,1575,3150,2.0,1,1955,0,Tech Park District,30046
PROP_06874,2026-04-06,239844,4,2.5,1738,10428,2.0,0,2013,0,Greenwood Valley,40082
PROP_06875,2025-11-16,307318,1,1.5,1342,6710,2.0,0,1955,0,Coastal Suburbs,20011
PROP_06876,2026-01-16,547754,5,3.5,2659,13295,2.5,0,1973,0,Metro City,10002
PROP_06877,2026-03-05,308355,4,1.5,1685,5055,2.0,0,1991,0,Metro City,10001
PROP_06878,2025-08-07,289344,4,1.5,1507,7535,2.0,0,1963,0,Metro City,10003
PROP_06879,2025-09-14,1209930,4,4.0,2602,15612,3.0,0,1963,2023,Metro City,10001
PROP_06880,2026-05-01,383418,4,1.0,1611,8055,1.5,0,1996,0,Greenwood Valley,40082
PROP_06881,2025-08-10,368252,2,2.0,1913,11478,1.5,0,1972,2024,Metro City,10002
PROP_06882,2026-03-25,115902,2,1.0,846,3384,1.5,0,1968,0,Greenwood Valley,40082
PROP_06883,2026-03-05,406500,1,2.0,1355,8130,1.0,0,1974,2016,Tech Park District,30045
PROP_06884,2026-05-17,396400,4,2.5,1982,9910,1.0,0,2010,0,Metro City,10004
PROP_06885,2025-09-12,270981,2,1.5,955,3820,2.0,0,2003,2024,Coastal Suburbs,20013
PROP_06886,2025-08-10,204530,4,1.5,904,4520,1.0,0,2007,2023,Coastal Suburbs,20013
PROP_06887,2025-11-06,248471,4,2.5,1479,8874,1.5,1,1957,0,Coastal Suburbs,20012
PROP_06888,2026-05-19,201938,2,2.5,1507,7535,2.0,0,2014,0,Greenwood Valley,40082
PROP_06889,2026-05-28,172935,4,2.0,915,3660,1.0,0,1987,0,Coastal Suburbs,20013
PROP_06890,2026-02-24,4187208,9,4.5,6169,43183,2.5,0,2015,2024,Metro City,10001
PROP_06891,2025-08-09,224082,2,1.0,1062,5310,1.0,0,2011,0,Metro City,10002
PROP_06892,2026-01-07,881084,5,3.5,3611,25277,2.0,0,1967,0,Coastal Suburbs,20012
PROP_06893,2025-08-14,210367,4,2.0,997,3988,1.5,0,1983,0,Metro City,10001
PROP_06894,2026-05-02,1184372,5,4.0,4174,29218,2.0,0,1993,2019,Metro City,10002
PROP_06895,2026-03-17,347360,4,1.0,2171,4342,1.5,0,1951,0,Metro City,10003
PROP_06896,2025-08-20,160718,3,1.5,986,1972,1.0,0,1957,0,Tech Park District,30046
PROP_06897,2025-11-10,1573572,5,3.0,4323,21615,2.0,0,1992,0,Metro City,10003
PROP_06898,2025-07-05,1852673,6,3.5,3998,11994,2.0,1,1983,0,Greenwood Valley,40081
PROP_06899,2026-03-13,555390,3,2.5,2295,6885,1.5,0,1956,0,Greenwood Valley,40081
PROP_06900,2026-02-28,263520,4,1.5,1220,3660,2.0,0,2011,0,Coastal Suburbs,20012
PROP_06901,2025-07-31,281610,4,2.0,1512,9072,2.0,0,1976,2020,Metro City,10004
PROP_06902,2025-09-03,329928,2,1.5,1864,11184,1.5,0,1981,0,Greenwood Valley,40082
PROP_06903,2025-11-10,242190,1,1.5,1495,7475,2.0,0,2006,0,Greenwood Valley,40082
PROP_06904,2025-08-14,251842,4,1.5,1066,5330,1.5,0,1952,2021,Greenwood Valley,40081
PROP_06905,2025-06-16,4991784,7,6.0,8292,107796,3.0,0,1966,0,Tech Park District,30045
PROP_06906,2025-11-11,475794,3,2.5,1958,5874,2.0,0,1950,0,Tech Park District,30046
PROP_06907,2025-12-29,463505,1,1.0,2261,13566,1.5,0,1978,0,Greenwood Valley,40081
PROP_06908,2025-12-28,159885,4,2.0,836,5016,1.5,0,1990,2019,Coastal Suburbs,20013
PROP_06909,2025-11-03,378056,1,1.0,1287,7722,1.0,0,1984,2018,Metro City,10001
PROP_06910,2026-01-13,294138,1,1.0,1257,2514,1.0,0,1968,0,Greenwood Valley,40081
PROP_06911,2026-04-23,1534674,5,4.0,3062,12248,2.5,1,1999,0,Tech Park District,30046
PROP_06912,2025-10-19,371842,4,1.5,2089,4178,2.0,0,1982,0,Greenwood Valley,40082
PROP_06913,2025-08-17,874152,5,2.5,4104,12312,3.0,0,1996,0,Tech Park District,30046
PROP_06914,2025-09-05,752724,6,4.0,2436,7308,2.0,0,1968,0,Greenwood Valley,40081
PROP_06915,2025-07-25,398391,3,2.0,2177,4354,2.0,0,1963,0,Tech Park District,30046
PROP_06916,2025-08-07,336622,3,1.5,2354,7062,1.0,0,1973,0,Coastal Suburbs,20012
PROP_06917,2025-09-03,434280,1,1.0,2310,4620,1.0,0,1956,0,Tech Park District,30045
PROP_06918,2025-06-14,1520169,5,3.5,4011,32088,2.5,0,1996,0,Greenwood Valley,40081
PROP_06919,2026-04-10,332460,2,2.5,1847,3694,1.5,0,1973,0,Greenwood Valley,40081
PROP_06920,2026-04-12,481062,1,1.0,1790,3580,2.0,0,1964,2023,Greenwood Valley,40081
PROP_06921,2025-10-15,1863886,5,3.5,3318,26544,3.0,1,2014,2020,Greenwood Valley,40081
PROP_06922,2026-04-07,310500,2,1.0,1380,5520,1.5,0,1989,0,Metro City,10004
PROP_06923,2026-03-18,294561,3,2.5,1423,4269,2.0,0,1997,0,Coastal Suburbs,20011
PROP_06924,2026-04-10,1296999,6,3.0,3573,14292,3.0,0,1951,0,Tech Park District,30045
PROP_06925,2025-09-27,560142,1,1.5,2277,11385,2.0,0,1967,0,Tech Park District,30046
PROP_06926,2026-04-02,1537558,5,4.0,3308,13232,2.0,1,1986,0,Tech Park District,30045
PROP_06927,2025-09-27,409117,4,2.5,1566,9396,2.0,0,2012,2021,Coastal Suburbs,20011
PROP_06928,2025-09-27,296582,4,2.5,1342,2684,1.0,0,2004,0,Coastal Suburbs,20012
PROP_06929,2026-05-18,1112265,5,3.5,3531,28248,2.0,0,1951,0,Metro City,10001
PROP_06930,2025-06-14,340992,3,1.0,2304,4608,1.5,0,2006,0,Tech Park District,30045
PROP_06931,2025-12-01,1010743,6,4.0,2741,21928,2.0,0,2014,2022,Tech Park District,30046
PROP_06932,2025-07-11,157302,1,1.0,971,5826,1.5,0,1979,0,Greenwood Valley,40082
PROP_06933,2026-05-19,151375,4,1.5,875,4375,1.0,0,1965,0,Coastal Suburbs,20012
PROP_06934,2026-01-31,426888,2,1.5,2156,6468,1.0,0,1993,0,Greenwood Valley,40082
PROP_06935,2025-08-08,795866,5,2.5,3719,26033,2.0,0,2011,0,Tech Park District,30045
PROP_06936,2026-02-13,251872,1,2.0,1852,9260,1.0,0,1961,0,Tech Park District,30046
PROP_06937,2026-04-06,177552,2,1.0,1233,2466,1.0,0,1999,0,Coastal Suburbs,20013
PROP_06938,2026-01-27,153153,4,1.0,819,4095,2.0,0,1980,0,Metro City,10003
PROP_06939,2026-05-31,745996,4,3.5,3161,15805,2.0,0,1969,0,Coastal Suburbs,20012
PROP_06940,2026-04-29,203710,3,1.0,1567,4701,2.0,0,1972,0,Tech Park District,30045
PROP_06941,2025-12-09,415856,4,1.0,2212,11060,1.5,0,1977,0,Greenwood Valley,40082
PROP_06942,2025-09-03,181749,1,2.5,1289,6445,1.5,0,1983,0,Metro City,10002
PROP_06943,2025-12-16,217346,2,1.0,1437,4311,1.0,0,1999,2019,Coastal Suburbs,20013
PROP_06944,2026-02-07,378180,3,2.5,1910,5730,1.5,0,1994,0,Metro City,10003
PROP_06945,2026-01-29,273376,4,2.0,1099,5495,1.5,0,1981,2021,Coastal Suburbs,20013
PROP_06946,2025-08-10,359948,2,2.5,1682,8410,1.0,0,1976,0,Metro City,10001
PROP_06947,2025-08-23,362070,4,2.0,1341,2682,1.5,0,2000,2024,Greenwood Valley,40081
PROP_06948,2025-09-07,537684,6,3.5,2422,19376,2.0,0,1987,0,Greenwood Valley,40081
PROP_06949,2025-09-24,196928,4,2.0,1448,7240,1.0,0,1980,0,Greenwood Valley,40082
PROP_06950,2025-06-17,336268,4,2.5,1555,6220,2.0,0,1963,2025,Coastal Suburbs,20013
PROP_06951,2025-12-27,1248690,6,3.0,3890,23340,2.0,0,1979,0,Coastal Suburbs,20013
PROP_06952,2025-06-08,287856,1,1.0,1999,9995,1.0,0,1983,0,Greenwood Valley,40082
PROP_06953,2025-10-17,2926703,7,6.0,5491,49419,2.5,0,1984,0,Metro City,10001
PROP_06954,2025-12-29,1093382,4,2.5,2906,11624,2.5,0,2007,2021,Metro City,10004
PROP_06955,2025-09-22,287893,2,2.0,1291,2582,1.0,0,1977,0,Greenwood Valley,40081
PROP_06956,2026-05-10,1624282,5,4.0,4343,30401,3.0,0,2013,0,Tech Park District,30046
PROP_06957,2025-09-12,205169,4,2.0,1031,4124,2.0,0,1963,0,Greenwood Valley,40081
PROP_06958,2025-09-13,413952,3,1.0,1848,3696,2.0,0,1968,0,Greenwood Valley,40081
PROP_06959,2025-07-04,205545,2,1.0,965,1930,2.0,0,1964,0,Greenwood Valley,40082
PROP_06960,2025-08-30,204714,2,1.0,918,1836,1.0,0,1956,0,Coastal Suburbs,20012
PROP_06961,2026-01-11,169799,2,2.5,889,4445,1.0,0,1991,0,Metro City,10003
PROP_06962,2026-04-12,873525,4,3.0,3065,24520,2.0,0,1955,0,Metro City,10003
PROP_06963,2026-02-06,213495,1,2.0,1655,9930,2.0,0,1985,0,Metro City,10001
PROP_06964,2026-05-19,197392,2,2.0,949,2847,1.0,0,1965,0,Tech Park District,30046
PROP_06965,2025-11-14,403781,2,2.5,1475,7375,2.0,0,2011,2020,Coastal Suburbs,20013
PROP_06966,2026-01-21,196595,4,1.0,959,4795,2.0,0,2005,0,Tech Park District,30045
PROP_06967,2025-10-05,174324,3,2.0,876,3504,2.0,0,1994,0,Tech Park District,30045
PROP_06968,2026-01-05,925344,6,3.0,3808,19040,2.0,0,1959,0,Greenwood Valley,40082
PROP_06969,2025-12-25,1591773,5,2.5,3567,14268,3.0,0,1997,2023,Greenwood Valley,40081
PROP_06970,2025-06-22,279752,3,1.0,1496,5984,1.5,0,1984,0,Tech Park District,30046
PROP_06971,2026-04-08,458790,4,2.5,1865,5595,1.0,0,1984,0,Coastal Suburbs,20011
PROP_06972,2025-12-12,121578,4,2.0,881,3524,2.0,0,2006,0,Coastal Suburbs,20013
PROP_06973,2025-11-08,170150,2,2.5,1025,3075,2.0,0,1952,0,Coastal Suburbs,20011
PROP_06974,2025-12-19,553554,2,2.0,2278,4556,1.0,0,1992,0,Metro City,10002
PROP_06975,2026-04-10,376278,3,1.5,2023,6069,1.0,0,1992,0,Tech Park District,30045
PROP_06976,2026-03-20,353808,1,2.5,1512,9072,2.0,0,1977,0,Metro City,10002
PROP_06977,2026-04-01,236130,1,1.5,1389,2778,1.0,0,2003,0,Metro City,10004
PROP_06978,2026-03-02,545142,3,2.5,2262,9048,2.0,0,1995,0,Coastal Suburbs,20012
PROP_06979,2026-02-24,941695,4,3.0,2845,19915,3.0,0,2001,0,Coastal Suburbs,20013
PROP_06980,2026-04-25,410422,2,1.5,1479,8874,2.0,0,2014,2019,Tech Park District,30045
PROP_06981,2026-05-27,198597,1,2.0,1351,8106,1.5,0,1956,0,Coastal Suburbs,20013
PROP_06982,2025-06-20,251475,1,1.0,1437,4311,1.0,0,1999,0,Coastal Suburbs,20011
PROP_06983,2026-02-22,267892,1,1.5,1553,7765,2.0,0,1983,2016,Metro City,10004
PROP_06984,2025-07-26,246867,1,1.5,1349,8094,2.0,0,1987,0,Greenwood Valley,40081
PROP_06985,2026-01-18,913398,4,2.5,3713,14852,2.0,0,1987,0,Metro City,10004
PROP_06986,2026-01-20,483784,4,2.0,2282,9128,2.0,0,1981,0,Tech Park District,30045
PROP_06987,2025-06-22,313855,3,2.5,1531,9186,1.5,0,1988,2018,Tech Park District,30045
PROP_06988,2025-10-04,189406,4,2.0,1141,6846,2.0,0,1965,0,Greenwood Valley,40081
PROP_06989,2026-02-21,187974,3,2.0,1062,3186,1.5,0,1960,0,Coastal Suburbs,20012
PROP_06990,2026-03-03,619080,2,2.0,2211,11055,1.0,0,1971,2022,Greenwood Valley,40081
PROP_06991,2025-12-20,216832,1,2.5,1694,10164,1.5,0,1997,0,Tech Park District,30045
PROP_06992,2025-06-21,298596,3,2.0,2004,6012,1.0,0,2005,0,Coastal Suburbs,20013
PROP_06993,2026-03-13,494285,2,2.0,2365,11825,2.0,0,1980,0,Tech Park District,30045
PROP_06994,2025-12-16,273461,3,1.5,1811,9055,1.5,0,1975,0,Greenwood Valley,40081
PROP_06995,2026-02-20,2104042,4,3.5,4453,35624,2.5,0,1950,2024,Greenwood Valley,40082
PROP_06996,2026-04-19,885018,6,4.0,3065,21455,3.0,0,1951,2023,Greenwood Valley,40081
PROP_06997,2025-06-26,1066312,6,3.5,3525,10575,2.5,0,1957,2017,Greenwood Valley,40082
PROP_06998,2025-09-06,196846,3,2.5,1469,8814,2.0,0,1994,0,Greenwood Valley,40081
PROP_06999,2025-10-28,283689,2,2.0,1659,6636,1.0,0,1969,0,Coastal Suburbs,20013
PROP_07000,2026-01-12,182928,1,1.5,888,5328,2.0,0,1985,0,Metro City,10002
PROP_07001,2025-12-21,853060,6,3.5,3281,19686,3.0,0,2014,0,Coastal Suburbs,20011
PROP_07002,2025-11-03,554435,4,1.5,2263,11315,1.5,0,2006,0,Greenwood Valley,40081
PROP_07003,2025-10-25,157738,1,2.0,1186,7116,2.0,0,1960,0,Metro City,10001
PROP_07004,2026-01-23,205220,3,1.0,1324,6620,1.0,0,1990,0,Coastal Suburbs,20012
PROP_07005,2025-08-25,712514,6,3.5,2563,10252,3.0,0,1958,0,Metro City,10003
PROP_07006,2026-01-03,280000,4,2.5,1400,8400,1.5,0,1984,0,Tech Park District,30046
PROP_07007,2025-10-29,1405240,4,2.5,3698,25886,3.0,0,1961,0,Coastal Suburbs,20012
PROP_07008,2026-04-10,886030,6,4.0,3530,10590,2.0,0,2007,0,Tech Park District,30045
PROP_07009,2025-06-28,558595,4,2.5,2377,9508,1.0,0,1974,0,Greenwood Valley,40081
PROP_07010,2026-05-20,399250,4,1.5,1597,4791,1.0,0,1959,0,Tech Park District,30045
PROP_07011,2026-02-20,175208,3,1.0,968,4840,1.5,0,1985,0,Tech Park District,30046
PROP_07012,2025-08-12,166800,1,1.0,1390,4170,1.0,0,2006,0,Greenwood Valley,40082
PROP_07013,2026-01-24,368725,1,1.5,2107,4214,1.0,0,1986,0,Greenwood Valley,40081
PROP_07014,2026-04-27,481000,4,1.0,1924,5772,1.0,0,2003,0,Tech Park District,30045
PROP_07015,2026-01-18,257640,3,1.0,912,4560,2.0,0,1976,2019,Metro City,10002
PROP_07016,2025-07-17,809725,6,2.5,2644,21152,2.0,0,1966,2025,Coastal Suburbs,20012
PROP_07017,2026-02-12,152768,3,2.0,1232,4928,1.0,0,1997,0,Metro City,10004
PROP_07018,2025-07-28,187579,2,1.0,889,2667,1.0,0,1969,0,Metro City,10001
PROP_07019,2025-09-01,356750,1,2.0,1427,2854,2.0,0,1950,0,Metro City,10002
PROP_07020,2026-03-27,1354680,6,2.5,3763,30104,3.0,0,1990,0,Tech Park District,30046
PROP_07021,2026-05-23,275372,4,2.0,1601,6404,1.0,0,1961,0,Tech Park District,30046
PROP_07022,2026-03-07,244420,1,2.5,1111,6666,2.0,0,1997,2023,Coastal Suburbs,20012
PROP_07023,2025-08-09,416472,3,1.0,1876,3752,1.0,0,1966,0,Tech Park District,30045
PROP_07024,2025-12-19,261950,4,1.0,2015,6045,1.0,0,2007,0,Coastal Suburbs,20011
PROP_07025,2025-12-29,122815,3,1.0,847,5082,2.0,0,2010,0,Greenwood Valley,40082
PROP_07026,2025-11-13,620802,4,1.5,2274,6822,1.0,1,2001,0,Metro City,10001
PROP_07027,2026-01-17,254852,4,1.5,1508,9048,2.0,0,1985,0,Coastal Suburbs,20013
PROP_07028,2025-06-13,1473348,4,3.0,4162,12486,2.0,0,1977,0,Greenwood Valley,40082
PROP_07029,2025-08-31,447552,1,1.0,1998,11988,1.5,0,1990,0,Metro City,10002
PROP_07030,2026-01-19,299314,2,1.5,1373,4119,1.0,0,1978,0,Tech Park District,30045
PROP_07031,2026-03-30,175346,1,1.0,1201,4804,1.0,0,1997,0,Coastal Suburbs,20013
PROP_07032,2026-05-31,1134397,4,3.5,2426,7278,2.0,1,1976,0,Greenwood Valley,40082
PROP_07033,2025-09-12,1055792,5,3.0,3496,20976,2.0,0,1996,0,Coastal Suburbs,20011
PROP_07034,2026-01-19,357396,3,1.5,2054,6162,2.0,0,1962,0,Coastal Suburbs,20013
PROP_07035,2025-07-17,148032,2,1.0,1028,4112,2.0,0,1955,0,Greenwood Valley,40081
PROP_07036,2025-10-07,572343,4,2.5,2035,12210,1.5,0,1983,2025,Tech Park District,30045
PROP_07037,2025-11-13,343360,1,2.0,2368,4736,1.5,0,1961,0,Metro City,10004
PROP_07038,2026-05-21,242208,1,1.0,1682,8410,1.0,0,1979,0,Coastal Suburbs,20011
PROP_07039,2026-04-29,490792,1,2.5,1979,11874,1.5,0,1975,0,Coastal Suburbs,20012
PROP_07040,2026-05-31,258609,3,1.5,1047,3141,1.5,0,1997,0,Greenwood Valley,40082
PROP_07041,2025-08-23,171120,4,1.0,1380,6900,2.0,0,1956,0,Metro City,10004
PROP_07042,2025-08-03,318006,4,1.0,1963,7852,1.5,0,2000,0,Tech Park District,30045
PROP_07043,2025-07-17,461463,4,2.5,2391,11955,1.0,0,1978,0,Greenwood Valley,40081
PROP_07044,2025-07-29,216505,2,1.0,1007,5035,2.0,0,1967,0,Metro City,10002
PROP_07045,2026-05-28,227059,3,1.5,1393,6965,1.0,0,2007,0,Greenwood Valley,40082
PROP_07046,2026-01-17,271125,4,2.0,2169,6507,2.0,0,1999,0,Metro City,10002
PROP_07047,2026-04-21,365968,4,2.0,1225,2450,1.5,0,2005,2025,Metro City,10003
PROP_07048,2025-12-03,206063,1,2.0,1703,8515,1.0,0,1952,0,Greenwood Valley,40082
PROP_07049,2025-07-14,1064475,6,2.5,2490,9960,2.5,0,1960,2016,Metro City,10002
PROP_07050,2026-02-24,277727,2,1.5,1439,4317,1.5,0,2007,0,Coastal Suburbs,20013
PROP_07051,2026-05-29,352002,2,2.5,1479,8874,2.0,0,2011,0,Metro City,10004
PROP_07052,2025-12-14,181600,3,2.0,1135,6810,2.0,0,1990,0,Greenwood Valley,40082
PROP_07053,2026-02-17,1286716,6,4.0,4307,30149,2.0,0,1971,2019,Metro City,10002
PROP_07054,2026-04-10,272552,4,2.5,1099,6594,2.0,0,2006,0,Tech Park District,30046
PROP_07055,2025-08-21,953942,6,4.0,3641,21846,3.0,0,2014,0,Greenwood Valley,40081
PROP_07056,2025-12-11,414263,4,1.5,1831,7324,2.0,0,1959,2020,Metro City,10003
PROP_07057,2026-03-09,309750,4,1.0,1770,5310,2.0,0,1993,2022,Metro City,10002
PROP_07058,2025-12-12,224598,1,2.5,1353,8118,1.0,0,2015,0,Metro City,10002
PROP_07059,2025-06-23,338840,2,1.0,1376,2752,1.5,0,1961,2017,Metro City,10004
PROP_07060,2025-08-27,478674,2,1.5,2358,14148,1.0,0,2013,0,Coastal Suburbs,20011
PROP_07061,2025-11-19,1029924,5,3.0,3843,30744,3.0,0,1971,0,Greenwood Valley,40082
PROP_07062,2026-03-17,293822,2,1.5,1373,5492,1.0,0,1963,0,Greenwood Valley,40081
PROP_07063,2026-05-04,235144,4,1.0,1292,7752,1.5,0,1996,0,Greenwood Valley,40082
PROP_07064,2025-08-16,339250,1,1.5,1150,2300,2.0,0,1973,2022,Coastal Suburbs,20012
PROP_07065,2025-08-23,450300,3,2.5,1900,11400,1.5,0,1992,0,Coastal Suburbs,20012
PROP_07066,2025-08-14,248317,4,1.0,879,3516,2.0,0,1991,2018,Metro City,10001
PROP_07067,2025-08-31,182000,3,2.5,1456,5824,1.0,0,1995,0,Tech Park District,30046
PROP_07068,2026-05-31,283836,4,2.5,1302,7812,2.0,0,1992,0,Greenwood Valley,40082
PROP_07069,2025-06-27,584790,4,3.0,2895,23160,2.5,0,1952,0,Coastal Suburbs,20011
PROP_07070,2026-01-01,649047,6,3.5,2991,11964,2.5,0,1985,0,Metro City,10004
PROP_07071,2025-11-05,1239819,6,2.5,4119,20595,3.0,0,1973,0,Greenwood Valley,40082
PROP_07072,2025-11-06,1029026,5,3.0,3759,22554,2.0,0,1958,2022,Coastal Suburbs,20013
PROP_07073,2026-01-15,729652,6,3.5,3542,10626,2.0,0,1985,0,Coastal Suburbs,20012
PROP_07074,2025-10-26,270270,3,1.5,1365,2730,2.0,0,2002,0,Coastal Suburbs,20011
PROP_07075,2026-04-17,353940,3,2.0,1735,6940,1.0,0,1958,0,Metro City,10003
PROP_07076,2025-09-01,1066648,4,4.0,4301,30107,2.0,0,1961,0,Greenwood Valley,40082
PROP_07077,2025-07-31,603405,1,2.5,2277,6831,2.0,0,1992,2017,Greenwood Valley,40082
PROP_07078,2025-08-07,878278,6,3.0,2806,14030,3.0,0,1993,0,Tech Park District,30046
PROP_07079,2025-09-12,462226,1,1.5,1934,11604,2.0,0,1992,0,Tech Park District,30046
PROP_07080,2025-06-02,1061049,6,4.0,2923,8769,2.0,0,1974,0,Metro City,10003
PROP_07081,2026-04-15,891225,5,3.5,3961,23766,2.5,0,1997,0,Greenwood Valley,40082
PROP_07082,2025-10-08,248897,3,2.5,2057,10285,2.0,0,2009,0,Tech Park District,30045
PROP_07083,2025-06-07,595608,2,1.0,2392,7176,1.5,0,1978,0,Tech Park District,30045
PROP_07084,2026-01-21,360540,3,2.0,2003,10015,1.5,0,1996,0,Greenwood Valley,40081
PROP_07085,2026-02-10,335118,1,1.0,2121,10605,2.0,0,1961,0,Coastal Suburbs,20013
PROP_07086,2026-02-11,848400,5,3.5,2525,15150,2.5,0,2001,0,Metro City,10002
PROP_07087,2026-03-06,406072,3,1.0,2104,10520,1.5,0,1956,0,Metro City,10003
PROP_07088,2025-06-03,1123680,4,4.0,3303,16515,3.0,1,1978,0,Greenwood Valley,40081
PROP_07089,2026-04-08,542076,1,2.0,2388,7164,1.0,0,2011,0,Greenwood Valley,40081
PROP_07090,2026-02-08,1225917,5,3.5,3843,30744,3.0,0,1958,0,Metro City,10004
PROP_07091,2025-09-30,1163700,6,3.5,3879,27153,2.5,0,1985,2020,Tech Park District,30046
PROP_07092,2025-09-20,408664,2,1.5,2221,4442,2.0,0,1986,0,Coastal Suburbs,20013
PROP_07093,2026-03-29,1179000,4,3.0,3275,26200,3.0,0,2000,0,Metro City,10003
PROP_07094,2026-05-04,276318,4,1.0,2142,10710,2.0,0,1977,0,Greenwood Valley,40082
PROP_07095,2026-01-30,517918,3,1.0,2395,11975,1.5,0,2002,2017,Greenwood Valley,40081
PROP_07096,2026-01-19,303062,3,1.0,1865,7460,1.5,0,1965,2024,Coastal Suburbs,20013
PROP_07097,2025-12-27,264095,3,2.0,1105,2210,1.0,0,1956,0,Coastal Suburbs,20012
PROP_07098,2026-01-13,344431,3,2.0,2281,9124,1.0,0,1987,0,Greenwood Valley,40081
PROP_07099,2025-07-11,206080,3,1.0,896,5376,2.0,0,2014,0,Tech Park District,30046
PROP_07100,2026-04-04,966834,6,3.0,3762,18810,2.0,0,2007,0,Tech Park District,30045
PROP_07101,2026-04-04,293848,4,2.0,1597,6388,2.0,0,1955,0,Metro City,10002
PROP_07102,2025-06-04,267052,1,1.5,1287,5148,1.0,0,2002,2023,Tech Park District,30046
PROP_07103,2025-10-04,157563,1,1.0,1281,7686,1.0,0,2013,0,Coastal Suburbs,20013
PROP_07104,2026-03-08,295200,1,2.0,1968,7872,1.5,0,2000,0,Coastal Suburbs,20012
PROP_07105,2025-10-21,428081,3,2.5,2173,4346,2.0,0,1998,0,Tech Park District,30046
PROP_07106,2026-04-14,257543,1,1.0,1801,5403,1.5,0,1992,0,Tech Park District,30045
PROP_07107,2026-04-18,252225,2,1.0,1425,8550,2.0,0,1953,0,Coastal Suburbs,20012
PROP_07108,2026-03-13,261999,1,1.5,2031,4062,1.0,0,1964,0,Metro City,10004
PROP_07109,2025-09-15,244500,1,1.0,978,5868,1.0,0,1974,0,Coastal Suburbs,20011
PROP_07110,2025-06-26,1230675,5,4.0,2690,18830,2.5,0,1993,2022,Coastal Suburbs,20012
PROP_07111,2025-09-03,257922,1,2.5,2047,4094,2.0,0,1975,0,Coastal Suburbs,20011
PROP_07112,2025-08-15,220176,4,2.5,1112,3336,2.0,0,1999,0,Tech Park District,30045
PROP_07113,2025-06-29,1265400,4,4.0,4440,31080,2.0,0,2010,0,Tech Park District,30045
PROP_07114,2026-05-01,173340,4,2.5,810,2430,2.0,0,1968,0,Tech Park District,30046
PROP_07115,2025-11-26,191992,3,2.5,932,3728,1.0,0,1950,0,Metro City,10001
PROP_07116,2025-06-19,376004,1,1.0,1541,6164,2.0,0,1967,0,Tech Park District,30046
PROP_07117,2025-08-14,305550,3,2.5,1746,10476,2.0,0,1972,0,Greenwood Valley,40082
PROP_07118,2025-06-17,280416,2,2.5,1524,7620,1.0,0,1982,0,Greenwood Valley,40081
PROP_07119,2026-05-08,341837,4,2.0,1334,4002,1.0,0,1955,2023,Coastal Suburbs,20013
PROP_07120,2026-03-23,436150,4,2.0,1430,2860,1.5,0,1992,2024,Tech Park District,30046
PROP_07121,2026-04-05,216645,4,1.5,1515,4545,2.0,0,2004,0,Tech Park District,30045
PROP_07122,2025-10-31,1741488,4,3.5,4380,30660,2.5,1,2012,0,Tech Park District,30046
PROP_07123,2025-11-17,174240,2,2.0,1440,2880,2.0,0,1967,0,Greenwood Valley,40081
PROP_07124,2025-07-15,136480,4,1.5,853,5118,1.5,0,1994,0,Metro City,10002
PROP_07125,2025-06-26,954940,6,3.0,2872,14360,3.0,0,1967,2017,Tech Park District,30046
PROP_07126,2025-07-26,441723,4,2.0,1599,7995,1.5,0,1954,2023,Metro City,10004
PROP_07127,2025-12-31,153716,3,1.5,926,2778,1.0,0,1994,0,Greenwood Valley,40081
PROP_07128,2025-08-31,310860,3,1.0,1570,6280,2.0,0,2011,0,Tech Park District,30045
PROP_07129,2025-08-22,255642,4,2.5,1866,3732,1.0,0,1950,0,Metro City,10001
PROP_07130,2026-05-11,271092,3,1.5,1189,5945,1.0,0,2008,0,Greenwood Valley,40081
PROP_07131,2025-10-24,602336,5,3.0,2689,10756,3.0,0,1963,0,Tech Park District,30046
PROP_07132,2026-04-09,985906,4,3.0,3763,30104,2.5,0,1969,0,Metro City,10002
PROP_07133,2026-05-05,443492,4,2.0,2359,4718,1.0,0,2014,0,Greenwood Valley,40082
PROP_07134,2026-05-21,365062,4,1.0,2186,8744,1.5,0,1976,0,Metro City,10002
PROP_07135,2026-05-25,4638503,7,5.0,8039,80390,3.0,0,1960,0,Greenwood Valley,40082
PROP_07136,2026-04-01,208530,3,2.0,993,1986,1.5,0,1979,0,Metro City,10002
PROP_07137,2026-03-21,286102,1,2.0,1031,6186,1.0,0,2014,2019,Coastal Suburbs,20012
PROP_07138,2026-03-15,245336,3,2.0,1348,4044,1.5,0,1988,0,Coastal Suburbs,20013
PROP_07139,2025-08-30,290944,4,1.0,2273,9092,2.0,0,2015,0,Greenwood Valley,40081
PROP_07140,2026-01-20,291612,2,2.0,1279,3837,1.0,0,2001,0,Tech Park District,30046
PROP_07141,2026-03-24,892980,4,4.0,2952,11808,3.0,0,1954,2021,Tech Park District,30045
PROP_07142,2025-12-02,328367,1,1.5,1943,11658,1.5,0,1953,0,Metro City,10002
PROP_07143,2025-06-19,298745,3,1.0,2005,12030,1.5,0,1999,0,Tech Park District,30045
PROP_07144,2025-07-18,359412,4,2.0,1964,5892,1.5,0,1996,0,Greenwood Valley,40082
PROP_07145,2025-11-01,313925,2,1.5,2165,10825,1.0,0,1967,0,Metro City,10002
PROP_07146,2025-11-13,326047,4,1.5,2022,6066,1.0,0,1959,2025,Coastal Suburbs,20012
PROP_07147,2025-12-06,286590,1,2.5,2330,11650,2.0,0,1978,0,Coastal Suburbs,20011
PROP_07148,2025-12-12,402400,1,1.0,2012,12072,1.0,0,1981,0,Tech Park District,30045
PROP_07149,2025-07-05,346104,1,1.5,1881,7524,1.5,0,1981,0,Greenwood Valley,40082
PROP_07150,2026-01-05,454436,4,2.0,2206,8824,2.0,0,1951,0,Tech Park District,30045
PROP_07151,2026-03-09,1065600,5,4.0,3330,9990,2.0,0,1995,0,Tech Park District,30045
PROP_07152,2025-07-04,381501,2,2.5,1381,8286,2.0,0,2001,2024,Tech Park District,30046
PROP_07153,2025-10-28,910316,6,3.0,2434,7302,2.5,0,1971,0,Metro City,10001
PROP_07154,2026-01-28,347508,2,2.0,2364,7092,2.0,0,1953,0,Coastal Suburbs,20012
PROP_07155,2025-08-08,4537050,8,5.0,5215,31290,3.0,0,1979,2021,Greenwood Valley,40082
PROP_07156,2025-08-02,453108,4,2.0,1857,9285,2.0,0,2005,0,Tech Park District,30046
PROP_07157,2026-05-22,666036,6,4.0,2643,18501,3.0,0,1996,0,Greenwood Valley,40082
PROP_07158,2025-10-19,1113937,4,3.0,2742,16452,3.0,0,2007,2019,Coastal Suburbs,20012
PROP_07159,2025-11-16,350700,3,1.0,1670,5010,1.0,0,1965,0,Metro City,10004
PROP_07160,2026-02-25,189472,2,1.0,1528,9168,1.5,0,1996,0,Greenwood Valley,40081
PROP_07161,2025-12-29,109740,2,2.5,885,3540,2.0,0,1963,0,Metro City,10002
PROP_07162,2026-02-24,404624,2,1.5,1936,3872,1.0,0,1999,0,Coastal Suburbs,20011
PROP_07163,2025-09-16,961856,6,2.5,4256,17024,2.0,0,1968,0,Tech Park District,30046
PROP_07164,2026-05-23,364050,4,1.0,1618,8090,1.0,0,1955,0,Coastal Suburbs,20013
PROP_07165,2025-09-16,288933,3,1.0,2109,8436,1.5,0,1978,0,Tech Park District,30046
PROP_07166,2026-04-10,395724,3,2.5,2019,8076,1.0,0,1993,0,Greenwood Valley,40081
PROP_07167,2025-06-30,534000,1,2.0,2225,4450,1.5,0,1980,0,Tech Park District,30045
PROP_07168,2025-07-26,194760,2,1.5,1623,8115,1.5,0,1980,0,Tech Park District,30045
PROP_07169,2026-03-20,378450,1,2.0,2088,8352,1.0,0,1976,2018,Tech Park District,30046
PROP_07170,2026-04-19,186300,4,1.0,900,1800,1.0,0,1989,0,Coastal Suburbs,20012
PROP_07171,2026-02-26,811278,4,4.0,3467,24269,2.0,0,1977,0,Coastal Suburbs,20012
PROP_07172,2025-07-15,166152,1,2.5,1204,4816,2.0,0,1968,0,Greenwood Valley,40081
PROP_07173,2026-02-03,270208,2,1.0,2111,6333,1.5,0,1966,0,Greenwood Valley,40081
PROP_07174,2026-05-19,464696,1,2.0,2003,6009,1.0,0,1963,0,Tech Park District,30045
PROP_07175,2026-04-06,889197,5,3.5,2623,10492,2.0,0,1957,0,Metro City,10001
PROP_07176,2026-05-28,204742,4,1.5,1226,3678,1.0,0,2005,0,Coastal Suburbs,20011
PROP_07177,2025-10-26,291742,2,2.0,1958,7832,1.0,0,1951,0,Greenwood Valley,40081
PROP_07178,2026-01-05,185010,1,2.0,881,4405,1.5,0,1998,0,Coastal Suburbs,20012
PROP_07179,2026-04-08,179894,4,1.0,962,1924,1.5,0,2008,0,Greenwood Valley,40081
PROP_07180,2025-11-10,325821,3,1.0,1621,3242,1.5,0,1984,0,Metro City,10002
PROP_07181,2025-10-11,248013,1,2.0,1621,6484,1.0,0,1953,0,Metro City,10001
PROP_07182,2026-02-25,262016,4,1.0,1472,7360,2.0,0,1981,0,Greenwood Valley,40082
PROP_07183,2026-03-22,286928,3,2.5,1264,7584,2.0,0,1976,0,Tech Park District,30046
PROP_07184,2026-04-16,229252,1,1.5,1549,4647,2.0,0,1969,0,Metro City,10003
PROP_07185,2025-11-29,256710,2,1.0,1290,5160,1.0,0,2007,0,Tech Park District,30046
PROP_07186,2025-08-06,298917,4,2.5,1178,7068,2.0,0,1971,2020,Coastal Suburbs,20013
PROP_07187,2026-04-11,211925,1,1.0,1225,3675,1.5,0,1985,0,Coastal Suburbs,20011
PROP_07188,2026-03-16,169952,4,2.5,904,5424,2.0,0,1996,0,Greenwood Valley,40082
PROP_07189,2026-02-10,523452,4,2.0,2172,8688,1.5,0,1978,0,Coastal Suburbs,20011
PROP_07190,2026-02-22,1442542,6,2.5,4473,13419,3.0,0,1972,2017,Metro City,10004
PROP_07191,2026-04-20,499205,4,2.5,1678,10068,1.5,0,2001,2021,Tech Park District,30046
PROP_07192,2026-02-10,417925,4,1.5,1825,10950,1.0,0,1975,0,Metro City,10002
PROP_07193,2026-02-08,332442,1,2.0,1518,7590,1.5,0,1951,0,Tech Park District,30045
PROP_07194,2025-09-01,393118,2,2.5,1837,11022,2.0,0,1960,0,Coastal Suburbs,20013
PROP_07195,2026-04-09,258804,4,1.0,1638,9828,1.0,0,1974,0,Metro City,10004
PROP_07196,2025-09-28,186282,2,2.0,1422,8532,1.0,0,1973,0,Metro City,10003
PROP_07197,2026-05-29,887904,4,3.5,3083,9249,3.0,0,2007,0,Coastal Suburbs,20011
PROP_07198,2025-10-27,484892,3,2.5,2012,8048,2.0,0,1958,0,Tech Park District,30045
PROP_07199,2025-09-08,921088,4,3.5,4112,20560,2.5,0,2007,0,Metro City,10003
PROP_07200,2025-06-01,195228,3,1.5,1479,8874,1.5,0,1974,0,Coastal Suburbs,20013
PROP_07201,2025-07-31,354564,4,1.0,1809,9045,2.0,0,1953,0,Tech Park District,30045
PROP_07202,2025-06-13,246980,3,1.5,1165,4660,2.0,0,1953,0,Metro City,10003
PROP_07203,2026-01-25,1415190,4,4.0,4102,24612,3.0,0,1985,2023,Coastal Suburbs,20012
PROP_07204,2026-04-17,335356,3,2.5,1652,9912,1.0,0,1985,0,Tech Park District,30046
PROP_07205,2025-07-31,181368,1,1.5,916,3664,1.0,0,1984,0,Tech Park District,30045
PROP_07206,2025-09-15,194970,2,1.0,1455,4365,2.0,0,1983,0,Metro City,10001
PROP_07207,2026-04-12,195625,4,2.5,1252,2504,1.5,0,1989,2017,Metro City,10004
PROP_07208,2025-12-30,236600,1,1.0,1300,6500,1.0,0,1986,0,Coastal Suburbs,20011
PROP_07209,2025-12-29,408710,4,1.5,1777,3554,1.0,0,2013,0,Coastal Suburbs,20011
PROP_07210,2025-06-24,247246,3,1.0,1366,4098,2.0,0,1961,0,Greenwood Valley,40081
PROP_07211,2025-11-18,7623811,6,6.0,8020,40100,2.5,1,1951,0,Greenwood Valley,40081
PROP_07212,2025-11-27,279128,1,2.5,1517,9102,1.5,0,2010,0,Tech Park District,30045
PROP_07213,2026-03-14,217000,3,1.0,1240,7440,1.5,0,1962,0,Tech Park District,30046
PROP_07214,2026-04-23,271164,1,1.5,1149,4596,1.5,0,1964,0,Metro City,10001
PROP_07215,2025-09-17,585150,2,2.0,1880,7520,1.0,0,2005,2019,Coastal Suburbs,20012
PROP_07216,2025-06-06,297655,3,1.0,1009,4036,1.5,0,2006,2021,Tech Park District,30045
PROP_07217,2026-04-24,273325,4,2.5,1682,10092,1.5,0,1973,2023,Coastal Suburbs,20013
PROP_07218,2025-09-12,699841,4,4.0,3083,15415,3.0,0,2003,0,Tech Park District,30045
PROP_07219,2026-05-20,340400,4,2.5,1480,7400,1.5,0,1990,0,Metro City,10001
PROP_07220,2025-10-23,269040,2,2.0,1180,3540,1.0,0,2001,0,Tech Park District,30046
PROP_07221,2025-10-09,178490,1,2.5,1373,5492,1.5,0,1969,0,Tech Park District,30045
PROP_07222,2025-07-05,361692,4,2.5,1836,3672,1.5,0,2008,0,Coastal Suburbs,20013
PROP_07223,2025-11-05,955928,6,4.0,2888,11552,2.5,0,1993,0,Tech Park District,30046
PROP_07224,2025-11-01,969951,4,2.5,3139,12556,2.5,0,2011,0,Tech Park District,30045
PROP_07225,2026-02-15,263175,1,1.5,1595,6380,1.5,0,1981,0,Metro City,10003
PROP_07226,2026-03-09,195520,3,2.5,940,2820,2.0,0,1990,0,Greenwood Valley,40082
PROP_07227,2025-11-13,493334,2,1.0,2263,9052,1.0,0,1954,0,Coastal Suburbs,20011
PROP_07228,2025-06-04,584210,2,1.5,2068,4136,2.0,0,1952,2017,Metro City,10002
PROP_07229,2025-07-29,240500,3,2.0,1850,9250,1.5,0,1953,0,Tech Park District,30045
PROP_07230,2026-05-18,937931,6,2.5,3461,10383,3.0,0,2001,0,Coastal Suburbs,20013
PROP_07231,2025-11-18,388281,1,1.5,1775,7100,1.5,0,1955,2017,Coastal Suburbs,20012
PROP_07232,2025-11-22,522588,4,1.0,2354,9416,1.5,0,1983,0,Tech Park District,30045
PROP_07233,2025-12-20,1087065,4,2.5,4284,25704,2.0,0,1971,2025,Coastal Suburbs,20012
PROP_07234,2026-03-19,235235,4,1.0,1001,2002,1.5,0,1965,0,Tech Park District,30045
PROP_07235,2026-04-12,123648,3,2.5,966,5796,2.0,0,1950,0,Greenwood Valley,40082
PROP_07236,2025-06-15,341713,3,2.0,2263,9052,2.0,0,2008,0,Coastal Suburbs,20011
PROP_07237,2025-08-29,197483,2,1.5,1381,2762,1.5,0,1959,0,Greenwood Valley,40081
PROP_07238,2025-09-08,1031730,4,4.0,4335,13005,2.5,0,1953,0,Tech Park District,30046
PROP_07239,2025-11-17,189936,4,2.5,1319,7914,2.0,0,1982,0,Greenwood Valley,40081
PROP_07240,2025-11-21,812170,6,2.5,2410,16870,3.0,0,1950,0,Greenwood Valley,40082
PROP_07241,2026-05-11,519883,4,3.0,2561,10244,2.5,0,1972,0,Metro City,10001
PROP_07242,2026-02-01,404910,1,1.5,2045,4090,1.0,0,1952,0,Tech Park District,30045
PROP_07243,2026-01-29,263078,3,2.0,1007,6042,1.5,0,1987,2022,Greenwood Valley,40081
PROP_07244,2025-06-19,133848,4,1.5,1014,6084,1.5,0,1981,0,Metro City,10003
PROP_07245,2026-04-27,369600,2,2.0,1920,3840,1.0,0,1983,2024,Metro City,10004
PROP_07246,2025-08-09,697840,5,3.5,2684,21472,2.0,0,1970,2016,Greenwood Valley,40081
PROP_07247,2026-02-02,338904,2,1.0,2092,4184,1.5,0,1998,0,Metro City,10004
PROP_07248,2025-08-19,319884,2,1.0,1748,3496,1.0,0,1982,0,Greenwood Valley,40082
PROP_07249,2026-04-18,367455,2,2.5,2227,8908,1.5,0,1975,0,Metro City,10001
PROP_07250,2026-01-22,393587,1,2.0,1702,10212,2.0,0,1962,2022,Greenwood Valley,40081
PROP_07251,2026-03-02,429286,2,2.5,2054,8216,1.5,0,1964,0,Tech Park District,30045
PROP_07252,2025-11-19,455510,3,2.5,2222,4444,2.0,0,1964,0,Greenwood Valley,40081
PROP_07253,2026-01-23,1158784,6,2.5,3292,19752,2.0,0,1974,0,Coastal Suburbs,20011
PROP_07254,2025-12-29,356850,2,2.5,1830,7320,1.0,0,1989,0,Greenwood Valley,40082
PROP_07255,2025-06-29,436240,3,2.0,2296,11480,2.0,0,2004,0,Tech Park District,30045
PROP_07256,2026-02-22,348961,4,1.0,2311,13866,2.0,0,1983,0,Tech Park District,30046
PROP_07257,2025-11-01,966443,4,3.5,2591,15546,3.0,0,2001,0,Coastal Suburbs,20011
PROP_07258,2026-03-17,252326,3,1.0,1597,9582,1.5,0,1988,0,Tech Park District,30045
PROP_07259,2026-05-14,186312,4,1.5,1109,4436,2.0,0,1964,0,Metro City,10001
PROP_07260,2025-11-09,1745870,6,4.0,3563,17815,2.5,1,2015,0,Tech Park District,30046
PROP_07261,2026-03-12,728775,4,4.0,2844,19908,2.5,0,2006,2018,Coastal Suburbs,20013
PROP_07262,2026-03-02,683393,2,1.5,2051,4102,2.0,1,1964,0,Tech Park District,30045
PROP_07263,2025-06-10,428610,3,1.5,2198,8792,1.0,0,2013,0,Coastal Suburbs,20013
PROP_07264,2025-09-15,327030,4,2.5,1982,3964,1.0,0,1986,2019,Coastal Suburbs,20013
PROP_07265,2026-03-23,405955,4,2.5,1342,5368,1.5,0,1989,2022,Coastal Suburbs,20012
PROP_07266,2026-05-17,209664,4,1.5,1344,2688,1.5,0,1954,0,Tech Park District,30046
PROP_07267,2025-11-17,324510,3,2.5,1865,5595,1.0,0,1996,0,Greenwood Valley,40081
PROP_07268,2025-11-29,170280,3,2.0,1290,5160,2.0,0,2000,0,Tech Park District,30046
PROP_07269,2025-07-04,657060,1,2.5,2256,6768,1.5,0,1984,2020,Tech Park District,30046
PROP_07270,2025-08-16,310555,1,1.0,2335,7005,2.0,0,2002,0,Greenwood Valley,40082
PROP_07271,2025-10-22,425500,1,2.5,1850,7400,1.0,0,1975,0,Tech Park District,30045
PROP_07272,2025-06-16,297640,4,1.0,2126,12756,2.0,0,2005,0,Greenwood Valley,40081
PROP_07273,2025-11-21,950276,6,3.0,2692,16152,2.0,0,1993,0,Greenwood Valley,40081
PROP_07274,2025-12-10,312086,4,1.0,2329,4658,2.0,0,1953,0,Coastal Suburbs,20012
PROP_07275,2026-04-17,1254176,5,2.5,3563,14252,2.0,0,1955,0,Tech Park District,30045
PROP_07276,2026-03-01,414321,3,2.0,1254,3762,1.0,1,1993,0,Greenwood Valley,40081
PROP_07277,2025-08-24,1595321,4,4.0,4277,34216,2.5,0,1967,0,Tech Park District,30045
PROP_07278,2026-03-20,182208,4,2.0,876,5256,1.5,0,1959,0,Greenwood Valley,40081
PROP_07279,2026-04-07,544250,3,1.0,2177,10885,2.0,0,2008,0,Coastal Suburbs,20013
PROP_07280,2025-12-17,774145,4,3.0,2894,20258,2.0,0,2011,2017,Tech Park District,30046
PROP_07281,2025-09-04,241072,4,1.5,1159,5795,1.5,0,2005,0,Metro City,10004
PROP_07282,2026-04-01,226899,3,2.5,1483,5932,1.5,0,1966,0,Greenwood Valley,40082
PROP_07283,2025-07-30,440367,3,1.5,1923,11538,1.5,0,2012,0,Metro City,10002
PROP_07284,2025-11-05,1104854,4,3.5,4217,33736,2.0,0,1981,0,Metro City,10002
PROP_07285,2026-05-28,776874,4,2.5,2443,17101,3.0,0,1957,0,Coastal Suburbs,20012
PROP_07286,2025-11-09,313290,1,2.5,1770,5310,2.0,0,1987,0,Tech Park District,30046
PROP_07287,2026-05-30,1380100,5,4.0,3700,29600,2.5,0,1974,0,Greenwood Valley,40082
PROP_07288,2025-06-17,572424,2,2.5,2346,14076,1.5,0,1998,0,Metro City,10003
PROP_07289,2025-10-18,112136,1,1.5,856,2568,1.5,0,1953,0,Tech Park District,30045
PROP_07290,2025-12-29,279415,3,2.0,1927,7708,1.0,0,1979,0,Greenwood Valley,40081
PROP_07291,2025-07-15,231623,4,2.0,1141,6846,1.5,0,1961,0,Coastal Suburbs,20012
PROP_07292,2026-02-10,287051,4,2.0,1901,11406,2.0,0,1960,0,Greenwood Valley,40082
PROP_07293,2025-09-30,234016,1,2.0,1136,4544,1.5,0,1961,0,Tech Park District,30046
PROP_07294,2025-12-08,286650,2,2.5,1575,3150,1.5,0,1967,0,Greenwood Valley,40082
PROP_07295,2026-01-18,295290,4,2.0,1158,5790,2.0,0,1959,2023,Coastal Suburbs,20013
PROP_07296,2025-11-02,399300,2,2.5,1650,4950,1.5,0,1950,0,Greenwood Valley,40081
PROP_07297,2025-09-19,289218,4,2.5,1634,4902,1.5,0,1975,0,Metro City,10004
PROP_07298,2026-02-24,550312,4,1.5,1761,3522,1.0,0,1969,2016,Coastal Suburbs,20012
PROP_07299,2025-11-02,335940,3,1.0,2036,10180,2.0,0,1976,0,Greenwood Valley,40081
PROP_07300,2025-08-29,685542,4,3.5,3102,18612,2.5,0,1967,0,Metro City,10001
PROP_07301,2025-07-28,1143372,6,2.5,3786,22716,2.0,0,1979,0,Greenwood Valley,40081
PROP_07302,2025-12-09,464286,3,1.5,2082,12492,1.5,0,1992,0,Metro City,10001
PROP_07303,2025-06-20,566350,2,1.5,1880,5640,1.0,0,2003,2017,Greenwood Valley,40082
PROP_07304,2025-09-12,375487,2,1.5,1581,6324,2.0,0,1969,2024,Metro City,10002
PROP_07305,2025-07-18,2716848,9,6.0,5958,47664,3.0,0,1982,0,Coastal Suburbs,20013
PROP_07306,2026-01-14,887906,5,3.5,3157,15785,3.0,0,2002,2017,Metro City,10001
PROP_07307,2026-02-15,332055,4,2.0,1413,2826,1.0,0,1990,0,Tech Park District,30045
PROP_07308,2025-06-13,322245,4,2.5,1705,3410,1.0,0,1984,0,Tech Park District,30046
PROP_07309,2026-02-03,492500,4,1.0,1970,9850,2.0,0,1974,0,Tech Park District,30046
PROP_07310,2026-02-12,361536,3,1.5,2152,12912,1.0,0,2003,0,Coastal Suburbs,20013
PROP_07311,2025-08-18,1383537,4,4.0,4231,25386,3.0,0,1975,0,Coastal Suburbs,20013
PROP_07312,2025-09-06,1893990,4,3.5,4354,21770,2.0,0,1993,2016,Coastal Suburbs,20012
PROP_07313,2025-11-22,117384,4,1.5,804,3216,1.0,0,2014,0,Coastal Suburbs,20013
PROP_07314,2026-02-03,322686,2,2.5,1773,7092,1.5,0,1956,0,Greenwood Valley,40082
PROP_07315,2026-02-24,485448,1,1.5,2148,10740,1.5,0,2010,0,Tech Park District,30046
PROP_07316,2025-11-06,301752,3,1.5,2376,4752,1.5,0,1981,0,Metro City,10002
PROP_07317,2025-11-15,397551,1,2.5,1721,5163,1.0,0,1965,0,Tech Park District,30046
PROP_07318,2025-08-13,227835,2,2.5,1245,2490,1.0,0,2015,0,Metro City,10001
PROP_07319,2025-07-21,168046,4,2.5,1151,6906,1.0,0,1971,0,Greenwood Valley,40081
PROP_07320,2026-02-20,385416,3,1.5,1908,5724,1.5,0,2011,0,Greenwood Valley,40082
PROP_07321,2026-05-13,426006,4,1.5,2058,4116,2.0,0,1967,0,Greenwood Valley,40081
PROP_07322,2025-08-07,330240,3,1.5,1920,9600,2.0,0,1954,0,Tech Park District,30046
PROP_07323,2025-09-14,389151,2,2.0,2059,8236,1.0,0,1993,0,Tech Park District,30046
PROP_07324,2025-06-19,347448,4,1.0,1401,8406,2.0,0,1951,0,Tech Park District,30046
PROP_07325,2026-01-22,203280,1,1.0,1320,2640,1.5,0,1984,0,Metro City,10001
PROP_07326,2025-12-16,441245,1,1.0,1801,3602,1.5,0,1981,0,Coastal Suburbs,20011
PROP_07327,2026-02-23,189474,4,1.0,1373,2746,2.0,0,1986,0,Coastal Suburbs,20011
PROP_07328,2025-07-30,895620,4,3.0,3894,19470,2.5,0,1981,0,Coastal Suburbs,20011
PROP_07329,2025-06-03,581643,4,2.5,2315,6945,1.0,0,1958,2019,Coastal Suburbs,20013
PROP_07330,2025-11-07,291678,2,1.0,1686,8430,2.0,0,1979,0,Greenwood Valley,40082
PROP_07331,2025-06-23,502115,4,1.5,2155,4310,2.0,0,1999,0,Coastal Suburbs,20013
PROP_07332,2026-05-18,417787,2,1.5,1714,10284,2.0,0,1956,2023,Coastal Suburbs,20012
PROP_07333,2026-04-01,334705,2,1.0,1834,5502,2.0,0,1985,2025,Greenwood Valley,40082
PROP_07334,2025-07-15,359352,2,2.5,2139,12834,1.5,0,2002,0,Tech Park District,30046
PROP_07335,2025-11-18,174160,1,2.5,1244,2488,1.0,0,1992,0,Coastal Suburbs,20013
PROP_07336,2026-01-26,220968,2,1.5,1364,4092,2.0,0,1999,0,Greenwood Valley,40081
PROP_07337,2025-06-24,186224,4,2.0,904,2712,1.0,0,1952,0,Greenwood Valley,40082
PROP_07338,2025-07-23,322883,3,2.0,2167,13002,2.0,0,1983,0,Greenwood Valley,40081
PROP_07339,2026-02-22,817047,4,3.5,2751,11004,2.0,0,1989,0,Greenwood Valley,40081
PROP_07340,2026-05-04,495314,1,1.5,2182,13092,1.5,0,2001,0,Greenwood Valley,40081
PROP_07341,2025-11-07,360608,3,1.0,1528,7640,1.5,0,1972,0,Coastal Suburbs,20012
PROP_07342,2025-06-12,194337,1,1.5,1359,4077,1.0,0,1974,0,Greenwood Valley,40081
PROP_07343,2026-03-23,252095,4,1.5,1588,6352,1.0,0,1977,2024,Metro City,10004
PROP_07344,2025-11-07,204204,4,1.5,1122,4488,2.0,0,1958,0,Tech Park District,30045
PROP_07345,2026-04-24,245976,4,2.0,1108,5540,1.0,0,1954,0,Metro City,10004
PROP_07346,2025-09-16,270480,1,2.5,1470,4410,1.5,0,2005,0,Greenwood Valley,40082
PROP_07347,2025-11-12,259420,4,1.0,1853,3706,2.0,0,2011,0,Tech Park District,30045
PROP_07348,2025-09-11,211044,2,1.5,1227,6135,1.0,0,1994,0,Metro City,10004
PROP_07349,2025-09-07,310063,3,2.0,1403,4209,1.0,0,1981,0,Tech Park District,30045
PROP_07350,2025-10-25,811025,2,2.5,1923,11538,2.0,1,1950,2024,Coastal Suburbs,20011
PROP_07351,2025-10-20,567524,6,3.0,2677,21416,3.0,0,2014,0,Greenwood Valley,40082
PROP_07352,2026-02-28,356500,2,1.0,2300,11500,1.5,0,2012,0,Greenwood Valley,40081
PROP_07353,2025-11-11,302950,2,2.0,1825,7300,1.0,0,1997,0,Metro City,10004
PROP_07354,2026-01-12,202500,3,2.0,1620,6480,1.5,0,1970,0,Tech Park District,30045
PROP_07355,2026-05-10,331270,1,1.0,1570,9420,1.5,0,1999,0,Coastal Suburbs,20012
PROP_07356,2025-07-31,277387,3,1.5,1661,3322,1.5,0,1998,0,Coastal Suburbs,20011
PROP_07357,2025-10-18,1002660,6,4.0,2949,14745,2.0,0,1955,0,Metro City,10001
PROP_07358,2025-08-16,399728,3,1.0,2324,11620,1.0,0,2011,0,Greenwood Valley,40081
PROP_07359,2025-08-20,949397,4,2.5,2474,7422,3.0,0,2001,2020,Coastal Suburbs,20011
PROP_07360,2025-10-19,1488838,6,2.5,4303,17212,2.0,0,1955,0,Tech Park District,30045
PROP_07361,2025-07-29,267075,2,2.5,1187,2374,1.5,0,1960,0,Tech Park District,30045
PROP_07362,2025-06-08,489786,3,1.0,1991,9955,1.5,0,2004,0,Coastal Suburbs,20013
PROP_07363,2026-04-15,755196,4,2.5,2444,7332,3.0,0,1966,0,Tech Park District,30045
PROP_07364,2026-03-14,1097004,6,4.0,3236,19416,2.0,0,2006,0,Coastal Suburbs,20011
PROP_07365,2026-02-19,385593,1,2.0,1371,8226,1.5,0,1998,2020,Coastal Suburbs,20011
PROP_07366,2025-07-23,537000,2,2.5,2148,12888,1.0,0,1951,0,Tech Park District,30046
PROP_07367,2025-09-14,259700,4,1.5,1225,4900,1.5,0,1998,0,Tech Park District,30046
PROP_07368,2026-03-05,1027544,6,3.5,4354,26124,2.0,0,1969,0,Tech Park District,30045
PROP_07369,2025-11-27,228067,1,2.5,1051,3153,1.5,0,2002,0,Coastal Suburbs,20013
PROP_07370,2026-03-09,256338,3,1.0,1269,7614,1.5,0,1989,0,Tech Park District,30045
PROP_07371,2025-11-11,428298,4,1.5,1734,3468,2.0,0,1975,0,Greenwood Valley,40082
PROP_07372,2025-10-17,1934080,5,3.0,4358,26148,2.0,1,1961,0,Metro City,10001
PROP_07373,2025-08-12,395241,3,2.5,2233,4466,1.0,0,2003,0,Coastal Suburbs,20012
PROP_07374,2026-05-27,507828,4,3.5,2514,15084,2.5,0,1950,0,Greenwood Valley,40081
PROP_07375,2025-10-24,204512,2,1.0,1162,2324,2.0,0,1952,0,Coastal Suburbs,20013
PROP_07376,2026-03-21,166680,3,1.5,926,4630,1.5,0,1979,0,Greenwood Valley,40081
PROP_07377,2025-10-04,1665888,6,3.5,3216,9648,3.0,1,1983,0,Tech Park District,30045
PROP_07378,2025-08-27,305200,2,2.5,1400,2800,1.0,0,2012,0,Greenwood Valley,40082
PROP_07379,2025-07-07,262974,3,2.0,2138,8552,2.0,0,1987,0,Metro City,10004
PROP_07380,2025-11-07,249975,3,2.5,1515,4545,2.0,0,2000,0,Greenwood Valley,40081
PROP_07381,2026-04-10,188980,3,1.5,859,4295,1.5,0,1999,0,Metro City,10003
PROP_07382,2025-11-21,249165,4,1.0,1017,6102,1.5,0,1974,0,Metro City,10002
PROP_07383,2026-03-04,1492650,5,4.0,3210,9630,2.5,0,1968,2025,Tech Park District,30045
PROP_07384,2026-01-14,939639,5,3.5,3229,22603,2.0,0,1973,0,Metro City,10003
PROP_07385,2025-06-26,183552,1,1.5,1434,2868,2.0,0,1976,0,Coastal Suburbs,20013
PROP_07386,2025-08-06,404493,3,2.0,1847,3694,1.0,0,1984,0,Tech Park District,30045
PROP_07387,2025-06-15,846880,5,4.0,2528,17696,2.5,0,2002,0,Coastal Suburbs,20013
PROP_07388,2026-01-28,1384848,4,3.0,3912,19560,2.0,0,1975,0,Tech Park District,30045
PROP_07389,2026-05-12,616550,1,1.0,2090,4180,1.0,0,1982,2024,Coastal Suburbs,20012
PROP_07390,2025-06-26,452176,4,2.5,1916,9580,1.0,0,2014,0,Greenwood Valley,40081
PROP_07391,2025-07-25,281907,4,1.5,1246,7476,1.0,0,1990,2025,Metro City,10004
PROP_07392,2025-12-14,4864469,7,6.0,8287,49722,2.5,0,1968,0,Greenwood Valley,40081
PROP_07393,2025-06-28,240660,2,2.0,1910,7640,1.0,0,1968,0,Tech Park District,30046
PROP_07394,2025-07-15,1127610,6,3.0,3366,26928,3.0,0,1986,2025,Greenwood Valley,40082
PROP_07395,2026-01-05,230748,3,2.0,1722,10332,1.0,0,1992,0,Coastal Suburbs,20011
PROP_07396,2025-12-18,243459,3,1.0,1143,3429,1.0,0,1977,0,Coastal Suburbs,20012
PROP_07397,2025-08-31,276082,1,2.0,1686,3372,1.5,0,1984,2024,Greenwood Valley,40082
PROP_07398,2026-05-27,406210,1,2.0,1658,9948,1.5,0,1973,0,Greenwood Valley,40082
PROP_07399,2026-04-02,423514,1,1.5,2327,4654,2.0,0,2011,0,Greenwood Valley,40081
PROP_07400,2026-03-31,171696,4,2.5,1176,5880,1.0,0,1987,0,Coastal Suburbs,20013
PROP_07401,2026-04-19,200583,1,2.0,969,4845,1.5,0,1960,0,Tech Park District,30045
PROP_07402,2026-05-20,526500,2,2.5,2106,10530,2.0,0,1993,0,Greenwood Valley,40081
PROP_07403,2026-05-25,324688,1,1.0,1784,10704,2.0,0,2002,0,Greenwood Valley,40081
PROP_07404,2026-01-15,900252,6,2.5,4413,30891,2.5,0,1974,0,Greenwood Valley,40081
PROP_07405,2026-04-12,168644,1,2.0,1268,7608,1.5,0,1962,0,Tech Park District,30045
PROP_07406,2025-11-30,330330,4,1.5,2310,6930,1.0,0,1990,0,Tech Park District,30045
PROP_07407,2025-11-07,1020067,4,3.0,3259,19554,2.5,0,1963,0,Metro City,10001
PROP_07408,2025-11-18,406782,2,1.5,1674,3348,1.5,0,1969,0,Tech Park District,30046
PROP_07409,2025-09-10,138978,4,1.0,1103,5515,1.0,0,1992,0,Tech Park District,30045
PROP_07410,2026-05-10,292522,4,1.0,2183,6549,1.5,0,1999,0,Coastal Suburbs,20012
PROP_07411,2026-03-01,135298,4,2.5,1109,6654,1.0,0,1991,0,Tech Park District,30046
PROP_07412,2025-07-11,376940,4,2.0,1604,3208,1.0,0,1983,0,Metro City,10004
PROP_07413,2026-01-25,232540,1,1.0,1540,6160,1.0,0,1995,0,Greenwood Valley,40082
PROP_07414,2026-03-18,218732,3,1.5,1468,2936,2.0,0,1970,0,Greenwood Valley,40081
PROP_07415,2025-08-07,234906,1,2.5,1598,3196,1.0,0,2005,0,Tech Park District,30045
PROP_07416,2025-07-18,204266,1,2.0,813,3252,1.5,0,1964,2016,Tech Park District,30045
PROP_07417,2026-05-24,338808,2,2.5,1486,4458,1.0,0,1987,0,Coastal Suburbs,20013
PROP_07418,2026-01-26,250432,4,2.0,1376,4128,1.5,0,1988,0,Tech Park District,30045
PROP_07419,2025-07-20,190320,3,1.0,1464,7320,2.0,0,2008,0,Coastal Suburbs,20013
PROP_07420,2026-01-20,296980,4,1.5,1916,11496,2.0,0,1965,2016,Tech Park District,30046
PROP_07421,2025-11-06,5185454,8,4.5,7349,44094,4.0,1,1960,0,Tech Park District,30045
PROP_07422,2026-05-17,323640,1,1.0,2088,8352,2.0,0,1968,0,Tech Park District,30046
PROP_07423,2026-04-26,458720,1,1.5,1952,11712,2.0,0,1964,0,Tech Park District,30046
PROP_07424,2026-05-30,294541,2,2.0,2119,10595,1.0,0,1981,0,Tech Park District,30046
PROP_07425,2026-01-25,828004,6,2.5,2612,18284,3.0,0,1969,0,Greenwood Valley,40082
PROP_07426,2026-01-27,871416,4,2.5,2964,11856,2.0,0,2001,0,Tech Park District,30046
PROP_07427,2025-09-27,341742,1,2.0,1462,7310,2.0,0,2012,2024,Metro City,10003
PROP_07428,2025-09-23,254528,1,2.0,1158,3474,2.0,1,2008,0,Tech Park District,30046
PROP_07429,2025-08-13,331056,4,2.0,2299,9196,2.0,0,1960,0,Greenwood Valley,40082
PROP_07430,2026-04-12,177177,2,1.5,1239,6195,1.5,0,1964,0,Metro City,10002
PROP_07431,2025-10-11,305844,1,2.5,2317,11585,1.0,0,2010,0,Greenwood Valley,40082
PROP_07432,2025-12-04,3836242,6,5.0,4749,37992,2.5,1,1999,0,Greenwood Valley,40082
PROP_07433,2025-12-18,203868,3,1.0,1618,6472,1.5,0,1997,0,Coastal Suburbs,20011
PROP_07434,2025-09-02,383595,2,1.0,1284,3852,1.0,0,1961,2021,Greenwood Valley,40081
PROP_07435,2026-05-25,240498,2,2.5,1087,4348,1.0,0,2005,2019,Metro City,10003
PROP_07436,2026-05-07,281061,2,1.5,1837,7348,1.5,0,1997,0,Greenwood Valley,40082
PROP_07437,2025-11-17,159820,3,1.5,1310,7860,2.0,0,1971,0,Coastal Suburbs,20012
PROP_07438,2025-11-14,5559148,8,4.5,7910,110740,2.5,1,1955,0,Coastal Suburbs,20012
PROP_07439,2026-01-19,221523,1,2.5,1801,5403,2.0,0,1961,0,Greenwood Valley,40081
PROP_07440,2026-02-05,230384,2,1.0,968,1936,1.0,0,1987,0,Coastal Suburbs,20011
PROP_07441,2025-06-16,295458,3,2.5,2141,12846,2.0,0,1981,0,Tech Park District,30046
PROP_07442,2025-07-04,655560,5,2.5,2428,9712,3.0,0,2004,0,Greenwood Valley,40081
PROP_07443,2026-01-30,258750,3,1.5,1035,3105,1.0,0,1959,0,Greenwood Valley,40081
PROP_07444,2025-07-28,667318,1,1.0,2179,4358,1.0,0,1955,2017,Tech Park District,30046
PROP_07445,2025-11-27,408112,1,2.5,2218,4436,1.5,0,1990,0,Coastal Suburbs,20011
PROP_07446,2026-02-01,182816,2,1.5,928,2784,2.0,0,1971,0,Tech Park District,30045
PROP_07447,2026-01-23,297888,1,2.5,1712,5136,1.5,0,1989,0,Greenwood Valley,40081
PROP_07448,2025-08-27,874930,5,2.5,3017,12068,2.0,0,1989,0,Greenwood Valley,40082
PROP_07449,2025-10-23,203034,2,1.5,1482,8892,2.0,0,1957,0,Coastal Suburbs,20011
PROP_07450,2025-11-26,763344,4,3.0,3348,20088,2.5,0,1967,0,Metro City,10001
PROP_07451,2026-04-06,945180,4,3.0,3204,9612,2.5,0,1951,0,Greenwood Valley,40081
PROP_07452,2026-03-22,3494442,6,7.5,6342,95130,4.0,0,1975,0,Metro City,10004
PROP_07453,2025-08-05,4022362,8,6.0,5798,69576,4.0,0,1985,2017,Metro City,10004
PROP_07454,2026-02-16,192322,1,2.5,1138,2276,1.5,0,2004,0,Greenwood Valley,40081
PROP_07455,2025-07-23,270200,2,1.0,1400,2800,2.0,0,2007,0,Tech Park District,30046
PROP_07456,2025-12-25,408807,3,1.5,2163,12978,1.5,0,1963,0,Coastal Suburbs,20012
PROP_07457,2025-07-25,136630,3,1.0,1051,3153,1.5,0,2008,0,Greenwood Valley,40082
PROP_07458,2025-11-14,841152,4,2.5,2496,7488,2.0,0,1977,0,Metro City,10001
PROP_07459,2026-03-12,154835,4,1.5,865,2595,2.0,0,1996,0,Metro City,10002
PROP_07460,2026-04-29,125492,3,1.0,916,3664,1.5,0,1999,0,Metro City,10003
PROP_07461,2025-07-07,157696,3,1.0,1024,3072,1.0,0,2011,0,Greenwood Valley,40081
PROP_07462,2025-11-02,332850,1,2.0,1585,7925,2.0,1,1967,0,Coastal Suburbs,20011
PROP_07463,2026-02-28,2053012,5,4.0,4345,13035,3.0,0,1959,2018,Coastal Suburbs,20011
PROP_07464,2026-01-23,1193740,4,2.5,3511,17555,3.0,0,2007,2016,Greenwood Valley,40082
PROP_07465,2025-12-23,231001,3,2.5,1021,6126,2.0,0,1989,2017,Coastal Suburbs,20012
PROP_07466,2026-03-30,558785,2,2.5,1978,11868,2.0,0,2009,2020,Greenwood Valley,40082
PROP_07467,2025-12-29,246130,4,1.5,1630,6520,2.0,0,2011,0,Tech Park District,30046
PROP_07468,2025-10-01,501456,1,2.5,2022,6066,2.0,0,2015,0,Greenwood Valley,40081
PROP_07469,2026-04-14,246295,3,2.5,1135,5675,1.0,0,1971,0,Metro City,10002
PROP_07470,2025-10-03,345345,4,1.5,1771,8855,1.5,0,1989,0,Coastal Suburbs,20011
PROP_07471,2026-03-08,3063520,6,7.5,6560,91840,3.0,0,2006,0,Tech Park District,30046
PROP_07472,2025-08-21,215644,4,2.0,1276,7656,2.0,0,1976,0,Metro City,10003
PROP_07473,2026-02-02,274387,4,2.0,1355,4065,2.0,0,1971,2017,Greenwood Valley,40081
PROP_07474,2025-12-14,1253857,4,2.5,3771,11313,2.0,0,2003,2019,Coastal Suburbs,20011
PROP_07475,2025-07-04,355110,3,1.5,1691,6764,1.0,0,1970,0,Tech Park District,30045
PROP_07476,2025-11-22,257145,1,1.5,1659,3318,1.0,0,2001,0,Coastal Suburbs,20013
PROP_07477,2025-09-15,500293,2,2.0,1915,3830,1.0,0,1984,2019,Coastal Suburbs,20013
PROP_07478,2026-05-22,106880,2,1.0,835,5010,1.5,0,1954,0,Tech Park District,30045
PROP_07479,2026-03-30,150800,4,2.0,1040,2080,1.5,0,2013,0,Metro City,10004
PROP_07480,2026-01-07,399340,1,2.5,1948,5844,1.0,0,1992,0,Metro City,10001
PROP_07481,2026-01-09,252320,3,2.5,1577,7885,1.5,0,1999,2020,Greenwood Valley,40082
PROP_07482,2026-03-18,341462,3,2.0,1411,4233,1.5,0,2001,0,Tech Park District,30046
PROP_07483,2025-11-23,549956,4,1.0,1974,5922,1.0,1,1958,0,Tech Park District,30046
PROP_07484,2026-03-06,433794,2,2.5,2202,11010,1.5,0,1967,0,Coastal Suburbs,20011
PROP_07485,2026-05-22,973176,4,3.0,2967,11868,3.0,0,1967,0,Metro City,10003
PROP_07486,2025-09-29,301210,3,1.0,2317,11585,1.5,0,1971,0,Tech Park District,30045
PROP_07487,2025-08-28,1028379,5,3.0,2833,16998,2.5,0,1994,0,Coastal Suburbs,20012
PROP_07488,2026-05-06,1273883,5,3.5,3379,10137,3.0,0,1996,0,Coastal Suburbs,20012
PROP_07489,2026-05-09,209090,2,1.0,1015,6090,1.5,0,1972,0,Coastal Suburbs,20013
PROP_07490,2025-07-10,331800,1,2.0,2370,14220,1.5,0,1983,0,Tech Park District,30045
PROP_07491,2026-05-31,5953746,7,4.5,7076,35380,4.0,1,1955,0,Metro City,10002
PROP_07492,2026-03-21,1247418,6,3.0,3746,11238,3.0,0,1958,0,Metro City,10003
PROP_07493,2026-02-05,5383960,8,5.0,5486,65832,2.5,1,2010,0,Greenwood Valley,40082
PROP_07494,2025-07-29,250425,2,2.0,945,1890,2.0,0,1963,2020,Coastal Suburbs,20011
PROP_07495,2026-03-31,337500,2,1.5,2000,8000,2.0,0,1969,2018,Greenwood Valley,40082
PROP_07496,2026-04-02,274752,2,2.5,1431,4293,2.0,0,1974,0,Metro City,10003
PROP_07497,2026-01-24,179358,1,2.0,963,5778,1.0,0,2006,2016,Greenwood Valley,40081
PROP_07498,2025-11-14,159536,3,2.0,944,4720,1.0,0,1987,0,Greenwood Valley,40082
PROP_07499,2026-03-12,884467,4,4.0,2881,17286,2.5,0,1991,0,Tech Park District,30045
PROP_07500,2025-07-20,1410725,6,3.5,3092,18552,2.0,0,2004,2017,Coastal Suburbs,20013
PROP_07501,2026-01-14,201780,3,1.5,855,3420,2.0,0,1950,0,Tech Park District,30045
PROP_07502,2025-08-30,436566,2,2.0,2262,9048,1.5,0,1977,0,Tech Park District,30045
PROP_07503,2025-11-05,237407,2,2.0,1193,4772,1.0,0,1982,0,Tech Park District,30045
PROP_07504,2025-12-25,1205940,6,4.0,3980,31840,2.0,0,1950,0,Tech Park District,30046
PROP_07505,2025-07-06,352980,2,2.0,1590,4770,1.5,0,2013,0,Tech Park District,30045
PROP_07506,2026-04-03,126874,4,1.5,803,2409,1.0,0,1964,0,Metro City,10004
PROP_07507,2025-07-26,203112,3,1.5,936,4680,2.0,0,1958,0,Greenwood Valley,40081
PROP_07508,2026-05-17,154804,1,2.0,916,5496,2.0,0,2005,0,Greenwood Valley,40082
PROP_07509,2026-04-02,220320,2,2.5,864,5184,2.0,0,2014,2020,Greenwood Valley,40082
PROP_07510,2025-12-12,1224942,4,3.5,3746,26222,2.5,0,2013,0,Greenwood Valley,40081
PROP_07511,2025-11-15,171380,4,2.0,820,3280,1.5,0,1967,0,Greenwood Valley,40081
PROP_07512,2026-02-09,110424,3,2.5,856,3424,1.0,0,1952,0,Coastal Suburbs,20013
PROP_07513,2026-04-27,318087,4,2.0,1683,8415,1.0,0,1997,0,Greenwood Valley,40081
PROP_07514,2026-05-05,465465,4,1.0,2387,11935,1.5,0,2007,0,Tech Park District,30045
PROP_07515,2025-07-02,695694,6,3.5,2467,9868,2.0,0,1973,0,Greenwood Valley,40081
PROP_07516,2025-07-17,366240,2,2.0,2180,8720,2.0,0,1985,0,Greenwood Valley,40082
PROP_07517,2025-09-20,229502,1,1.0,1183,7098,2.0,0,1980,0,Metro City,10003
PROP_07518,2025-08-11,298737,1,2.5,1747,8735,1.0,0,1979,0,Coastal Suburbs,20012
PROP_07519,2026-03-25,202172,3,1.5,1139,3417,1.0,0,1972,2021,Greenwood Valley,40082
PROP_07520,2026-04-22,106880,2,2.5,835,4175,2.0,0,1976,0,Metro City,10002
PROP_07521,2025-06-01,155688,4,1.5,998,4990,1.5,0,1985,0,Coastal Suburbs,20012
PROP_07522,2025-08-15,5357497,8,7.5,7681,115215,4.0,0,1958,2018,Metro City,10001
PROP_07523,2026-05-05,419025,2,1.0,2265,6795,1.0,0,1976,0,Coastal Suburbs,20012
PROP_07524,2025-08-16,254656,2,1.0,1384,2768,1.0,0,1960,0,Metro City,10001
PROP_07525,2026-01-18,189348,4,2.0,1527,9162,1.0,0,2005,0,Coastal Suburbs,20011
PROP_07526,2026-02-28,979020,4,3.5,4410,26460,2.0,0,1959,0,Tech Park District,30045
PROP_07527,2025-10-28,536316,3,2.0,2244,13464,2.0,0,2013,0,Metro City,10003
PROP_07528,2025-12-17,387675,1,1.5,1723,5169,2.0,0,1983,0,Tech Park District,30046
PROP_07529,2026-04-12,362548,3,1.0,1556,3112,2.0,0,1956,0,Metro City,10004
PROP_07530,2026-03-23,1006749,6,2.5,4143,16572,3.0,0,2010,0,Metro City,10003
PROP_07531,2026-01-15,777852,6,3.0,3162,12648,2.0,0,1979,0,Coastal Suburbs,20012
PROP_07532,2025-09-09,343728,4,1.0,2232,4464,2.0,0,1963,0,Coastal Suburbs,20011
PROP_07533,2025-09-14,970222,5,3.5,3317,19902,3.0,0,1975,2024,Tech Park District,30045
PROP_07534,2026-05-15,331998,4,2.5,1093,6558,1.5,0,1971,2018,Coastal Suburbs,20012
PROP_07535,2025-11-10,178398,3,2.5,1122,6732,1.0,0,1971,0,Coastal Suburbs,20012
PROP_07536,2025-11-01,278630,2,2.5,1490,4470,2.0,0,2009,0,Tech Park District,30046
PROP_07537,2026-03-19,310270,3,1.0,1349,5396,1.5,0,1993,0,Metro City,10002
PROP_07538,2026-05-14,807675,5,4.0,2937,8811,3.0,0,1995,0,Tech Park District,30045
PROP_07539,2025-11-03,235956,1,2.5,1484,7420,2.0,0,2004,0,Coastal Suburbs,20013
PROP_07540,2026-01-09,238080,2,2.5,1280,5120,1.0,0,2005,0,Metro City,10004
PROP_07541,2025-11-24,6151508,9,5.0,6786,33930,3.0,1,1995,2025,Coastal Suburbs,20011
PROP_07542,2025-07-16,4605640,6,7.5,6773,47411,2.5,0,1995,0,Tech Park District,30045
PROP_07543,2026-03-26,335127,1,2.0,1983,11898,1.0,0,1988,0,Greenwood Valley,40082
PROP_07544,2025-06-05,343186,1,2.5,1769,7076,2.0,0,1976,0,Greenwood Valley,40081
PROP_07545,2026-04-10,1089270,6,3.5,3705,18525,2.0,0,1968,0,Tech Park District,30046
PROP_07546,2026-02-17,661231,1,1.0,2251,9004,1.5,0,1985,2019,Greenwood Valley,40081
PROP_07547,2025-12-24,387105,2,2.0,1965,11790,1.5,0,1995,0,Coastal Suburbs,20013
PROP_07548,2025-08-05,909144,4,3.5,4392,35136,3.0,0,1985,0,Tech Park District,30045
PROP_07549,2025-10-29,409504,4,2.5,2144,12864,2.0,0,1983,0,Metro City,10004
PROP_07550,2025-07-02,224867,1,1.5,814,3256,2.0,0,1987,2024,Coastal Suburbs,20013
PROP_07551,2025-12-07,441884,2,2.0,1811,7244,1.5,0,2012,0,Tech Park District,30045
PROP_07552,2026-03-09,220651,3,1.5,947,3788,1.0,0,1964,0,Greenwood Valley,40082
PROP_07553,2025-06-28,365092,2,1.5,2006,8024,1.5,0,1991,0,Coastal Suburbs,20012
PROP_07554,2025-06-01,424710,4,2.5,1755,7020,1.0,0,1977,0,Greenwood Valley,40081
PROP_07555,2026-05-27,792984,5,3.5,3478,24346,2.0,0,1989,0,Coastal Suburbs,20013
PROP_07556,2026-03-14,376740,1,1.5,2070,10350,1.5,0,1982,0,Greenwood Valley,40081
PROP_07557,2025-12-01,356524,4,1.0,1819,3638,1.0,0,1991,0,Metro City,10003
PROP_07558,2025-07-27,224280,1,1.0,1260,3780,1.5,0,1999,0,Greenwood Valley,40081
PROP_07559,2025-10-23,227115,3,2.0,1545,3090,1.0,0,2007,0,Greenwood Valley,40082
PROP_07560,2025-06-16,646674,4,2.5,2422,9688,2.5,0,1958,0,Greenwood Valley,40082
PROP_07561,2025-09-29,257416,2,2.5,1399,5596,1.0,0,1962,0,Tech Park District,30045
PROP_07562,2026-01-08,153824,1,1.5,836,3344,2.0,0,2004,0,Greenwood Valley,40082
PROP_07563,2026-05-26,1792670,6,4.0,4169,29183,2.5,0,1980,2018,Greenwood Valley,40082
PROP_07564,2026-03-30,185040,2,1.0,1028,3084,2.0,0,2015,0,Greenwood Valley,40081
PROP_07565,2025-12-19,378810,2,2.5,1647,9882,1.5,0,1979,0,Tech Park District,30045
PROP_07566,2026-04-17,487795,3,2.0,1991,5973,1.0,0,1986,0,Tech Park District,30046
PROP_07567,2025-11-10,857940,4,3.5,2896,23168,3.0,0,1969,2019,Coastal Suburbs,20012
PROP_07568,2026-05-31,590240,4,2.5,2380,14280,1.0,0,1992,0,Metro City,10003
PROP_07569,2025-12-13,388245,1,2.0,1991,9955,1.0,0,1951,0,Coastal Suburbs,20013
PROP_07570,2025-12-25,403560,4,2.5,2124,10620,1.0,0,1969,0,Coastal Suburbs,20011
PROP_07571,2025-12-13,189336,2,1.5,1176,7056,1.5,0,2009,0,Greenwood Valley,40081
PROP_07572,2026-01-09,1879336,4,3.5,4409,30863,2.0,0,1964,2016,Metro City,10003
PROP_07573,2026-03-07,203719,3,1.0,1487,8922,1.0,0,1985,0,Coastal Suburbs,20011
PROP_07574,2025-09-17,206629,1,2.0,1627,4881,2.0,0,1952,0,Metro City,10004
PROP_07575,2026-05-06,1115949,4,4.0,3683,18415,2.5,0,2012,0,Tech Park District,30045
PROP_07576,2025-08-28,357113,3,1.0,1973,9865,2.0,0,1950,0,Greenwood Valley,40081
PROP_07577,2026-01-30,336082,1,1.5,1706,8530,2.0,0,2012,0,Greenwood Valley,40082
PROP_07578,2025-08-11,4291432,6,4.5,6463,58167,3.0,0,2001,0,Metro City,10002
PROP_07579,2025-09-05,1069280,4,4.0,3280,16400,3.0,0,1999,0,Metro City,10001
PROP_07580,2026-03-12,388692,4,2.0,2124,4248,1.5,0,2012,0,Metro City,10004
PROP_07581,2025-12-14,414100,1,1.0,1616,3232,1.0,0,1968,2022,Metro City,10003
PROP_07582,2025-12-02,305456,2,2.0,2246,4492,2.0,0,1987,0,Metro City,10003
PROP_07583,2025-12-31,207744,4,2.0,1623,3246,1.5,0,2011,0,Tech Park District,30045
PROP_07584,2025-08-18,793023,6,3.0,3433,13732,2.0,0,1973,0,Greenwood Valley,40081
PROP_07585,2025-10-26,463788,4,1.0,1982,7928,2.0,0,1979,0,Coastal Suburbs,20011
PROP_07586,2026-05-10,226733,2,1.0,1391,2782,1.0,0,1958,0,Metro City,10003
PROP_07587,2025-08-04,6345750,7,6.0,8461,109993,3.0,0,1997,0,Coastal Suburbs,20013
PROP_07588,2025-08-08,418683,3,1.5,2083,10415,1.0,0,1987,0,Greenwood Valley,40082
PROP_07589,2025-06-06,509847,1,1.0,2307,4614,2.0,0,2006,0,Coastal Suburbs,20012
PROP_07590,2025-07-07,443693,3,1.0,2323,13938,1.0,0,1975,0,Coastal Suburbs,20012
PROP_07591,2026-04-28,542539,3,1.0,1928,9640,2.0,1,1975,0,Tech Park District,30045
PROP_07592,2025-06-09,1011556,5,3.5,2779,11116,2.5,0,1994,0,Metro City,10001
PROP_07593,2025-08-13,245525,4,2.5,1610,4830,1.0,0,1970,2020,Tech Park District,30046
PROP_07594,2026-02-05,250509,4,2.5,1659,9954,2.0,0,1989,0,Coastal Suburbs,20012
PROP_07595,2026-05-03,236980,4,1.5,1445,2890,1.0,0,2014,0,Tech Park District,30046
PROP_07596,2026-01-10,491562,4,2.5,1625,4875,1.5,0,1975,2016,Greenwood Valley,40082
PROP_07597,2025-08-09,626901,1,2.0,2081,10405,1.5,0,1993,2019,Metro City,10002
PROP_07598,2025-07-14,260205,4,1.5,1045,6270,1.5,0,2001,0,Greenwood Valley,40081
PROP_07599,2025-08-10,308009,1,1.0,1247,3741,2.0,0,2010,0,Metro City,10002
PROP_07600,2026-04-25,4565463,8,4.5,6057,78741,3.0,0,1959,2023,Greenwood Valley,40081
PROP_07601,2025-12-30,341712,4,1.0,2034,4068,1.5,0,1999,0,Coastal Suburbs,20012
PROP_07602,2026-01-20,323334,4,1.0,2277,6831,1.0,0,1980,0,Greenwood Valley,40082
PROP_07603,2026-05-23,1605255,6,3.0,4156,12468,3.0,0,1983,2020,Greenwood Valley,40082
PROP_07604,2026-04-06,301536,2,1.0,2094,10470,1.0,0,1992,0,Metro City,10004
PROP_07605,2026-01-04,187944,4,2.0,1146,2292,2.0,0,1959,0,Greenwood Valley,40082
PROP_07606,2026-04-16,1332743,5,2.5,3055,18330,2.0,0,2008,2017,Coastal Suburbs,20013
PROP_07607,2025-09-01,1007912,5,4.0,2792,11168,2.5,0,1954,0,Tech Park District,30045
PROP_07608,2026-01-19,449780,3,2.5,2092,4184,1.0,0,1994,0,Coastal Suburbs,20013
PROP_07609,2026-02-16,452097,3,1.0,2367,4734,2.0,0,1962,0,Tech Park District,30046
PROP_07610,2026-01-04,366528,4,1.0,1992,3984,1.5,0,1965,0,Coastal Suburbs,20011
PROP_07611,2026-03-10,335412,1,2.0,1386,5544,1.0,0,1983,0,Coastal Suburbs,20013
PROP_07612,2026-01-17,157824,1,2.0,1096,5480,2.0,0,1986,0,Coastal Suburbs,20012
PROP_07613,2025-12-14,3251673,9,6.0,7407,81477,2.5,0,1988,0,Greenwood Valley,40081
PROP_07614,2025-11-29,144054,4,1.5,954,4770,1.5,0,1961,0,Coastal Suburbs,20013
PROP_07615,2025-09-24,271580,2,2.5,1835,5505,1.5,0,2005,0,Greenwood Valley,40081
PROP_07616,2025-09-04,571477,4,2.0,2309,13854,2.0,0,1995,2017,Metro City,10001
PROP_07617,2026-01-04,876420,6,2.5,3246,19476,2.5,0,1950,0,Metro City,10001
PROP_07618,2026-04-06,419175,2,2.5,1725,5175,1.0,0,2006,0,Greenwood Valley,40082
PROP_07619,2025-06-04,283566,2,1.5,1698,10188,2.0,0,1959,0,Metro City,10001
PROP_07620,2026-03-23,224328,2,2.5,1101,4404,1.0,0,1998,2016,Greenwood Valley,40081
PROP_07621,2026-02-11,319145,2,2.0,2059,12354,1.5,0,1989,0,Coastal Suburbs,20013
PROP_07622,2025-09-30,142206,3,1.5,822,2466,1.0,0,1958,0,Metro City,10004
PROP_07623,2026-05-31,105286,2,2.0,863,2589,1.5,0,1974,0,Tech Park District,30045
PROP_07624,2026-02-12,1077829,5,3.5,2862,14310,3.0,1,1982,0,Metro City,10003
PROP_07625,2025-10-16,297021,1,1.0,1641,8205,1.5,0,1977,0,Tech Park District,30045
PROP_07626,2025-12-28,3113440,9,5.0,4880,34160,3.0,0,1960,0,Greenwood Valley,40082
PROP_07627,2026-03-07,270400,3,2.5,2080,6240,1.5,0,1954,0,Metro City,10002
PROP_07628,2026-03-23,1402170,5,2.5,4249,21245,2.0,0,2004,0,Metro City,10001
PROP_07629,2025-12-05,255300,2,1.0,1380,6900,1.0,0,2006,0,Metro City,10003
PROP_07630,2025-06-18,120834,3,1.5,822,1644,1.5,0,1955,0,Tech Park District,30045
PROP_07631,2025-06-20,425565,2,2.5,1737,5211,2.0,0,1993,0,Coastal Suburbs,20013
PROP_07632,2026-03-18,565977,2,1.5,2273,9092,1.5,0,2012,0,Tech Park District,30046
PROP_07633,2026-02-03,487410,4,2.0,2110,8440,2.0,0,1950,0,Coastal Suburbs,20012
PROP_07634,2026-05-27,114948,4,1.5,927,3708,1.5,0,1984,0,Greenwood Valley,40081
PROP_07635,2025-12-06,906553,6,2.5,3167,19002,3.0,0,1975,2022,Greenwood Valley,40082
PROP_07636,2025-07-28,502512,1,1.0,2204,11020,2.0,0,1999,0,Metro City,10002
PROP_07637,2026-03-25,418122,1,1.5,2349,4698,2.0,0,1981,0,Coastal Suburbs,20011
PROP_07638,2026-02-02,1080801,5,3.5,4141,12423,2.0,0,1989,0,Tech Park District,30045
PROP_07639,2026-05-20,456626,1,1.0,1994,11964,1.5,0,2010,0,Tech Park District,30045
PROP_07640,2025-07-11,160225,3,2.5,986,2958,1.5,0,1981,2016,Greenwood Valley,40082
PROP_07641,2025-08-12,288960,4,2.0,1204,6020,1.5,0,2003,2024,Metro City,10001
PROP_07642,2026-02-25,569408,4,1.5,2296,6888,2.0,0,1976,0,Tech Park District,30045
PROP_07643,2025-10-22,218300,3,2.5,1180,7080,2.0,0,1952,0,Greenwood Valley,40082
PROP_07644,2026-01-25,268551,1,1.0,1689,5067,1.0,0,1980,0,Metro City,10003
PROP_07645,2026-02-20,1405349,6,2.5,3677,11031,3.0,1,1999,0,Coastal Suburbs,20011
PROP_07646,2025-07-11,920304,5,2.5,2988,11952,2.0,0,2004,0,Metro City,10003
PROP_07647,2026-02-23,1490730,5,3.5,4029,20145,2.0,0,1999,0,Greenwood Valley,40081
PROP_07648,2026-04-09,288576,4,1.0,1503,7515,1.0,0,2011,0,Tech Park District,30046
PROP_07649,2025-07-16,384384,1,2.5,1664,8320,1.0,0,1970,0,Coastal Suburbs,20011
PROP_07650,2025-10-04,237843,2,1.5,1149,4596,2.0,0,1965,0,Metro City,10001
PROP_07651,2026-01-28,851254,5,2.5,2711,10844,2.0,0,2005,0,Tech Park District,30045
PROP_07652,2026-04-19,957290,5,2.5,3301,16505,2.0,0,1967,0,Coastal Suburbs,20011
PROP_07653,2026-05-06,380436,1,2.5,1941,9705,2.0,0,1996,0,Metro City,10003
PROP_07654,2026-05-09,328250,4,2.5,1313,6565,1.0,0,2002,0,Tech Park District,30045
PROP_07655,2025-07-10,407798,3,2.0,2291,11455,1.5,0,1959,0,Greenwood Valley,40082
PROP_07656,2026-05-17,454720,2,2.0,1856,3712,1.0,0,1966,0,Metro City,10001
PROP_07657,2026-04-21,1438122,4,3.0,4074,20370,3.0,0,1961,0,Metro City,10004
PROP_07658,2026-03-04,308200,1,1.5,2300,11500,1.5,0,2004,0,Greenwood Valley,40082
PROP_07659,2026-03-24,421762,1,2.5,1630,3260,1.0,0,1985,2021,Coastal Suburbs,20011
PROP_07660,2025-11-07,454755,2,2.5,1988,11928,1.0,0,1954,2024,Tech Park District,30045
PROP_07661,2026-04-10,213458,4,2.5,1106,3318,1.0,0,1989,0,Metro City,10004
PROP_07662,2025-06-28,368424,3,1.0,2193,6579,1.0,0,2006,0,Coastal Suburbs,20011
PROP_07663,2025-11-23,923200,4,2.5,2885,17310,3.0,0,2011,0,Metro City,10003
PROP_07664,2026-03-01,188682,3,1.0,1534,7670,1.5,0,2014,0,Tech Park District,30046
PROP_07665,2025-06-06,309550,3,2.0,2050,6150,1.5,0,1957,0,Coastal Suburbs,20011
PROP_07666,2026-01-27,210661,1,2.5,1327,5308,1.5,0,1968,2016,Greenwood Valley,40082
PROP_07667,2026-01-19,329820,1,2.5,1380,2760,2.0,0,1999,0,Metro City,10003
PROP_07668,2026-02-18,319725,4,2.0,2205,4410,2.0,0,2011,0,Metro City,10003
PROP_07669,2026-01-27,237046,4,2.0,1769,3538,2.0,0,2006,0,Coastal Suburbs,20013
PROP_07670,2026-03-21,467625,2,2.0,2175,6525,1.5,0,1991,0,Greenwood Valley,40081
PROP_07671,2025-11-17,206476,3,2.0,1259,2518,1.0,0,1952,0,Tech Park District,30045
PROP_07672,2026-01-02,789727,4,3.5,2851,19957,2.5,0,1973,0,Tech Park District,30045
PROP_07673,2025-11-28,583590,2,2.5,2382,7146,1.5,0,1991,0,Tech Park District,30046
PROP_07674,2025-10-29,299174,4,1.0,1113,5565,1.0,1,1970,0,Coastal Suburbs,20013
PROP_07675,2025-10-27,482944,4,1.0,2156,8624,1.0,0,2001,0,Greenwood Valley,40081
PROP_07676,2025-08-25,303784,1,2.0,2392,9568,1.5,0,1958,0,Metro City,10002
PROP_07677,2025-06-19,341721,3,1.0,1237,2474,2.0,0,1983,2020,Metro City,10001
PROP_07678,2026-05-22,1038492,4,3.0,3804,26628,2.0,0,1993,0,Metro City,10004
PROP_07679,2026-04-02,172040,4,1.0,935,1870,1.0,0,1993,0,Greenwood Valley,40082
PROP_07680,2025-11-03,338118,4,2.0,2398,11990,1.0,0,1960,0,Greenwood Valley,40082
PROP_07681,2026-03-16,309500,3,2.0,1238,7428,1.0,0,1997,2017,Metro City,10001
PROP_07682,2025-10-12,222856,3,2.0,1252,3756,1.0,0,1974,0,Greenwood Valley,40082
PROP_07683,2025-07-02,3383284,8,4.5,7078,49546,4.0,0,2004,0,Metro City,10001
PROP_07684,2026-04-19,259500,2,2.5,1384,8304,1.0,0,1969,2020,Coastal Suburbs,20013
PROP_07685,2026-01-29,1478945,6,3.5,3965,27755,2.5,0,1988,0,Coastal Suburbs,20011
PROP_07686,2026-03-24,328992,2,1.0,1788,3576,1.0,0,1968,0,Metro City,10002
PROP_07687,2025-08-26,4958457,8,4.5,7959,79590,4.0,0,1958,0,Tech Park District,30045
PROP_07688,2026-03-21,383894,3,1.5,1613,6452,2.0,0,2003,0,Coastal Suburbs,20011
PROP_07689,2025-06-27,281210,3,1.0,922,5532,2.0,0,1978,2022,Greenwood Valley,40081
PROP_07690,2026-05-03,247598,3,1.5,1391,5564,1.0,0,2001,0,Metro City,10003
PROP_07691,2025-10-28,897446,4,3.0,4294,30058,2.5,0,1984,0,Metro City,10004
PROP_07692,2026-04-16,389581,4,2.0,1747,6988,1.0,0,1997,0,Tech Park District,30045
PROP_07693,2025-06-14,152250,2,1.5,1015,4060,1.5,0,1964,0,Metro City,10004
PROP_07694,2025-10-25,243352,3,2.5,1371,8226,1.5,0,1978,2018,Coastal Suburbs,20012
PROP_07695,2026-02-04,217917,4,1.5,1153,6918,1.5,0,1973,0,Greenwood Valley,40082
PROP_07696,2025-07-13,980718,5,2.5,2853,17118,3.0,0,1978,2022,Metro City,10003
PROP_07697,2025-08-04,428895,2,1.5,1765,7060,1.5,0,1986,0,Tech Park District,30045
PROP_07698,2026-02-14,495444,4,1.5,2337,14022,1.0,0,1993,0,Coastal Suburbs,20011
PROP_07699,2025-07-10,363116,1,2.5,1537,4611,1.5,0,1970,2016,Tech Park District,30046
PROP_07700,2025-10-21,530233,5,3.0,2537,15222,2.0,0,2008,0,Greenwood Valley,40081
PROP_07701,2025-10-08,1230472,4,3.0,4157,16628,2.5,0,1955,0,Coastal Suburbs,20012
PROP_07702,2025-08-07,202134,3,1.0,1142,2284,1.0,0,1965,0,Tech Park District,30045
PROP_07703,2026-04-12,325968,4,1.0,1525,4575,2.0,0,1956,2018,Coastal Suburbs,20013
PROP_07704,2025-10-22,4150778,9,7.5,5749,51741,2.5,0,1961,0,Coastal Suburbs,20012
PROP_07705,2025-10-19,108416,1,2.5,896,2688,1.5,0,2011,0,Coastal Suburbs,20011
PROP_07706,2025-10-10,289412,3,1.0,1781,8905,1.0,0,1952,2019,Coastal Suburbs,20011
PROP_07707,2025-06-08,249561,1,2.0,1027,3081,1.0,0,1953,0,Tech Park District,30045
PROP_07708,2025-07-28,173010,2,1.0,1185,3555,1.0,0,1965,0,Metro City,10004
PROP_07709,2026-04-06,939159,6,2.5,3141,25128,3.0,0,1990,0,Coastal Suburbs,20013
PROP_07710,2025-08-29,462210,2,1.5,2201,4402,1.0,0,2004,2025,Coastal Suburbs,20012
PROP_07711,2026-03-30,487024,3,2.5,1996,11976,2.0,0,1959,0,Coastal Suburbs,20013
PROP_07712,2025-08-17,165060,4,1.5,1310,6550,1.5,0,1961,0,Tech Park District,30046
PROP_07713,2026-05-04,217440,2,1.5,1812,10872,2.0,0,2007,0,Tech Park District,30045
PROP_07714,2026-01-15,932176,6,3.0,2842,22736,2.0,0,1999,0,Coastal Suburbs,20013
PROP_07715,2025-12-07,845404,4,3.5,3052,15260,2.5,0,1974,0,Tech Park District,30045
PROP_07716,2025-08-29,547773,4,1.0,2001,4002,1.5,0,1953,2024,Coastal Suburbs,20011
PROP_07717,2025-10-12,621880,1,1.0,2221,11105,1.5,0,1972,2020,Coastal Suburbs,20013
PROP_07718,2026-05-25,1124352,6,3.5,3072,15360,2.0,0,2015,0,Coastal Suburbs,20012
PROP_07719,2025-09-29,890188,5,3.0,4028,16112,2.0,0,1981,0,Greenwood Valley,40082
PROP_07720,2026-02-04,823990,5,4.0,2516,17612,3.0,0,1967,2024,Coastal Suburbs,20013
PROP_07721,2025-09-01,307192,1,2.0,1517,3034,1.5,0,1952,2024,Coastal Suburbs,20011
PROP_07722,2026-02-26,263440,2,1.0,1424,5696,2.0,0,1986,0,Greenwood Valley,40081
PROP_07723,2025-06-17,261461,3,1.5,1143,5715,1.0,0,1959,2017,Greenwood Valley,40081
PROP_07724,2025-11-23,352132,3,2.0,1661,8305,1.5,0,2010,0,Coastal Suburbs,20011
PROP_07725,2025-07-14,176396,1,2.0,836,5016,1.0,0,1985,0,Coastal Suburbs,20011
PROP_07726,2025-08-14,350819,3,1.5,2179,6537,1.0,0,1983,0,Tech Park District,30045
PROP_07727,2026-04-01,394111,4,1.0,1649,3298,1.0,0,1989,0,Coastal Suburbs,20013
PROP_07728,2025-08-18,498240,3,2.0,2076,12456,1.0,0,1995,0,Tech Park District,30045
PROP_07729,2026-02-09,1260250,5,3.0,2840,22720,2.5,0,1984,2016,Metro City,10003
PROP_07730,2025-12-29,548049,4,2.5,2201,11005,1.5,0,1991,0,Coastal Suburbs,20013
PROP_07731,2025-12-14,307764,2,2.0,1236,3708,1.5,0,1973,0,Metro City,10003
PROP_07732,2025-09-30,119168,3,1.0,896,2688,2.0,0,2012,0,Metro City,10003
PROP_07733,2026-05-05,929070,4,4.0,2997,17982,2.0,0,2006,0,Tech Park District,30045
PROP_07734,2026-01-12,705915,6,4.0,2835,14175,2.0,0,1950,0,Metro City,10003
PROP_07735,2026-04-23,357277,2,1.5,1809,10854,1.0,0,2012,2023,Metro City,10002
PROP_07736,2025-08-25,406272,2,2.0,2208,13248,2.0,0,1961,0,Coastal Suburbs,20012
PROP_07737,2025-09-16,597000,3,2.0,2388,4776,2.0,0,1968,0,Greenwood Valley,40081
PROP_07738,2026-03-23,941976,4,4.0,3528,28224,3.0,0,1956,0,Tech Park District,30045
PROP_07739,2025-11-24,194020,2,2.5,890,2670,2.0,0,2013,0,Metro City,10004
PROP_07740,2025-06-28,162927,2,2.5,1263,7578,1.0,0,1976,0,Greenwood Valley,40081
PROP_07741,2026-04-25,148687,3,2.5,915,2745,1.5,0,2010,2025,Greenwood Valley,40082
PROP_07742,2025-10-14,270760,1,2.5,1934,3868,1.0,0,2001,0,Metro City,10002
PROP_07743,2025-07-30,202368,2,2.5,1488,2976,1.0,0,1996,0,Tech Park District,30045
PROP_07744,2025-06-27,317373,4,1.0,2159,4318,1.0,0,1974,0,Coastal Suburbs,20012
PROP_07745,2025-08-25,3230855,8,7.5,6745,40470,3.0,0,2005,0,Coastal Suburbs,20012
PROP_07746,2026-01-24,843817,5,4.0,2778,13890,2.0,0,1988,2017,Coastal Suburbs,20012
PROP_07747,2025-12-22,201612,1,2.5,1268,5072,2.0,0,1989,0,Metro City,10002
PROP_07748,2026-01-30,4391317,9,7.5,7145,57160,2.5,1,1957,0,Tech Park District,30045
PROP_07749,2025-11-02,317170,1,2.5,1610,6440,1.5,0,1958,0,Tech Park District,30046
PROP_07750,2026-01-30,395482,2,1.0,1674,6696,2.0,0,2008,2018,Greenwood Valley,40082
PROP_07751,2026-02-28,317243,4,1.0,1315,6575,1.5,0,1998,2016,Greenwood Valley,40081
PROP_07752,2025-09-28,1033395,6,4.0,3340,16700,3.0,1,1991,0,Tech Park District,30046
PROP_07753,2025-12-12,286902,4,1.5,1782,8910,1.0,0,1958,0,Tech Park District,30045
PROP_07754,2026-05-16,373520,1,1.5,1624,8120,1.0,0,1982,0,Greenwood Valley,40082
PROP_07755,2026-05-28,417501,2,2.0,2209,8836,1.0,0,1954,0,Coastal Suburbs,20012
PROP_07756,2025-12-17,6598810,8,5.0,8372,58604,3.0,1,2006,0,Metro City,10002
PROP_07757,2026-01-29,251327,4,2.5,878,4390,1.5,0,2000,2023,Coastal Suburbs,20011
PROP_07758,2025-10-13,406864,4,2.5,1724,3448,2.0,0,1963,0,Coastal Suburbs,20012
PROP_07759,2025-08-14,573821,2,1.5,2381,7143,2.0,0,1972,0,Coastal Suburbs,20011
PROP_07760,2026-02-27,271796,2,1.5,1142,6852,2.0,0,1993,0,Greenwood Valley,40082
PROP_07761,2026-01-09,273020,1,2.0,1460,7300,1.5,0,2006,0,Greenwood Valley,40081
PROP_07762,2025-06-07,208152,1,1.0,1652,9912,1.0,0,1980,0,Greenwood Valley,40081
PROP_07763,2025-10-26,197152,3,1.0,808,3232,2.0,0,1956,0,Metro City,10002
PROP_07764,2026-01-16,150689,4,1.5,1133,3399,1.5,0,1955,0,Coastal Suburbs,20012
PROP_07765,2025-12-13,486160,3,1.5,2360,9440,1.0,0,1957,0,Greenwood Valley,40081
PROP_07766,2026-05-14,367525,1,2.0,1525,3050,1.5,0,1972,0,Tech Park District,30046
PROP_07767,2025-11-09,569486,2,1.0,2007,12042,1.0,0,1988,2017,Greenwood Valley,40082
PROP_07768,2026-02-27,323532,4,2.5,1548,7740,1.5,0,2008,0,Greenwood Valley,40082
PROP_07769,2026-05-16,1142560,5,3.0,3088,15440,2.0,0,1964,0,Greenwood Valley,40081
PROP_07770,2025-06-22,267720,2,1.0,1380,2760,1.0,0,1983,0,Metro City,10001
PROP_07771,2025-07-20,117376,2,2.0,917,5502,1.0,0,1956,0,Metro City,10004
PROP_07772,2026-02-28,285572,2,1.5,2303,6909,1.5,0,2001,0,Tech Park District,30046
PROP_07773,2026-04-23,949732,6,4.0,4438,17752,3.0,0,1998,0,Metro City,10004
PROP_07774,2025-11-29,286875,2,2.5,1275,7650,1.0,0,2015,2024,Tech Park District,30045
PROP_07775,2026-01-08,332878,4,2.5,1829,5487,1.5,0,1992,0,Greenwood Valley,40081
PROP_07776,2026-04-09,6127016,6,6.0,7705,53935,3.0,1,1989,0,Greenwood Valley,40082
PROP_07777,2026-04-30,538954,2,2.0,2182,6546,1.0,0,2001,0,Tech Park District,30046
PROP_07778,2025-10-18,483500,3,1.0,1934,5802,1.5,0,1993,0,Greenwood Valley,40082
PROP_07779,2025-11-19,431800,3,2.0,2159,6477,1.5,0,1963,2025,Coastal Suburbs,20012
PROP_07780,2025-10-17,1221595,6,2.5,4141,16564,2.5,0,1987,0,Tech Park District,30045
PROP_07781,2025-10-15,497887,4,2.0,2130,12780,2.0,0,1969,2025,Coastal Suburbs,20013
PROP_07782,2025-07-21,163850,4,2.5,1130,5650,2.0,0,1972,0,Tech Park District,30045
PROP_07783,2025-10-09,304473,2,1.5,1443,2886,1.5,0,1976,0,Metro City,10003
PROP_07784,2026-05-02,5169990,6,4.5,7034,35170,4.0,0,1995,0,Greenwood Valley,40081
PROP_07785,2026-03-27,1209455,6,3.5,4045,16180,3.0,0,1994,0,Coastal Suburbs,20012
PROP_07786,2025-12-18,1167477,5,4.0,3637,29096,2.0,0,2008,0,Metro City,10002
PROP_07787,2026-01-23,249504,2,1.0,1356,4068,1.5,0,1971,0,Coastal Suburbs,20012
PROP_07788,2026-05-12,282360,4,2.0,2172,13032,1.5,0,1951,0,Coastal Suburbs,20013
PROP_07789,2025-10-02,296361,2,2.5,1989,11934,2.0,0,1989,0,Metro City,10002
PROP_07790,2026-05-11,205836,2,2.0,1009,5045,1.5,0,1978,0,Greenwood Valley,40081
PROP_07791,2026-03-29,200690,3,2.0,854,3416,1.5,0,1995,0,Metro City,10002
PROP_07792,2025-09-08,232338,4,2.5,1169,7014,2.0,0,1995,2016,Coastal Suburbs,20013
PROP_07793,2026-02-22,342943,2,1.0,1423,7115,1.5,0,1981,0,Coastal Suburbs,20011
PROP_07794,2025-11-20,123012,3,2.0,918,2754,2.0,0,1962,0,Metro City,10002
PROP_07795,2026-05-13,488266,3,2.0,2026,4052,2.0,0,1967,0,Tech Park District,30045
PROP_07796,2026-05-20,267483,2,1.5,1641,8205,2.0,0,2015,0,Tech Park District,30045
PROP_07797,2025-09-01,263442,1,1.5,1587,9522,1.0,0,1989,0,Metro City,10004
PROP_07798,2025-11-08,286150,2,1.5,1475,5900,1.5,0,1987,0,Coastal Suburbs,20013
PROP_07799,2026-03-08,212706,2,2.0,1313,2626,1.0,0,2005,0,Greenwood Valley,40081
PROP_07800,2025-06-06,760848,6,4.0,2882,8646,2.0,0,1986,0,Greenwood Valley,40082
PROP_07801,2026-05-11,369733,4,1.0,1673,5019,1.5,0,1958,0,Metro City,10001
PROP_07802,2025-06-05,1793653,6,2.5,3997,19985,3.0,0,1978,2017,Tech Park District,30046
PROP_07803,2025-07-05,1299960,4,2.5,3768,30144,2.5,0,1988,0,Coastal Suburbs,20013
PROP_07804,2025-06-07,1474240,5,4.0,4336,21680,3.0,0,2007,2021,Metro City,10003
PROP_07805,2025-12-28,1362702,4,4.0,3754,18770,3.0,0,2005,0,Greenwood Valley,40081
PROP_07806,2025-07-21,365802,2,2.0,1487,8922,1.5,0,1965,0,Greenwood Valley,40081
PROP_07807,2026-02-24,651734,5,4.0,2846,19922,3.0,0,1996,0,Metro City,10003
PROP_07808,2025-07-24,208119,1,1.5,1203,2406,1.5,0,1981,0,Metro City,10002
PROP_07809,2026-05-17,318208,3,2.5,1408,7040,1.5,0,1952,0,Greenwood Valley,40082
PROP_07810,2026-01-15,142295,4,1.5,955,4775,2.0,0,1966,0,Coastal Suburbs,20011
PROP_07811,2025-11-27,136502,2,2.0,1042,5210,1.5,0,2012,0,Metro City,10003
PROP_07812,2025-09-21,398250,3,2.0,1800,7200,1.5,0,1987,2018,Tech Park District,30046
PROP_07813,2025-10-24,328125,2,2.0,1875,7500,2.0,0,1974,0,Coastal Suburbs,20012
PROP_07814,2025-10-07,921954,4,2.5,2519,17633,2.0,0,2002,0,Tech Park District,30045
PROP_07815,2025-09-07,477731,2,1.5,2235,6705,1.0,0,1978,2025,Metro City,10003
PROP_07816,2025-06-18,500555,1,1.5,2395,9580,2.0,0,1994,0,Tech Park District,30045
PROP_07817,2025-06-13,281040,4,1.5,2342,4684,1.0,0,1956,0,Tech Park District,30046
PROP_07818,2026-04-14,309672,4,2.0,1564,6256,1.0,0,2000,0,Greenwood Valley,40081
PROP_07819,2025-07-18,1565380,4,4.0,3772,22632,3.0,0,1955,2018,Coastal Suburbs,20011
PROP_07820,2025-06-30,251767,2,1.0,1129,2258,1.0,0,1985,0,Metro City,10002
PROP_07821,2026-04-01,419015,4,1.5,1852,11112,1.0,0,1957,2024,Metro City,10001
PROP_07822,2026-05-03,1135897,5,2.5,4319,30233,2.5,0,1956,0,Metro City,10003
PROP_07823,2025-09-20,219032,1,2.5,1672,10032,1.0,0,2009,0,Tech Park District,30045
PROP_07824,2026-04-03,1541464,6,2.5,4481,22405,2.0,0,1986,0,Greenwood Valley,40081
PROP_07825,2026-04-23,325146,4,1.5,1391,4173,1.5,0,1968,2021,Metro City,10004
PROP_07826,2025-08-02,4421300,8,5.0,6802,95228,2.5,0,1967,0,Tech Park District,30046
PROP_07827,2026-05-29,410168,4,2.0,1738,5214,1.5,0,1990,0,Coastal Suburbs,20012
PROP_07828,2025-08-01,266202,4,2.5,1929,11574,1.5,0,1977,0,Tech Park District,30045
PROP_07829,2025-07-15,267044,4,2.0,1322,2644,2.0,0,2005,0,Greenwood Valley,40081
PROP_07830,2026-04-06,282722,1,1.5,1991,5973,1.0,0,1960,0,Greenwood Valley,40082
PROP_07831,2025-08-06,563255,4,3.0,2695,13475,2.5,0,1964,0,Coastal Suburbs,20011
PROP_07832,2025-12-10,399058,4,2.5,2134,8536,1.0,0,1969,0,Coastal Suburbs,20011
PROP_07833,2026-05-03,406134,1,2.5,1863,7452,2.0,0,1984,0,Metro City,10004
PROP_07834,2026-04-28,293406,4,2.0,1857,5571,2.0,0,1988,0,Tech Park District,30046
PROP_07835,2026-03-17,846200,5,3.0,4231,25386,2.0,0,1956,0,Metro City,10001
PROP_07836,2025-09-03,423878,3,1.5,1918,3836,1.0,0,1961,0,Tech Park District,30045
PROP_07837,2025-07-27,613827,2,1.5,2222,4444,2.0,0,1976,2021,Metro City,10004
PROP_07838,2026-05-23,951855,4,3.5,2759,16554,2.0,0,1953,0,Greenwood Valley,40081
PROP_07839,2025-09-03,473100,2,2.0,2280,11400,1.5,0,1969,2025,Coastal Suburbs,20011
PROP_07840,2025-10-08,284602,3,2.5,973,5838,1.0,0,2008,2021,Metro City,10003
PROP_07841,2025-10-29,148718,4,1.5,1219,3657,1.5,0,1973,0,Coastal Suburbs,20012
PROP_07842,2026-01-26,345580,3,2.0,2335,7005,1.5,0,1957,0,Metro City,10002
PROP_07843,2026-05-05,204204,1,1.0,1547,4641,2.0,0,2015,0,Metro City,10001
PROP_07844,2025-07-09,198006,2,1.5,1082,3246,2.0,0,2012,0,Metro City,10004
PROP_07845,2026-04-24,422870,4,1.0,1726,5178,1.0,0,1958,0,Metro City,10002
PROP_07846,2026-01-19,442029,2,2.5,2037,10185,1.5,0,2001,0,Greenwood Valley,40082
PROP_07847,2025-10-20,573361,4,1.5,2399,7197,1.5,0,1968,0,Greenwood Valley,40082
PROP_07848,2026-01-05,427656,1,2.0,2076,12456,1.0,0,2003,0,Tech Park District,30045
PROP_07849,2026-05-21,215100,3,2.0,1195,4780,1.0,0,1991,0,Greenwood Valley,40081
PROP_07850,2026-05-08,451584,4,2.5,2016,12096,2.0,0,2015,0,Coastal Suburbs,20011
PROP_07851,2025-11-13,470633,3,2.5,2389,11945,2.0,0,1984,0,Greenwood Valley,40082
PROP_07852,2025-10-10,202312,4,2.5,968,5808,2.0,0,2011,0,Coastal Suburbs,20011
PROP_07853,2025-08-22,273989,2,2.0,1207,4828,1.0,0,1989,0,Metro City,10001
PROP_07854,2025-07-08,419017,3,1.0,1879,5637,1.0,0,1983,0,Coastal Suburbs,20011
PROP_07855,2025-10-20,504832,1,2.5,2176,13056,1.5,0,1970,0,Metro City,10001
PROP_07856,2025-07-02,256968,1,1.0,1003,2006,1.0,1,1957,0,Metro City,10003
PROP_07857,2025-12-13,452467,4,1.5,2029,10145,1.0,0,1987,0,Tech Park District,30046
PROP_07858,2025-12-16,260091,2,1.5,1539,3078,1.0,0,1978,0,Metro City,10004
PROP_07859,2025-11-18,871650,4,3.0,2682,13410,3.0,0,1977,2016,Metro City,10002
PROP_07860,2025-07-01,259572,4,1.5,981,3924,2.0,1,1954,0,Greenwood Valley,40081
PROP_07861,2025-10-11,320416,3,2.5,1292,7752,1.0,0,2002,0,Greenwood Valley,40081
PROP_07862,2025-10-14,186450,4,1.0,1130,6780,1.0,0,1973,0,Greenwood Valley,40081
PROP_07863,2025-08-31,815616,4,4.0,2832,11328,2.5,0,2012,0,Coastal Suburbs,20012
PROP_07864,2026-01-12,346957,2,1.5,2053,12318,1.5,0,1993,0,Tech Park District,30046
PROP_07865,2025-07-06,278506,2,1.5,2126,10630,1.0,0,2008,0,Greenwood Valley,40081
PROP_07866,2026-02-07,419362,2,2.0,1590,4770,1.5,0,2011,2017,Greenwood Valley,40082
PROP_07867,2025-09-11,282897,3,2.0,1849,3698,1.0,0,1985,0,Greenwood Valley,40082
PROP_07868,2026-04-09,331980,1,1.0,2012,6036,1.0,0,1969,2022,Coastal Suburbs,20013
PROP_07869,2025-12-19,215424,2,2.5,1496,4488,2.0,0,1976,0,Metro City,10001
PROP_07870,2025-08-31,340630,3,1.5,1481,7405,2.0,0,1952,2022,Coastal Suburbs,20013
PROP_07871,2026-04-27,296802,3,1.5,1499,8994,2.0,0,1958,0,Tech Park District,30046
PROP_07872,2026-02-07,334413,4,2.5,1527,9162,1.0,0,2002,0,Coastal Suburbs,20012
PROP_07873,2025-07-26,161737,2,1.0,821,2463,1.0,0,1981,0,Greenwood Valley,40082
PROP_07874,2025-08-13,450072,1,1.0,2394,11970,1.0,0,1997,0,Metro City,10001
PROP_07875,2026-03-04,327947,3,1.0,1717,5151,2.0,0,1960,0,Metro City,10001
PROP_07876,2026-01-07,419385,2,2.5,1915,5745,2.0,0,1993,0,Tech Park District,30045
PROP_07877,2025-09-20,377910,2,1.0,1989,3978,1.0,0,1957,0,Tech Park District,30045
PROP_07878,2026-04-11,203818,1,1.5,1009,6054,1.5,0,1987,0,Greenwood Valley,40081
PROP_07879,2026-04-26,255000,3,2.0,1500,7500,1.5,0,1952,0,Greenwood Valley,40081
PROP_07880,2025-07-25,415160,1,2.5,1940,5820,1.0,0,1971,0,Tech Park District,30045
PROP_07881,2026-01-13,317250,1,2.5,2115,4230,1.0,0,1971,0,Tech Park District,30045
PROP_07882,2025-10-11,289642,4,2.0,1493,2986,1.0,0,1996,0,Metro City,10002
PROP_07883,2025-07-23,371904,3,2.5,1937,9685,2.0,0,1975,0,Metro City,10003
PROP_07884,2025-06-18,1365350,4,3.5,3901,19505,2.0,0,1985,2016,Coastal Suburbs,20011
PROP_07885,2025-07-08,1318808,4,3.0,2787,22296,3.0,1,2010,0,Coastal Suburbs,20012
PROP_07886,2025-07-07,341400,4,1.5,1707,6828,1.0,0,1977,0,Tech Park District,30045
PROP_07887,2026-03-20,345150,2,2.0,1475,7375,1.0,0,1983,0,Coastal Suburbs,20012
PROP_07888,2025-10-07,345705,2,2.0,1213,3639,1.5,0,1961,2020,Tech Park District,30045
PROP_07889,2026-01-15,377762,2,1.5,1561,3122,1.5,0,1985,0,Coastal Suburbs,20012
PROP_07890,2025-06-10,1297695,6,4.0,2908,17448,2.5,0,1991,2018,Tech Park District,30046
PROP_07891,2026-02-10,146280,4,2.0,1219,3657,1.0,0,1964,0,Metro City,10004
PROP_07892,2025-08-16,282695,3,2.5,1435,7175,2.0,0,1968,0,Greenwood Valley,40082
PROP_07893,2026-05-01,147200,3,2.5,920,3680,1.0,0,2000,0,Tech Park District,30046
PROP_07894,2026-04-24,462264,1,1.5,2266,9064,2.0,0,1973,0,Coastal Suburbs,20012
PROP_07895,2025-06-01,229247,3,2.0,857,1714,1.5,0,1996,2024,Greenwood Valley,40081
PROP_07896,2025-06-20,3159000,9,4.5,5200,46800,2.5,0,2014,2021,Coastal Suburbs,20012
PROP_07897,2026-05-07,411884,1,1.5,1702,6808,1.0,0,1959,0,Greenwood Valley,40081
PROP_07898,2025-12-17,173607,4,1.0,1181,2362,1.0,0,1973,0,Greenwood Valley,40082
PROP_07899,2025-10-15,134037,2,1.5,843,1686,1.0,0,2004,0,Greenwood Valley,40081
PROP_07900,2025-08-17,115412,2,2.5,946,5676,1.5,0,1998,0,Coastal Suburbs,20012
PROP_07901,2026-05-25,330412,2,1.0,1921,5763,1.5,0,1985,0,Coastal Suburbs,20012
PROP_07902,2025-11-16,235829,4,1.5,1949,3898,1.5,0,1985,0,Greenwood Valley,40081
PROP_07903,2025-12-18,272700,1,1.5,1818,3636,1.0,0,1950,0,Greenwood Valley,40081
PROP_07904,2026-03-22,580250,2,2.5,2321,6963,1.5,0,2003,2016,Tech Park District,30045
PROP_07905,2025-06-02,334707,1,1.5,1891,11346,2.0,0,2005,0,Tech Park District,30045
PROP_07906,2026-02-19,292380,2,2.0,1772,5316,2.0,0,1963,0,Metro City,10004
PROP_07907,2026-05-29,1169818,6,2.5,3461,27688,2.5,0,1979,0,Tech Park District,30045
PROP_07908,2026-02-07,122880,1,1.0,960,2880,1.5,0,1990,0,Coastal Suburbs,20013
PROP_07909,2026-01-31,189540,4,1.5,972,3888,1.5,0,2011,0,Tech Park District,30046
PROP_07910,2026-01-10,604353,3,2.5,2093,8372,1.0,0,2002,2021,Greenwood Valley,40082
PROP_07911,2025-12-24,822783,6,3.5,3723,11169,3.0,0,2014,0,Metro City,10002
PROP_07912,2025-07-06,184600,2,2.0,1300,7800,2.0,0,1963,0,Coastal Suburbs,20013
PROP_07913,2026-03-04,354380,3,2.5,1885,5655,2.0,0,1961,0,Metro City,10001
PROP_07914,2025-09-24,708708,2,1.0,2145,8580,2.0,1,1967,0,Greenwood Valley,40082
PROP_07915,2025-06-02,1356144,6,4.0,4461,35688,2.0,0,1968,0,Tech Park District,30045
PROP_07916,2025-12-14,461540,4,2.0,1964,5892,2.0,0,1981,0,Greenwood Valley,40082
PROP_07917,2026-05-19,6351431,6,5.0,7311,109665,2.5,0,1986,2017,Tech Park District,30046
PROP_07918,2026-02-02,304980,3,2.0,2346,11730,2.0,0,2010,0,Coastal Suburbs,20013
PROP_07919,2025-08-02,621952,6,3.0,2752,13760,2.5,0,1976,0,Greenwood Valley,40081
PROP_07920,2026-03-18,228333,3,2.0,1743,8715,1.0,0,1990,0,Tech Park District,30046
PROP_07921,2026-03-02,467631,1,2.5,2007,10035,1.0,0,1981,0,Metro City,10004
PROP_07922,2025-12-01,396050,4,1.0,2225,4450,1.0,0,1989,0,Tech Park District,30045
PROP_07923,2025-11-18,228614,2,1.0,1134,3402,2.0,1,1977,0,Metro City,10003
PROP_07924,2026-05-16,232725,1,2.5,1605,4815,1.0,0,1956,0,Coastal Suburbs,20012
PROP_07925,2025-11-03,938110,4,3.0,2491,14946,3.0,1,1972,0,Metro City,10003
PROP_07926,2025-12-23,311372,3,2.5,1292,5168,1.5,0,1961,0,Coastal Suburbs,20013
PROP_07927,2025-06-29,221502,4,1.5,1273,2546,1.5,0,1958,0,Coastal Suburbs,20012
PROP_07928,2026-04-20,209734,4,2.5,994,3976,1.5,0,2000,0,Tech Park District,30046
PROP_07929,2026-04-28,235209,4,1.0,1443,4329,1.0,0,1951,0,Coastal Suburbs,20013
PROP_07930,2025-07-17,182664,2,2.5,1032,4128,1.5,0,1983,0,Metro City,10001
PROP_07931,2025-12-05,327672,4,1.5,1998,11988,2.0,0,1951,0,Metro City,10001
PROP_07932,2026-03-01,569496,4,1.0,2334,4668,1.5,0,1979,0,Greenwood Valley,40081
PROP_07933,2025-11-22,1139651,4,2.5,3143,15715,2.0,1,2003,0,Greenwood Valley,40081
PROP_07934,2025-07-12,203412,4,2.5,1474,7370,1.0,0,2003,0,Tech Park District,30045
PROP_07935,2026-01-22,502897,3,2.5,1953,11718,1.5,0,1997,2024,Metro City,10001
PROP_07936,2025-10-27,3389288,9,6.0,8348,125220,2.5,0,1992,0,Coastal Suburbs,20011
PROP_07937,2026-04-28,388970,1,1.0,2005,6015,2.0,0,1980,0,Metro City,10003
PROP_07938,2025-09-12,225330,3,2.0,1295,7770,1.0,0,2002,0,Greenwood Valley,40081
PROP_07939,2025-08-30,415635,4,2.0,1452,7260,1.5,0,1970,2017,Coastal Suburbs,20012
PROP_07940,2026-03-11,928595,6,4.0,4055,12165,2.0,0,1991,0,Coastal Suburbs,20011
PROP_07941,2025-06-21,191352,1,2.5,1407,7035,1.0,0,1969,0,Coastal Suburbs,20011
PROP_07942,2025-12-14,4003440,6,4.5,7149,78639,4.0,0,1964,0,Coastal Suburbs,20013
PROP_07943,2026-05-05,177288,1,1.0,927,1854,2.0,0,1997,2017,Tech Park District,30045
PROP_07944,2025-09-06,1096464,6,2.5,3448,20688,3.0,0,1951,0,Metro City,10002
PROP_07945,2025-11-01,275336,2,2.0,2168,4336,1.5,0,1978,0,Metro City,10003
PROP_07946,2026-05-23,272844,1,1.5,1378,4134,2.0,0,1963,0,Tech Park District,30046
PROP_07947,2025-12-17,257532,3,1.0,1951,9755,1.0,0,1987,0,Metro City,10002
PROP_07948,2025-07-25,445851,4,2.5,1348,8088,1.5,1,1988,2019,Tech Park District,30045
PROP_07949,2026-04-19,1166700,4,3.0,3889,27223,2.5,0,2006,2017,Greenwood Valley,40082
PROP_07950,2026-05-19,143840,2,2.0,992,3968,1.5,0,1967,0,Tech Park District,30045
PROP_07951,2025-12-01,207090,4,1.0,1593,7965,1.0,0,2007,0,Coastal Suburbs,20012
PROP_07952,2026-02-05,926991,4,2.5,2641,13205,2.0,0,2005,0,Tech Park District,30045
PROP_07953,2025-07-14,220188,2,2.0,1244,2488,1.5,0,1954,0,Greenwood Valley,40081
PROP_07954,2026-04-20,6116600,6,5.0,8224,74016,4.0,0,2002,2021,Tech Park District,30045
PROP_07955,2026-01-11,1110420,6,4.0,2985,11940,2.0,0,1961,0,Greenwood Valley,40081
PROP_07956,2025-09-06,1282158,4,4.0,3749,14996,2.0,0,1985,0,Coastal Suburbs,20012
PROP_07957,2025-08-11,440040,2,1.5,1544,3088,1.0,0,1991,2022,Coastal Suburbs,20013
PROP_07958,2025-06-19,180630,1,2.5,1115,3345,1.0,0,2007,0,Tech Park District,30045
PROP_07959,2025-09-07,216947,1,2.5,1127,6762,1.0,0,1956,2022,Greenwood Valley,40081
PROP_07960,2025-06-13,1078980,6,4.0,4404,26424,2.0,0,1978,0,Coastal Suburbs,20013
PROP_07961,2026-03-31,235807,1,1.5,1649,9894,2.0,0,2006,0,Coastal Suburbs,20013
PROP_07962,2025-10-01,257415,4,1.0,1965,11790,2.0,0,2002,0,Tech Park District,30045
PROP_07963,2026-02-06,231896,1,2.5,1414,2828,1.5,0,2007,0,Greenwood Valley,40082
PROP_07964,2025-12-17,154468,1,2.0,1058,5290,1.0,0,1962,0,Tech Park District,30046
PROP_07965,2025-07-03,1092455,5,2.5,2548,20384,2.0,0,1952,2023,Tech Park District,30046
PROP_07966,2026-03-04,302160,4,1.5,1259,7554,1.0,0,2013,0,Coastal Suburbs,20013
PROP_07967,2026-04-26,870381,6,4.0,2991,23928,2.5,0,1998,0,Metro City,10001
PROP_07968,2025-11-05,261360,2,2.5,1188,4752,1.5,0,1966,0,Greenwood Valley,40082
PROP_07969,2026-02-11,220820,2,1.0,1810,10860,1.5,0,1962,0,Coastal Suburbs,20011
PROP_07970,2026-03-01,202500,2,1.5,1350,8100,1.5,0,1982,0,Greenwood Valley,40081
PROP_07971,2026-01-17,248534,3,1.0,1573,6292,2.0,0,1975,0,Metro City,10002
PROP_07972,2025-06-09,867425,6,3.0,3925,23550,3.0,0,1974,0,Greenwood Valley,40081
PROP_07973,2025-06-19,249480,4,2.5,1584,9504,2.0,0,1989,2021,Tech Park District,30045
PROP_07974,2025-11-21,171112,1,2.0,845,3380,1.0,0,1970,2023,Metro City,10004
PROP_07975,2025-06-29,425420,4,1.5,2390,9560,1.5,0,1954,0,Coastal Suburbs,20013
PROP_07976,2025-11-20,524238,1,2.0,2219,4438,1.5,0,1983,2019,Tech Park District,30046
PROP_07977,2025-06-22,463000,4,2.5,2315,4630,2.0,0,1951,0,Tech Park District,30046
PROP_07978,2025-12-25,1268877,4,3.0,3743,22458,3.0,0,1960,0,Greenwood Valley,40081
PROP_07979,2025-07-31,467481,3,1.5,2373,4746,2.0,0,2003,0,Tech Park District,30046
PROP_07980,2025-09-17,211416,1,1.5,1532,6128,1.0,0,1966,0,Greenwood Valley,40081
PROP_07981,2026-05-01,389368,4,2.0,1636,8180,1.5,0,2004,0,Metro City,10003
PROP_07982,2026-05-08,575312,2,2.0,1841,5523,1.5,0,1968,2025,Metro City,10002
PROP_07983,2026-02-23,343360,3,1.5,1480,5920,1.5,0,1967,0,Greenwood Valley,40081
PROP_07984,2026-01-21,273135,2,2.5,1668,8340,2.0,0,1993,2017,Coastal Suburbs,20012
PROP_07985,2026-05-14,249536,3,2.5,1114,3342,2.0,0,1976,0,Coastal Suburbs,20011
PROP_07986,2026-03-02,180684,2,1.0,1434,5736,2.0,0,1987,0,Metro City,10003
PROP_07987,2025-08-16,229266,2,2.0,1626,8130,1.0,0,1999,0,Greenwood Valley,40081
PROP_07988,2026-03-24,237711,4,2.0,1003,2006,1.0,0,1984,0,Metro City,10001
PROP_07989,2025-09-28,304460,3,1.5,2342,4684,2.0,0,2006,0,Greenwood Valley,40082
PROP_07990,2025-07-07,1759320,5,3.0,3888,23328,2.5,0,1962,2018,Metro City,10003
PROP_07991,2025-06-19,5141628,6,4.5,7588,45528,4.0,1,1955,0,Greenwood Valley,40081
PROP_07992,2025-08-12,184800,2,1.0,880,3520,1.5,0,2000,0,Coastal Suburbs,20013
PROP_07993,2026-02-06,955658,6,3.5,3949,15796,2.5,0,1969,0,Greenwood Valley,40082
PROP_07994,2026-05-01,144336,1,2.5,1164,2328,1.5,0,1950,0,Coastal Suburbs,20013
PROP_07995,2025-06-10,443900,4,1.5,2300,9200,1.0,0,1978,0,Metro City,10002
PROP_07996,2026-01-28,100440,3,1.0,810,2430,1.5,0,1978,0,Tech Park District,30045
PROP_07997,2026-04-13,842051,6,3.5,2581,7743,3.0,0,1976,2025,Metro City,10004
PROP_07998,2025-06-24,368851,1,1.0,1334,4002,1.0,1,1967,2024,Tech Park District,30045
PROP_07999,2025-10-03,1039556,5,3.0,3836,26852,2.0,0,1985,0,Metro City,10002
PROP_08000,2026-05-26,340807,4,2.5,2257,4514,1.5,0,1957,0,Greenwood Valley,40081
PROP_08001,2026-04-29,265282,2,2.0,1679,8395,2.0,0,1961,0,Metro City,10001
PROP_08002,2025-08-06,341190,2,1.5,1530,4590,1.5,0,1960,0,Tech Park District,30045
PROP_08003,2025-06-08,1475340,6,4.0,4404,17616,2.5,0,1960,2021,Coastal Suburbs,20013
PROP_08004,2025-08-28,675441,6,4.0,2691,18837,3.0,0,1995,0,Greenwood Valley,40081
PROP_08005,2026-04-20,122850,2,2.5,819,1638,2.0,0,1970,0,Coastal Suburbs,20012
PROP_08006,2025-06-26,3645916,9,5.0,7177,57416,3.0,0,1985,0,Metro City,10004
PROP_08007,2025-11-05,193392,4,1.5,1224,4896,1.0,0,2004,0,Greenwood Valley,40081
PROP_08008,2025-07-20,264966,3,1.5,1118,4472,2.0,0,1976,0,Metro City,10004
PROP_08009,2026-01-20,1620736,6,3.0,3941,19705,2.0,0,2014,2024,Tech Park District,30045
PROP_08010,2026-04-09,377196,3,1.5,2193,4386,1.5,0,1981,0,Tech Park District,30046
PROP_08011,2025-08-27,272600,1,1.0,1363,4089,2.0,0,2012,0,Greenwood Valley,40082
PROP_08012,2026-03-30,372900,2,1.0,2260,11300,1.0,0,1977,0,Greenwood Valley,40081
PROP_08013,2025-07-03,239860,4,1.0,1340,4020,1.0,0,2004,0,Metro City,10002
PROP_08014,2025-07-25,262668,3,2.0,1484,4452,1.0,0,1996,0,Greenwood Valley,40082
PROP_08015,2025-07-29,885250,4,3.5,3541,10623,2.5,0,1995,2020,Tech Park District,30046
PROP_08016,2026-02-10,282000,2,1.0,1410,5640,2.0,0,2005,0,Metro City,10002
PROP_08017,2026-04-01,920724,4,4.0,3164,15820,2.5,0,1992,0,Tech Park District,30046
PROP_08018,2026-04-12,434098,3,2.5,2149,4298,2.0,0,2006,0,Greenwood Valley,40081
PROP_08019,2025-09-21,131104,2,2.0,964,5784,2.0,0,2007,0,Metro City,10001
PROP_08020,2025-07-03,315362,1,2.5,1634,6536,2.0,0,2015,0,Tech Park District,30046
PROP_08021,2025-09-12,555016,3,2.0,2332,13992,1.5,0,2015,0,Greenwood Valley,40082
PROP_08022,2026-01-05,1306280,5,3.5,3842,26894,3.0,0,1994,0,Tech Park District,30046
PROP_08023,2025-11-20,374687,3,1.5,1375,4125,1.0,0,2010,2018,Metro City,10001
PROP_08024,2026-05-14,209750,4,1.0,839,5034,1.5,0,1967,0,Metro City,10001
PROP_08025,2025-12-23,311512,3,1.5,1170,4680,1.5,0,1972,2019,Greenwood Valley,40082
PROP_08026,2025-11-14,1127910,4,3.5,2751,11004,2.0,0,2012,2022,Metro City,10003
PROP_08027,2025-08-01,131567,2,1.5,883,5298,2.0,0,1992,0,Tech Park District,30046
PROP_08028,2026-05-17,244110,1,1.5,1185,3555,2.0,0,2009,0,Coastal Suburbs,20012
PROP_08029,2026-03-22,1382724,6,4.0,3906,27342,2.0,0,1961,0,Coastal Suburbs,20012
PROP_08030,2026-03-07,501510,3,2.5,2290,9160,1.0,0,1950,0,Greenwood Valley,40081
PROP_08031,2025-08-10,233275,4,1.0,1075,4300,1.5,0,1989,0,Coastal Suburbs,20011
PROP_08032,2025-11-12,106600,2,2.5,820,3280,1.5,0,2006,0,Coastal Suburbs,20013
PROP_08033,2025-09-18,364794,1,1.0,2238,8952,1.0,0,2012,0,Greenwood Valley,40081
PROP_08034,2025-06-24,186903,4,2.5,1093,6558,1.0,0,1995,0,Greenwood Valley,40081
PROP_08035,2026-03-31,373317,1,1.5,1839,7356,2.0,0,1992,0,Greenwood Valley,40082
PROP_08036,2025-08-28,388784,2,1.0,2209,11045,1.5,0,1987,0,Tech Park District,30046
PROP_08037,2025-11-19,279946,3,1.5,2014,8056,1.5,0,1961,0,Metro City,10004
PROP_08038,2025-07-03,140756,4,1.5,914,5484,2.0,0,1994,0,Metro City,10002
PROP_08039,2025-08-01,292146,2,1.0,1679,3358,2.0,0,1976,0,Coastal Suburbs,20013
PROP_08040,2025-10-19,164016,3,2.5,804,1608,1.5,0,1963,0,Tech Park District,30045
PROP_08041,2025-08-12,107010,4,2.0,870,3480,1.0,0,1991,0,Metro City,10003
PROP_08042,2025-12-30,510720,2,1.5,2280,6840,2.0,0,2011,0,Coastal Suburbs,20011
PROP_08043,2025-08-26,460650,1,2.5,1850,9250,2.0,0,1966,0,Coastal Suburbs,20012
PROP_08044,2026-05-23,1156031,4,3.0,3363,23541,3.0,0,1959,2018,Metro City,10001
PROP_08045,2025-12-07,407500,3,2.5,1630,4890,1.5,0,1988,0,Tech Park District,30046
PROP_08046,2026-03-11,696510,6,4.0,3195,19170,2.0,0,2012,0,Greenwood Valley,40081
PROP_08047,2025-08-24,195210,2,2.5,810,1620,2.0,0,2015,0,Coastal Suburbs,20012
PROP_08048,2026-01-11,407868,4,1.0,1658,4974,2.0,0,1993,0,Coastal Suburbs,20011
PROP_08049,2025-10-03,711718,4,2.5,3506,21036,2.5,0,2003,0,Metro City,10001
PROP_08050,2026-03-25,252556,2,1.5,1226,7356,2.0,0,1968,0,Greenwood Valley,40081
PROP_08051,2025-06-21,495846,3,1.0,2119,4238,1.0,0,1961,0,Metro City,10001
PROP_08052,2025-08-08,153738,4,2.5,949,5694,1.0,0,1974,0,Metro City,10002
PROP_08053,2025-07-22,230680,2,1.0,828,2484,1.5,1,1964,0,Metro City,10002
PROP_08054,2026-04-20,2257630,9,7.5,4504,54048,2.5,0,1959,2025,Metro City,10003
PROP_08055,2026-04-10,688384,6,3.0,2689,10756,2.0,0,1961,0,Coastal Suburbs,20013
PROP_08056,2025-12-10,169536,4,1.5,883,5298,2.0,0,1990,0,Metro City,10003
PROP_08057,2025-08-20,198852,3,2.0,876,4380,2.0,0,1963,0,Tech Park District,30046
PROP_08058,2025-06-09,841098,4,3.0,2722,19054,3.0,0,1976,0,Coastal Suburbs,20011
PROP_08059,2026-02-05,278740,1,1.5,1267,6335,1.0,0,1954,0,Tech Park District,30046
PROP_08060,2025-07-12,448462,1,2.0,2177,13062,2.0,0,2003,0,Coastal Suburbs,20013
PROP_08061,2025-06-04,361787,2,1.5,1405,2810,1.5,0,1950,2020,Tech Park District,30045
PROP_08062,2025-06-04,619278,6,3.0,2559,15354,2.5,0,1975,0,Tech Park District,30045
PROP_08063,2025-08-31,233576,1,1.5,1358,5432,2.0,0,2011,0,Coastal Suburbs,20012
PROP_08064,2025-07-16,194845,1,1.0,1465,5860,2.0,0,1991,0,Coastal Suburbs,20012
PROP_08065,2026-05-28,534760,2,1.0,2305,13830,1.0,0,2012,0,Greenwood Valley,40082
PROP_08066,2026-04-30,503010,1,1.0,2070,10350,1.5,0,1962,0,Coastal Suburbs,20013
PROP_08067,2026-03-31,407588,1,1.5,2356,11780,1.0,0,1976,0,Coastal Suburbs,20013
PROP_08068,2025-10-24,353046,4,2.5,2029,8116,1.5,0,1975,0,Coastal Suburbs,20011
PROP_08069,2025-12-31,254716,3,2.5,1654,3308,1.0,0,2003,0,Greenwood Valley,40081
PROP_08070,2026-05-22,337692,3,1.5,1578,6312,2.0,0,1982,0,Metro City,10002
PROP_08071,2026-01-30,346239,3,1.0,1581,3162,1.5,0,1981,0,Coastal Suburbs,20013
PROP_08072,2026-05-21,415668,1,2.5,2211,8844,1.5,0,1959,0,Coastal Suburbs,20011
PROP_08073,2025-08-04,227149,2,1.5,1313,5252,1.0,0,2006,0,Greenwood Valley,40082
PROP_08074,2025-09-14,308655,3,1.5,1805,10830,1.5,0,1972,0,Coastal Suburbs,20012
PROP_08075,2025-08-13,143200,2,1.0,800,2400,1.0,0,1999,0,Coastal Suburbs,20011
PROP_08076,2026-04-24,924930,6,3.0,2885,17310,3.0,1,2011,0,Metro City,10002
PROP_08077,2025-10-17,674958,6,3.0,3082,15410,2.5,0,1997,0,Coastal Suburbs,20013
PROP_08078,2026-02-23,926432,6,3.0,4454,17816,2.5,0,2010,0,Greenwood Valley,40082
PROP_08079,2026-01-17,319760,2,2.5,2284,13704,1.5,0,1985,0,Greenwood Valley,40081
PROP_08080,2025-12-28,1073439,5,4.0,4311,30177,2.0,0,2002,0,Metro City,10004
PROP_08081,2025-10-01,894558,6,2.5,2478,12390,2.0,0,1997,0,Tech Park District,30045
PROP_08082,2025-08-29,476490,1,2.5,2269,6807,2.0,0,1992,0,Coastal Suburbs,20012
PROP_08083,2026-04-09,178380,1,2.5,991,3964,2.0,0,1974,0,Tech Park District,30046
PROP_08084,2026-05-21,288496,1,2.5,1168,4672,1.0,0,1964,0,Greenwood Valley,40081
PROP_08085,2025-06-20,3882654,7,5.0,5326,42608,3.0,0,2005,0,Metro City,10002
PROP_08086,2026-04-02,1395100,4,2.5,3986,15944,3.0,0,1971,0,Greenwood Valley,40081
PROP_08087,2025-09-01,347042,1,2.0,2377,11885,1.0,0,1984,0,Coastal Suburbs,20012
PROP_08088,2026-02-11,264537,3,2.5,1547,4641,2.0,0,1950,0,Metro City,10004
PROP_08089,2026-04-10,560196,1,2.0,2268,11340,1.0,0,1957,0,Greenwood Valley,40082
PROP_08090,2025-07-16,3046848,9,7.5,6801,88413,3.0,0,1952,0,Coastal Suburbs,20011
PROP_08091,2026-04-18,452965,1,1.5,2201,8804,2.0,1,2004,0,Metro City,10004
PROP_08092,2025-11-02,174018,3,1.5,1261,7566,2.0,0,2000,0,Tech Park District,30046
PROP_08093,2025-11-26,1177748,4,2.5,3124,15620,3.0,0,2007,0,Greenwood Valley,40081
PROP_08094,2026-01-01,150656,4,1.0,1177,4708,2.0,0,2015,0,Tech Park District,30045
PROP_08095,2025-06-03,343490,3,1.0,1402,2804,2.0,0,1997,0,Tech Park District,30046
PROP_08096,2026-03-13,225060,1,1.5,1815,10890,1.0,0,1952,0,Coastal Suburbs,20013
PROP_08097,2025-09-29,196451,1,1.5,1301,7806,2.0,0,1975,0,Greenwood Valley,40081
PROP_08098,2025-09-07,150519,2,1.5,1149,4596,2.0,0,1988,0,Metro City,10002
PROP_08099,2025-07-31,432000,1,2.0,2160,8640,2.0,0,1975,2024,Metro City,10001
PROP_08100,2026-02-27,436100,2,2.5,1780,5340,1.5,0,1973,0,Greenwood Valley,40081
PROP_08101,2025-07-19,1374063,4,3.0,2979,20853,3.0,0,2009,2018,Metro City,10002
PROP_08102,2026-04-13,256876,1,1.5,1724,8620,1.5,0,2002,0,Greenwood Valley,40082
PROP_08103,2025-12-03,1159368,6,2.5,4326,17304,3.0,0,1997,0,Metro City,10003
PROP_08104,2026-03-04,183180,1,1.5,1290,3870,2.0,0,1959,0,Metro City,10003
PROP_08105,2026-02-15,220353,1,2.0,1499,5996,1.5,0,1981,0,Metro City,10001
PROP_08106,2025-09-21,269512,4,2.0,1142,2284,2.0,0,1988,0,Metro City,10004
PROP_08107,2026-01-24,299728,2,1.5,1703,3406,2.0,0,1983,0,Tech Park District,30046
PROP_08108,2026-04-17,251804,2,1.5,1058,2116,1.0,0,1998,0,Coastal Suburbs,20011
PROP_08109,2026-05-04,4674084,8,6.0,6898,41388,3.0,1,1967,0,Greenwood Valley,40081
PROP_08110,2025-09-15,390775,3,2.0,1925,9625,1.0,0,2008,0,Coastal Suburbs,20012
PROP_08111,2025-10-20,639540,4,1.5,2244,11220,2.0,0,1986,2020,Greenwood Valley,40081
PROP_08112,2025-06-28,224940,2,2.0,978,1956,1.5,0,1983,0,Greenwood Valley,40081
PROP_08113,2025-09-08,1245968,6,2.5,3622,14488,2.5,0,2002,0,Greenwood Valley,40081
PROP_08114,2025-07-28,444531,1,2.0,2087,4174,1.5,0,1956,0,Coastal Suburbs,20012
PROP_08115,2025-08-16,1136394,4,3.0,3654,29232,2.0,0,1999,0,Greenwood Valley,40081
PROP_08116,2026-05-17,356200,4,2.0,1781,8905,1.0,0,2012,0,Tech Park District,30045
PROP_08117,2026-01-29,339480,1,1.5,1380,2760,1.5,0,1965,0,Greenwood Valley,40081
PROP_08118,2026-02-10,1157814,6,3.0,3063,21441,3.0,0,1982,0,Tech Park District,30046
PROP_08119,2025-08-30,232470,4,1.5,945,4725,1.5,0,1998,0,Coastal Suburbs,20012
PROP_08120,2025-08-21,256533,2,1.0,1101,3303,1.5,0,1992,0,Metro City,10001
PROP_08121,2026-05-10,222573,4,1.5,1317,3951,1.5,0,1986,0,Metro City,10003
PROP_08122,2025-06-23,449631,4,1.5,2379,4758,1.0,0,1999,0,Metro City,10003
PROP_08123,2025-06-28,200043,2,1.5,837,5022,1.0,0,1977,0,Metro City,10002
PROP_08124,2026-04-27,296723,2,2.5,1843,9215,2.0,0,1979,0,Metro City,10002
PROP_08125,2025-12-04,1000644,6,2.5,2734,8202,2.0,0,1996,0,Metro City,10002
PROP_08126,2025-10-24,326304,4,1.0,1584,6336,1.5,0,1981,0,Metro City,10003
PROP_08127,2025-09-16,122920,3,1.0,878,5268,2.0,0,2007,0,Tech Park District,30045
PROP_08128,2026-01-09,346632,3,2.5,2273,6819,1.5,0,1974,2016,Metro City,10004
PROP_08129,2025-10-07,1438749,4,2.5,4099,24594,2.0,0,1950,0,Greenwood Valley,40081
PROP_08130,2025-11-19,390902,1,1.5,1622,4866,1.5,0,2002,0,Tech Park District,30046
PROP_08131,2026-04-12,1564632,4,2.5,4206,12618,2.0,0,2011,0,Greenwood Valley,40082
PROP_08132,2026-01-19,184500,3,2.5,1230,6150,1.0,0,1988,2020,Coastal Suburbs,20013
PROP_08133,2025-06-23,276094,3,1.5,1517,3034,1.0,0,1994,0,Metro City,10004
PROP_08134,2025-07-24,312010,1,2.5,1522,3044,1.0,0,1971,0,Tech Park District,30045
PROP_08135,2025-06-27,273006,1,2.0,1569,4707,1.5,0,1986,0,Greenwood Valley,40082
PROP_08136,2026-03-03,235488,4,1.5,1784,5352,1.5,0,1991,0,Tech Park District,30046
PROP_08137,2025-08-30,416988,4,2.0,2106,4212,1.5,0,1981,0,Metro City,10002
PROP_08138,2025-08-20,164205,3,1.5,801,2403,1.5,0,1986,0,Coastal Suburbs,20013
PROP_08139,2025-06-15,4607708,7,7.5,7654,68886,2.5,1,1966,0,Tech Park District,30045
PROP_08140,2026-02-04,183755,1,2.0,1285,7710,1.0,0,1974,0,Coastal Suburbs,20013
PROP_08141,2026-02-19,636963,1,1.0,2097,10485,1.5,0,2000,2024,Coastal Suburbs,20013
PROP_08142,2025-07-30,431710,1,2.0,1877,11262,1.5,0,1969,2023,Tech Park District,30046
PROP_08143,2025-07-07,176602,1,1.5,1002,3006,2.0,0,1971,2025,Coastal Suburbs,20012
PROP_08144,2025-09-29,1623257,4,2.5,4283,29981,2.5,0,1993,0,Coastal Suburbs,20013
PROP_08145,2026-01-14,218790,2,1.5,1144,5720,1.0,0,2010,2025,Metro City,10004
PROP_08146,2026-03-31,222748,4,1.5,956,4780,1.5,0,1991,0,Greenwood Valley,40082
PROP_08147,2026-03-24,308649,3,2.0,1551,4653,1.0,0,1985,0,Tech Park District,30045
PROP_08148,2025-11-14,776321,4,1.5,2245,4490,2.0,1,1985,0,Tech Park District,30046
PROP_08149,2026-01-01,1208066,5,2.5,4409,26454,3.0,0,1995,0,Metro City,10001
PROP_08150,2025-09-10,255450,3,2.5,1310,2620,2.0,0,2008,0,Metro City,10001
PROP_08151,2026-05-13,429624,3,1.0,1836,5508,2.0,0,1980,0,Metro City,10003
PROP_08152,2025-11-14,921270,6,3.5,3210,12840,2.5,0,1977,0,Coastal Suburbs,20012
PROP_08153,2025-09-26,1032720,4,2.5,2707,21656,3.0,1,1978,2022,Metro City,10004
PROP_08154,2025-07-27,353805,4,1.0,1545,6180,1.5,0,1957,0,Metro City,10001
PROP_08155,2025-11-14,177814,1,2.0,977,5862,2.0,0,1981,0,Greenwood Valley,40082
PROP_08156,2025-09-25,237336,3,2.5,1364,6820,1.5,0,1961,0,Metro City,10003
PROP_08157,2025-07-21,942998,4,4.0,2702,13510,3.0,0,1969,0,Coastal Suburbs,20013
PROP_08158,2025-09-30,235170,3,2.0,1742,5226,2.0,0,1973,0,Tech Park District,30046
PROP_08159,2025-12-29,425315,4,1.0,2035,10175,1.5,0,1996,0,Tech Park District,30046
PROP_08160,2025-09-11,764002,5,3.5,2967,8901,2.5,0,1951,2025,Tech Park District,30046
PROP_08161,2025-12-10,193743,3,2.0,927,3708,1.5,0,1958,0,Tech Park District,30046
PROP_08162,2025-09-21,300300,2,1.5,2310,4620,1.0,0,2012,0,Metro City,10004
PROP_08163,2025-07-08,350124,4,2.5,2148,12888,1.5,0,1966,0,Metro City,10003
PROP_08164,2026-01-28,441250,2,2.5,1765,5295,1.0,0,1957,0,Tech Park District,30046
PROP_08165,2026-03-27,322164,1,1.5,1413,2826,2.0,0,1991,0,Greenwood Valley,40081
PROP_08166,2026-02-04,1139283,5,3.5,3687,18435,3.0,0,2010,0,Greenwood Valley,40081
PROP_08167,2025-06-28,212784,1,2.5,1364,6820,1.0,0,1966,0,Greenwood Valley,40081
PROP_08168,2026-01-10,906401,6,3.5,3761,11283,3.0,0,1974,0,Metro City,10002
PROP_08169,2025-08-14,736880,6,3.5,2416,12080,3.0,0,1987,0,Metro City,10004
PROP_08170,2025-09-19,285440,4,2.0,1280,3840,1.5,0,1988,0,Metro City,10003
PROP_08171,2026-04-09,686336,5,2.5,2681,16086,3.0,0,1993,0,Coastal Suburbs,20011
PROP_08172,2026-01-19,408500,1,1.0,1634,4902,2.0,0,1971,0,Tech Park District,30046
PROP_08173,2025-08-31,277695,3,2.5,1122,2244,1.0,0,1983,2016,Coastal Suburbs,20012
PROP_08174,2025-12-16,403900,1,1.5,2308,13848,1.5,0,2011,2017,Greenwood Valley,40082
PROP_08175,2025-12-09,147375,1,1.0,1125,6750,2.0,0,1999,0,Coastal Suburbs,20011
PROP_08176,2025-08-09,213129,2,1.0,1071,5355,1.5,0,1977,0,Greenwood Valley,40081
PROP_08177,2026-01-21,392920,1,1.5,1672,10032,2.0,0,1953,0,Coastal Suburbs,20012
PROP_08178,2025-09-08,329866,2,2.5,2323,6969,2.0,0,2001,0,Tech Park District,30046
PROP_08179,2026-04-20,370668,3,1.5,1817,9085,2.0,0,1960,0,Tech Park District,30046
PROP_08180,2025-12-01,370070,3,2.0,1609,6436,2.0,0,1969,0,Greenwood Valley,40081
PROP_08181,2025-10-17,1416168,5,3.0,3978,19890,2.0,0,1963,0,Metro City,10002
PROP_08182,2025-09-12,586933,4,2.0,1901,3802,2.0,0,2006,2016,Tech Park District,30045
PROP_08183,2025-11-19,231495,3,1.5,1403,5612,1.0,0,2002,0,Greenwood Valley,40081
PROP_08184,2025-08-05,188968,3,2.0,1196,5980,1.5,0,2009,0,Greenwood Valley,40081
PROP_08185,2025-06-17,1463772,6,2.5,3271,13084,2.0,0,1968,2024,Greenwood Valley,40082
PROP_08186,2026-05-21,179872,3,1.0,1022,6132,2.0,0,1968,0,Metro City,10002
PROP_08187,2026-03-19,443680,4,1.5,1880,7520,1.0,0,2004,0,Coastal Suburbs,20013
PROP_08188,2025-07-01,272835,4,2.0,2021,8084,2.0,0,1956,0,Greenwood Valley,40082
PROP_08189,2025-10-22,1005344,4,2.5,2848,8544,3.0,0,1971,0,Tech Park District,30046
PROP_08190,2025-08-09,1034080,6,2.5,4496,13488,2.5,0,1976,0,Greenwood Valley,40082
PROP_08191,2025-07-27,242328,3,1.0,1756,5268,2.0,0,1974,0,Metro City,10004
PROP_08192,2026-01-25,227722,2,1.5,1882,9410,1.0,0,1977,0,Metro City,10003
PROP_08193,2026-01-21,372806,3,2.0,1718,5154,2.0,0,1996,0,Coastal Suburbs,20011
PROP_08194,2026-01-01,330508,3,1.5,1559,6236,1.5,0,1996,0,Metro City,10003
PROP_08195,2025-08-27,282000,2,1.0,2000,6000,1.5,0,1983,0,Coastal Suburbs,20013
PROP_08196,2025-11-23,369972,4,1.5,1548,6192,1.0,0,1984,0,Metro City,10003
PROP_08197,2025-09-21,190164,4,1.5,1196,2392,2.0,0,1950,0,Coastal Suburbs,20012
PROP_08198,2025-10-30,135200,1,2.0,845,4225,2.0,0,1962,0,Metro City,10003
PROP_08199,2026-04-06,1085069,6,3.5,3127,12508,2.5,0,1964,0,Tech Park District,30045
PROP_08200,2025-08-20,1243567,5,2.5,3757,30056,3.0,0,1971,0,Greenwood Valley,40081
PROP_08201,2026-04-23,3031044,7,6.0,6618,86034,2.5,0,2014,0,Tech Park District,30045
PROP_08202,2026-04-10,1368900,6,3.0,4225,16900,3.0,0,1989,0,Greenwood Valley,40081
PROP_08203,2025-08-27,213670,1,2.5,929,1858,1.5,0,1993,0,Metro City,10001
PROP_08204,2026-03-23,156520,4,2.0,1118,3354,1.0,0,1978,0,Tech Park District,30045
PROP_08205,2026-03-11,1036618,5,2.5,2719,10876,2.0,0,1973,2020,Metro City,10003
PROP_08206,2025-09-26,554553,6,4.0,2679,8037,2.5,0,2013,0,Tech Park District,30045
PROP_08207,2025-07-15,233967,2,1.5,1401,5604,2.0,0,1969,0,Metro City,10001
PROP_08208,2025-12-28,421956,3,1.5,1865,9325,1.0,0,1970,2018,Tech Park District,30045
PROP_08209,2026-02-23,880066,6,3.0,4037,28259,2.5,0,2004,0,Tech Park District,30046
PROP_08210,2026-02-06,149930,3,2.0,1034,2068,1.5,0,2009,0,Greenwood Valley,40081
PROP_08211,2025-09-19,200736,3,1.0,1476,7380,1.5,0,1969,0,Tech Park District,30046
PROP_08212,2026-03-30,252702,2,2.5,1818,5454,2.0,0,1967,0,Metro City,10001
PROP_08213,2026-01-29,156450,2,2.5,1043,6258,1.0,0,1957,2023,Coastal Suburbs,20012
PROP_08214,2026-01-23,318086,4,1.0,1787,10722,1.5,0,2004,0,Metro City,10004
PROP_08215,2025-10-21,399170,4,2.5,1790,10740,1.5,0,2010,0,Metro City,10002
PROP_08216,2025-06-08,341037,4,2.0,2229,6687,2.0,0,2012,0,Metro City,10003
PROP_08217,2026-01-06,235773,3,1.5,1173,4692,1.0,0,2008,0,Metro City,10002
PROP_08218,2025-10-05,612560,1,1.5,1976,7904,1.5,0,1975,2020,Greenwood Valley,40081
PROP_08219,2025-10-05,728280,5,2.5,3060,9180,2.0,0,1976,0,Coastal Suburbs,20011
PROP_08220,2025-11-15,195840,2,2.5,1632,3264,1.0,0,1988,0,Metro City,10003
PROP_08221,2026-01-09,226375,2,1.0,1811,9055,2.0,0,1976,0,Metro City,10004
PROP_08222,2026-03-24,1554750,4,2.5,4146,29022,2.5,0,1998,0,Metro City,10003
PROP_08223,2025-09-22,1079050,5,4.0,3083,21581,2.0,0,1967,0,Coastal Suburbs,20011
PROP_08224,2026-03-30,194727,1,2.5,803,2409,2.0,0,1970,2021,Greenwood Valley,40081
PROP_08225,2025-08-16,162179,1,2.5,1277,3831,1.0,0,2009,0,Coastal Suburbs,20013
PROP_08226,2026-03-21,135884,4,2.5,844,4220,1.0,0,1984,0,Tech Park District,30046
PROP_08227,2025-06-03,353632,4,1.0,2056,8224,1.5,0,1950,0,Tech Park District,30046
PROP_08228,2025-12-31,1236750,6,4.0,3298,26384,3.0,0,2010,0,Tech Park District,30046
PROP_08229,2025-06-23,281135,3,1.5,953,3812,1.0,0,2015,2022,Coastal Suburbs,20013
PROP_08230,2025-06-21,567606,1,1.0,2298,11490,1.0,0,1970,0,Metro City,10002
PROP_08231,2026-01-27,285480,4,1.5,1830,3660,1.5,0,1988,0,Tech Park District,30045
PROP_08232,2026-02-14,340582,1,2.5,1507,7535,1.0,0,1964,0,Metro City,10001
PROP_08233,2025-06-18,282128,2,1.0,1232,3696,1.5,0,2013,0,Greenwood Valley,40082
PROP_08234,2026-01-04,1602720,5,3.5,4452,31164,3.0,0,1986,2023,Tech Park District,30045
PROP_08235,2026-02-27,223470,1,2.0,955,1910,1.0,0,2007,0,Coastal Suburbs,20013
PROP_08236,2025-12-19,941112,4,3.0,4357,30499,2.0,0,1962,0,Tech Park District,30046
PROP_08237,2026-02-01,544346,2,2.0,2398,4796,2.0,0,2006,0,Metro City,10003
PROP_08238,2026-05-23,297800,3,2.0,1489,7445,1.0,0,1979,0,Greenwood Valley,40082
PROP_08239,2025-07-21,372375,4,2.5,1655,3310,1.5,0,2005,2018,Coastal Suburbs,20011
PROP_08240,2026-01-18,819476,5,3.0,3626,21756,3.0,0,2002,0,Tech Park District,30045
PROP_08241,2026-02-09,343430,2,1.0,1126,2252,2.0,0,1958,2021,Coastal Suburbs,20013
PROP_08242,2025-10-02,4921840,7,7.5,7990,47940,4.0,1,1960,0,Coastal Suburbs,20012
PROP_08243,2025-07-13,332555,2,2.0,1465,4395,1.5,0,1969,0,Coastal Suburbs,20012
PROP_08244,2026-03-13,1252896,5,3.5,3368,13472,2.0,0,1970,0,Coastal Suburbs,20013
PROP_08245,2025-06-07,256586,3,2.5,1177,2354,1.0,0,1970,0,Greenwood Valley,40082
PROP_08246,2026-05-21,222816,3,2.5,1266,7596,1.0,0,1976,0,Greenwood Valley,40082
PROP_08247,2025-12-26,202431,2,2.0,831,1662,1.5,1,1995,0,Coastal Suburbs,20012
PROP_08248,2025-09-20,335988,1,2.5,2074,8296,1.0,0,2009,0,Greenwood Valley,40082
PROP_08249,2025-08-07,1142216,6,2.5,4262,25572,2.0,0,2003,0,Coastal Suburbs,20013
PROP_08250,2025-12-01,458298,1,1.0,1863,11178,1.5,0,1972,0,Greenwood Valley,40082
PROP_08251,2025-10-30,323840,1,2.0,1840,11040,1.0,0,2009,0,Greenwood Valley,40082
PROP_08252,2025-10-01,1471037,5,4.0,4295,25770,3.0,0,1993,2018,Metro City,10001
PROP_08253,2026-04-28,3623662,7,5.0,4838,43542,3.0,0,1976,0,Greenwood Valley,40082
PROP_08254,2025-07-17,169798,1,2.5,1163,4652,1.5,0,1968,0,Tech Park District,30046
PROP_08255,2025-06-09,312468,1,2.0,2003,8012,2.0,0,1985,0,Coastal Suburbs,20011
PROP_08256,2026-02-01,340505,1,2.5,1661,9966,2.0,0,1958,0,Greenwood Valley,40081
PROP_08257,2026-05-09,418750,4,1.5,1675,10050,1.5,0,1989,0,Metro City,10001
PROP_08258,2025-11-04,1289363,6,4.0,4427,17708,2.0,0,1961,2022,Metro City,10001
PROP_08259,2025-08-22,293421,4,2.0,2081,10405,1.5,0,1995,0,Tech Park District,30046
PROP_08260,2026-05-27,1035423,5,3.0,4261,12783,3.0,0,1970,0,Greenwood Valley,40082
PROP_08261,2026-01-22,178120,3,1.5,1460,4380,1.5,0,2001,0,Tech Park District,30046
PROP_08262,2026-03-20,794205,6,3.5,2997,23976,2.0,0,1976,0,Coastal Suburbs,20012
PROP_08263,2026-03-26,440020,3,1.0,1796,7184,2.0,0,1971,0,Greenwood Valley,40082
PROP_08264,2025-06-13,237048,4,2.5,1162,6972,1.0,0,1958,0,Metro City,10004
PROP_08265,2026-01-19,1001080,4,4.0,3452,17260,2.0,0,1959,0,Tech Park District,30046
PROP_08266,2026-01-24,803556,4,2.5,2626,7878,2.5,0,1978,0,Metro City,10001
PROP_08267,2025-08-10,386482,3,2.5,1737,8685,1.5,0,1978,2018,Coastal Suburbs,20011
PROP_08268,2026-05-27,274320,4,1.0,1270,7620,1.5,0,1981,0,Metro City,10003
PROP_08269,2025-12-25,342550,3,1.5,1550,7750,1.0,0,1992,0,Greenwood Valley,40082
PROP_08270,2025-09-03,244167,2,1.0,1661,3322,1.5,0,1999,0,Coastal Suburbs,20013
PROP_08271,2025-12-07,348404,2,2.0,2164,8656,2.0,0,1987,0,Greenwood Valley,40081
PROP_08272,2026-04-17,347361,2,2.0,2363,4726,1.5,0,1989,0,Coastal Suburbs,20013
PROP_08273,2026-01-24,345840,3,2.5,1441,4323,1.5,0,1992,2018,Tech Park District,30046
PROP_08274,2026-05-27,1353950,6,3.5,4166,12498,3.0,0,1950,0,Tech Park District,30045
PROP_08275,2026-04-21,165784,4,1.5,1219,6095,2.0,0,1997,0,Metro City,10001
PROP_08276,2025-06-01,346959,3,1.0,1169,7014,1.5,1,1992,0,Tech Park District,30046
PROP_08277,2026-04-18,151936,2,2.5,1187,5935,1.5,0,1993,0,Coastal Suburbs,20011
PROP_08278,2025-07-07,960640,4,4.0,2528,17696,2.0,0,1985,0,Tech Park District,30046
PROP_08279,2025-12-15,206544,2,2.5,993,3972,2.0,0,1995,0,Coastal Suburbs,20013
PROP_08280,2026-05-20,131400,3,2.5,900,1800,2.0,0,1961,0,Metro City,10004
PROP_08281,2025-11-18,745342,5,3.0,3419,20514,2.0,0,2007,0,Metro City,10001
PROP_08282,2026-02-27,250020,1,2.5,1389,6945,1.5,0,1978,0,Coastal Suburbs,20013
PROP_08283,2025-06-17,238510,4,2.5,1037,5185,2.0,0,1998,0,Greenwood Valley,40081
PROP_08284,2025-10-30,3997368,9,4.5,8469,110097,3.0,0,1955,0,Metro City,10003
PROP_08285,2026-01-05,279518,4,2.0,1416,5664,2.0,1,1956,0,Coastal Suburbs,20012
PROP_08286,2025-10-17,211431,4,2.5,1419,8514,2.0,0,2015,0,Greenwood Valley,40081
PROP_08287,2026-05-24,211527,2,1.0,1237,6185,2.0,0,1962,0,Coastal Suburbs,20012
PROP_08288,2026-04-10,1093655,5,3.5,4127,16508,2.5,0,2011,0,Greenwood Valley,40081
PROP_08289,2026-03-05,283182,2,1.5,1299,6495,1.5,0,1963,0,Tech Park District,30046
PROP_08290,2026-03-22,164220,2,2.0,1173,3519,2.0,0,1951,0,Greenwood Valley,40082
PROP_08291,2025-09-15,163750,1,1.0,1310,3930,2.0,0,1980,0,Coastal Suburbs,20013
PROP_08292,2026-05-17,250920,1,1.0,2040,10200,1.0,0,1960,0,Greenwood Valley,40081
PROP_08293,2025-07-12,461188,4,2.5,2353,11765,1.5,0,1992,0,Tech Park District,30046
PROP_08294,2026-04-14,1356126,6,3.0,4278,34224,2.0,0,2007,0,Tech Park District,30046
PROP_08295,2025-11-19,200168,4,1.5,1048,6288,2.0,0,1999,0,Coastal Suburbs,20011
PROP_08296,2025-06-29,503862,3,1.0,2126,12756,1.0,0,1971,0,Metro City,10001
PROP_08297,2026-02-19,1315300,5,3.5,3758,22548,2.5,0,2002,0,Greenwood Valley,40082
PROP_08298,2026-05-12,260580,3,2.5,1212,4848,2.0,0,1971,0,Coastal Suburbs,20013
PROP_08299,2025-12-04,909568,4,4.0,3553,17765,2.0,0,1993,0,Greenwood Valley,40082
PROP_08300,2025-06-27,1073312,4,4.0,3946,27622,2.0,0,1998,0,Metro City,10004
PROP_08301,2025-07-27,261504,1,2.0,2043,12258,2.0,0,1978,0,Metro City,10003
PROP_08302,2025-12-14,290510,1,1.5,2090,12540,1.0,0,1962,0,Coastal Suburbs,20011
PROP_08303,2025-12-05,396435,1,2.5,2033,8132,2.0,0,1994,2018,Greenwood Valley,40082
PROP_08304,2026-01-25,610458,6,2.5,2866,22928,3.0,0,1950,0,Coastal Suburbs,20011
PROP_08305,2026-04-13,351075,3,1.5,2325,9300,1.5,0,2014,0,Tech Park District,30045
PROP_08306,2025-06-21,1148700,5,4.0,3282,19692,3.0,0,2009,0,Tech Park District,30045
PROP_08307,2025-12-05,432096,3,1.5,1929,7716,1.0,0,1994,0,Coastal Suburbs,20013
PROP_08308,2025-12-05,526460,1,1.5,2393,9572,1.5,0,1971,2024,Greenwood Valley,40082
PROP_08309,2025-08-29,314981,2,1.0,1605,9630,1.0,0,1996,2017,Greenwood Valley,40082
PROP_08310,2026-04-28,384314,1,2.0,1981,5943,1.0,0,1974,0,Greenwood Valley,40081
PROP_08311,2026-03-14,258245,1,1.0,1885,11310,2.0,0,1991,0,Metro City,10003
PROP_08312,2026-05-27,4077054,9,5.0,8389,109057,2.5,0,1965,0,Coastal Suburbs,20011
PROP_08313,2025-07-05,472593,2,1.5,1775,10650,1.0,0,1983,2023,Tech Park District,30045
PROP_08314,2026-03-15,1122712,5,3.0,2730,21840,2.5,0,1969,2016,Tech Park District,30045
PROP_08315,2026-05-30,871040,4,2.5,2722,13610,3.0,0,1976,0,Greenwood Valley,40082
PROP_08316,2025-09-13,312806,3,2.5,1378,6890,1.5,0,1997,0,Metro City,10002
PROP_08317,2025-08-10,1292970,4,2.5,3930,11790,2.5,0,1951,0,Metro City,10003
PROP_08318,2025-11-19,1138005,6,3.0,2597,12985,3.0,1,1996,0,Metro City,10002
PROP_08319,2025-10-01,281970,2,2.5,2169,13014,2.0,0,1971,0,Tech Park District,30045
PROP_08320,2026-03-04,119990,1,2.0,845,4225,2.0,0,1993,0,Coastal Suburbs,20011
PROP_08321,2025-07-29,123969,1,1.5,961,5766,1.5,0,1975,0,Greenwood Valley,40082
PROP_08322,2026-04-29,1799900,5,3.0,4390,26340,3.0,0,1986,2024,Coastal Suburbs,20011
PROP_08323,2026-01-31,451230,4,1.5,2314,4628,1.0,0,2000,0,Tech Park District,30045
PROP_08324,2026-03-25,183960,3,2.0,1314,5256,1.5,0,1976,0,Tech Park District,30045
PROP_08325,2026-05-26,310674,2,1.5,1707,5121,1.5,0,1968,0,Tech Park District,30046
PROP_08326,2025-09-16,139373,3,1.0,923,1846,1.5,0,1985,0,Coastal Suburbs,20012
PROP_08327,2025-09-24,1256503,6,4.0,3177,19062,2.0,1,2011,2023,Coastal Suburbs,20012
PROP_08328,2025-11-12,488033,1,2.0,2249,13494,1.0,0,1986,0,Coastal Suburbs,20012
PROP_08329,2025-11-28,184680,4,2.0,810,4860,1.5,0,1973,0,Greenwood Valley,40081
PROP_08330,2025-10-15,249782,4,1.0,1478,2956,2.0,0,1953,0,Tech Park District,30046
PROP_08331,2026-02-13,314300,4,2.5,2245,4490,1.0,0,2004,0,Metro City,10004
PROP_08332,2026-05-15,237474,3,2.0,1422,5688,1.0,0,1975,0,Greenwood Valley,40081
PROP_08333,2026-01-03,135875,1,2.0,1087,2174,1.5,0,1962,0,Metro City,10002
PROP_08334,2025-10-20,636180,4,4.0,2766,11064,3.0,0,1978,0,Coastal Suburbs,20013
PROP_08335,2025-06-28,342784,1,2.0,1648,4944,1.5,0,1974,0,Tech Park District,30045
PROP_08336,2025-07-03,221520,4,1.0,1560,6240,1.0,0,1997,0,Coastal Suburbs,20012
PROP_08337,2025-12-08,7984575,8,5.0,7676,61408,4.0,1,1985,0,Tech Park District,30045
PROP_08338,2025-11-24,571578,4,4.0,2634,15804,2.5,0,1994,0,Tech Park District,30046
PROP_08339,2026-01-18,798036,5,3.0,2733,16398,3.0,0,1962,0,Greenwood Valley,40082
PROP_08340,2026-02-04,366525,2,2.5,1629,6516,1.0,0,2002,0,Greenwood Valley,40081
PROP_08341,2026-02-12,126464,2,2.5,832,2496,1.0,0,1958,0,Coastal Suburbs,20011
PROP_08342,2026-02-25,438690,1,1.5,2089,10445,2.0,0,2006,0,Coastal Suburbs,20011
PROP_08343,2025-08-02,707278,6,3.0,2473,17311,3.0,0,1970,0,Greenwood Valley,40081
PROP_08344,2026-01-27,216658,1,1.5,1282,7692,1.5,0,1973,0,Tech Park District,30046
PROP_08345,2026-05-30,481578,3,2.0,2253,4506,1.5,0,1983,2022,Coastal Suburbs,20011
PROP_08346,2026-02-28,460691,1,2.0,2123,6369,1.5,0,1988,0,Tech Park District,30045
PROP_08347,2026-05-14,1114837,5,3.5,3255,16275,2.0,0,1952,2019,Metro City,10002
PROP_08348,2026-02-28,475686,1,2.0,2298,4596,2.0,0,2004,0,Metro City,10002
PROP_08349,2025-10-28,1096620,6,3.5,3730,14920,2.0,0,1994,0,Tech Park District,30046
PROP_08350,2026-01-18,287532,3,2.0,2282,9128,2.0,0,1953,0,Metro City,10003
PROP_08351,2026-04-14,1341333,5,2.5,4077,28539,2.5,0,1989,0,Greenwood Valley,40082
PROP_08352,2025-12-06,226888,1,2.5,1436,2872,1.5,0,1995,0,Metro City,10003
PROP_08353,2026-05-11,409145,2,1.0,2365,4730,1.0,0,2009,0,Coastal Suburbs,20012
PROP_08354,2026-05-21,233920,2,2.5,1462,4386,1.0,0,1978,0,Tech Park District,30046
PROP_08355,2025-07-04,365940,3,1.0,2033,12198,2.0,0,2005,0,Greenwood Valley,40081
PROP_08356,2025-09-05,426130,2,2.0,1982,9910,1.5,0,2001,0,Tech Park District,30045
PROP_08357,2026-01-21,255200,1,1.0,1100,3300,2.0,0,1980,0,Metro City,10001
PROP_08358,2025-07-15,886080,4,4.0,4260,25560,3.0,0,1980,0,Greenwood Valley,40082
PROP_08359,2025-07-12,4152018,6,7.5,5401,54010,3.0,0,1954,2024,Tech Park District,30046
PROP_08360,2025-12-18,381488,1,2.5,1808,3616,2.0,0,2006,0,Coastal Suburbs,20011
PROP_08361,2025-08-31,260585,1,2.5,1055,6330,1.5,0,1960,0,Coastal Suburbs,20012
PROP_08362,2025-10-26,385632,1,2.5,1648,9888,1.0,0,1951,0,Coastal Suburbs,20012
PROP_08363,2025-07-10,181745,4,1.0,1115,4460,2.0,0,1968,0,Coastal Suburbs,20012
PROP_08364,2025-07-26,227357,2,1.0,914,1828,2.0,0,2014,2019,Coastal Suburbs,20013
PROP_08365,2025-08-24,369873,3,2.0,2163,6489,1.5,0,1951,0,Metro City,10004
PROP_08366,2025-10-20,146592,3,1.0,1018,2036,1.5,0,2007,0,Greenwood Valley,40082
PROP_08367,2025-07-28,216717,3,1.0,1363,2726,1.5,0,1976,0,Greenwood Valley,40081
PROP_08368,2026-05-23,196885,1,1.5,845,2535,2.0,0,1978,0,Tech Park District,30045
PROP_08369,2025-08-15,395516,1,2.5,2222,8888,1.5,0,1963,0,Coastal Suburbs,20012
PROP_08370,2026-02-10,182874,3,1.0,1051,6306,1.5,0,1962,0,Coastal Suburbs,20012
PROP_08371,2025-08-17,239100,2,1.0,1594,6376,2.0,0,1987,0,Coastal Suburbs,20013
PROP_08372,2025-09-13,186903,2,2.5,1093,2186,1.0,0,2001,0,Greenwood Valley,40081
PROP_08373,2026-02-22,294272,2,1.0,2299,13794,1.5,0,1986,0,Coastal Suburbs,20012
PROP_08374,2026-04-18,214123,3,1.0,1267,5068,1.5,0,1988,0,Coastal Suburbs,20012
PROP_08375,2025-06-12,1150146,6,3.0,3249,12996,2.0,0,2002,0,Tech Park District,30046
PROP_08376,2025-10-29,989482,6,2.5,3699,14796,2.5,0,1951,2016,Coastal Suburbs,20013
PROP_08377,2025-12-31,275049,3,1.5,1647,9882,2.0,0,1990,0,Greenwood Valley,40082
PROP_08378,2026-05-16,852198,4,2.5,2463,14778,3.0,0,1965,0,Tech Park District,30045
PROP_08379,2026-03-05,556500,4,1.5,2226,4452,1.0,0,1991,0,Tech Park District,30045
PROP_08380,2025-08-07,485300,2,1.0,2300,11500,1.5,0,1989,0,Greenwood Valley,40082
PROP_08381,2026-01-29,400475,1,1.5,1930,9650,1.0,0,1997,2021,Tech Park District,30045
PROP_08382,2025-11-25,161268,4,2.5,1068,3204,1.0,0,1987,0,Greenwood Valley,40081
PROP_08383,2026-01-02,189647,3,1.0,953,5718,1.0,0,1996,0,Coastal Suburbs,20013
PROP_08384,2026-01-14,158137,4,1.0,1189,3567,2.0,0,1984,0,Metro City,10003
PROP_08385,2026-04-27,333156,4,2.5,1523,6092,1.5,0,1952,2023,Tech Park District,30046
PROP_08386,2025-06-11,550519,4,1.5,1986,9930,1.5,1,1981,0,Coastal Suburbs,20012
PROP_08387,2025-10-28,2809890,8,7.5,6938,34690,4.0,0,1990,0,Metro City,10004
PROP_08388,2025-09-05,325775,3,2.0,2075,4150,1.0,0,1961,0,Greenwood Valley,40082
PROP_08389,2025-07-03,236358,4,2.5,1459,7295,1.5,0,1969,0,Metro City,10003
PROP_08390,2025-06-12,579530,1,2.5,1948,9740,1.5,0,1983,2022,Metro City,10003
PROP_08391,2025-09-27,254430,1,2.0,1542,6168,2.0,0,1987,0,Greenwood Valley,40082
PROP_08392,2026-02-22,426318,3,2.5,1733,10398,2.0,0,1992,0,Greenwood Valley,40081
PROP_08393,2026-04-27,224637,2,1.0,1689,6756,2.0,0,1976,0,Coastal Suburbs,20012
PROP_08394,2025-11-19,139564,2,1.5,943,4715,1.5,0,1978,0,Coastal Suburbs,20011
PROP_08395,2025-12-28,478918,4,2.5,1979,11874,1.5,0,1951,0,Coastal Suburbs,20012
PROP_08396,2026-03-24,958932,6,4.0,4098,20490,2.0,0,1980,0,Metro City,10004
PROP_08397,2025-11-23,606284,4,3.5,2569,17983,2.5,0,2003,0,Greenwood Valley,40082
PROP_08398,2026-05-02,1494720,4,4.0,4152,33216,3.0,0,1971,2016,Metro City,10004
PROP_08399,2026-04-27,289060,2,1.0,1940,3880,2.0,0,2001,0,Greenwood Valley,40082
PROP_08400,2025-11-15,129718,3,2.5,821,2463,2.0,0,1969,0,Metro City,10004
PROP_08401,2026-02-04,1819260,6,2.5,4492,35936,2.0,0,1955,2016,Greenwood Valley,40081
PROP_08402,2026-03-31,214659,4,1.0,1173,2346,1.0,0,1987,0,Tech Park District,30045
PROP_08403,2026-05-07,174632,4,1.5,1052,2104,1.0,0,1976,0,Coastal Suburbs,20011
PROP_08404,2026-05-23,933924,4,4.0,2676,18732,2.0,0,1965,0,Coastal Suburbs,20013
PROP_08405,2026-02-27,353440,3,1.0,2209,6627,1.0,0,1993,0,Coastal Suburbs,20013
PROP_08406,2026-03-08,255697,2,2.5,1157,3471,1.0,0,2013,0,Metro City,10001
PROP_08407,2026-01-14,275726,3,2.5,1826,7304,2.0,0,1970,0,Tech Park District,30045
PROP_08408,2026-01-21,355320,4,1.0,1692,8460,1.0,0,1983,0,Tech Park District,30045
PROP_08409,2025-11-03,140012,2,1.5,986,3944,1.5,0,1965,0,Metro City,10001
PROP_08410,2026-03-18,147447,2,2.0,1143,3429,1.0,0,2004,0,Coastal Suburbs,20013
PROP_08411,2025-08-07,791112,4,3.0,2856,22848,2.0,0,2009,0,Tech Park District,30045
PROP_08412,2025-11-04,299297,4,1.5,1567,9402,1.5,0,1952,0,Tech Park District,30046
PROP_08413,2025-08-27,551800,1,2.0,2225,6675,1.5,0,1970,0,Tech Park District,30045
PROP_08414,2025-10-12,874230,4,3.0,3801,22806,2.0,0,1986,0,Metro City,10003
PROP_08415,2025-09-25,408280,4,2.5,1730,6920,1.5,0,1956,0,Tech Park District,30045
PROP_08416,2026-02-03,195707,1,2.0,1541,9246,1.0,0,1959,0,Coastal Suburbs,20012
PROP_08417,2025-12-08,356048,1,1.0,2312,4624,1.5,0,1980,0,Tech Park District,30045
PROP_08418,2025-10-26,977760,4,4.0,3492,17460,3.0,0,1952,0,Tech Park District,30046
PROP_08419,2025-06-25,273208,3,1.0,1924,9620,1.5,0,2000,0,Coastal Suburbs,20012
PROP_08420,2025-08-15,421680,2,1.5,1757,8785,1.5,0,1950,2018,Metro City,10001
PROP_08421,2025-11-28,221752,1,1.0,1046,6276,1.0,0,1969,0,Metro City,10001
PROP_08422,2025-10-24,440759,4,2.0,2357,11785,2.0,0,1998,0,Metro City,10001
PROP_08423,2026-01-20,231608,4,2.5,1048,3144,1.5,0,2009,0,Coastal Suburbs,20012
PROP_08424,2025-08-25,267732,4,2.0,1206,6030,1.5,0,1959,0,Metro City,10001
PROP_08425,2026-04-13,1388160,4,2.5,4338,34704,2.5,0,2009,0,Tech Park District,30046
PROP_08426,2025-08-22,310744,4,1.5,1253,6265,2.0,0,2007,0,Tech Park District,30045
PROP_08427,2026-05-31,213600,1,1.5,1335,2670,2.0,0,1968,0,Greenwood Valley,40082
PROP_08428,2026-03-02,495850,1,1.5,1688,3376,1.0,0,2014,2020,Metro City,10001
PROP_08429,2025-10-25,313230,3,1.0,1970,7880,1.0,0,1957,0,Tech Park District,30045
PROP_08430,2025-09-02,661063,6,2.5,3133,15665,2.0,0,2004,0,Greenwood Valley,40082
PROP_08431,2025-08-29,565185,2,2.5,1838,3676,1.0,0,1985,2017,Greenwood Valley,40082
PROP_08432,2026-05-29,1122892,5,3.0,3236,25888,2.5,0,1961,0,Greenwood Valley,40082
PROP_08433,2026-05-21,248416,3,2.5,1109,6654,1.0,0,1983,0,Coastal Suburbs,20012
PROP_08434,2026-05-08,754134,5,4.0,3182,12728,3.0,0,1985,0,Greenwood Valley,40082
PROP_08435,2025-08-18,237600,2,2.5,1980,9900,1.0,0,1964,0,Tech Park District,30045
PROP_08436,2025-08-22,820862,5,3.0,3449,24143,2.5,0,2001,0,Tech Park District,30045
PROP_08437,2025-09-30,213520,4,1.5,1256,7536,1.5,0,1963,0,Tech Park District,30046
PROP_08438,2025-07-30,408360,1,2.5,1640,6560,2.0,0,1987,0,Metro City,10002
PROP_08439,2025-06-22,840435,4,2.5,3909,19545,2.5,0,2009,0,Metro City,10004
PROP_08440,2025-11-10,474950,1,1.5,2065,10325,1.0,0,1958,2022,Tech Park District,30046
PROP_08441,2026-03-22,219834,2,1.5,1593,7965,2.0,0,1963,0,Coastal Suburbs,20012
PROP_08442,2025-08-04,155610,2,1.0,988,4940,2.0,0,1989,2019,Greenwood Valley,40082
PROP_08443,2026-01-12,269104,4,1.5,1112,5560,2.0,0,1951,0,Coastal Suburbs,20012
PROP_08444,2025-10-12,299500,4,1.5,2396,11980,1.0,0,1996,0,Metro City,10001
PROP_08445,2025-12-07,369833,3,1.0,2069,4138,1.0,0,1996,2022,Tech Park District,30045
PROP_08446,2025-09-03,266700,1,1.0,1270,3810,1.0,0,1991,0,Coastal Suburbs,20013
PROP_08447,2025-09-14,1230004,6,2.5,4331,12993,2.5,0,1967,0,Coastal Suburbs,20011
PROP_08448,2026-03-15,281515,1,2.0,923,5538,1.0,0,1963,2016,Coastal Suburbs,20012
PROP_08449,2026-05-29,266392,3,1.0,1988,11928,1.5,0,1977,0,Metro City,10003
PROP_08450,2025-06-18,264450,2,2.0,2150,12900,1.5,0,1999,0,Metro City,10003
PROP_08451,2026-05-07,382858,2,1.5,2378,11890,2.0,0,1958,0,Tech Park District,30045
PROP_08452,2025-11-10,286528,4,1.0,1184,5920,2.0,0,1958,0,Metro City,10002
PROP_08453,2025-11-24,349552,3,1.0,1254,2508,1.5,0,2014,2024,Tech Park District,30046
PROP_08454,2025-08-15,322048,2,1.0,2368,9472,1.5,0,1997,0,Coastal Suburbs,20013
PROP_08455,2025-12-08,398253,1,1.5,1741,8705,1.0,0,2014,2025,Greenwood Valley,40081
PROP_08456,2026-01-16,196716,4,2.5,1014,6084,1.5,0,1998,0,Tech Park District,30045
PROP_08457,2026-03-04,439320,3,1.0,2092,6276,1.5,0,1999,2018,Coastal Suburbs,20012
PROP_08458,2025-08-23,949620,5,4.0,3876,11628,2.0,0,1956,0,Coastal Suburbs,20011
PROP_08459,2026-03-01,173010,2,1.0,1095,3285,1.5,0,1993,0,Greenwood Valley,40082
PROP_08460,2025-11-02,329700,2,1.0,2198,8792,1.0,0,1972,0,Tech Park District,30045
PROP_08461,2025-08-02,552613,3,2.5,2293,13758,2.0,0,1961,0,Tech Park District,30046
PROP_08462,2025-06-13,411794,3,2.5,1999,9995,1.5,0,1987,0,Greenwood Valley,40081
PROP_08463,2025-12-25,379374,1,2.0,2386,4772,1.0,0,2009,0,Coastal Suburbs,20013
PROP_08464,2026-02-11,490827,1,1.0,2071,12426,1.5,0,1956,0,Tech Park District,30046
PROP_08465,2025-08-14,293920,1,2.5,1760,10560,2.0,0,1974,0,Coastal Suburbs,20011
PROP_08466,2026-01-21,520025,3,2.5,1705,10230,1.5,0,1959,2020,Tech Park District,30045
PROP_08467,2025-11-11,169344,4,1.5,896,4480,1.0,0,1966,0,Coastal Suburbs,20012
PROP_08468,2025-08-19,269048,3,1.5,1592,3184,1.0,0,1960,0,Greenwood Valley,40081
PROP_08469,2025-06-03,1043132,5,3.0,3673,11019,3.0,0,1965,0,Tech Park District,30046
PROP_08470,2026-03-07,809830,6,4.0,3521,14084,3.0,0,2003,0,Tech Park District,30045
PROP_08471,2026-02-15,1102506,4,4.0,3467,10401,3.0,0,1972,0,Greenwood Valley,40081
PROP_08472,2025-11-17,533673,4,2.0,2333,13998,1.0,0,1952,2020,Tech Park District,30046
PROP_08473,2026-04-28,166912,1,1.0,1304,2608,1.5,0,1999,0,Coastal Suburbs,20013
PROP_08474,2026-05-28,396672,3,2.0,2066,10330,1.0,0,1986,0,Metro City,10002
PROP_08475,2025-10-30,157080,2,2.0,952,4760,1.5,0,1986,2021,Metro City,10003
PROP_08476,2026-01-29,338975,4,2.0,1937,9685,1.0,0,1967,0,Greenwood Valley,40081
PROP_08477,2025-10-27,187026,2,1.5,1533,3066,2.0,0,1951,0,Tech Park District,30045
PROP_08478,2026-03-21,329732,1,2.0,1492,7460,2.0,0,1979,0,Coastal Suburbs,20012
PROP_08479,2026-05-08,129514,1,2.0,841,3364,1.0,0,2000,0,Metro City,10004
PROP_08480,2025-08-15,535040,3,1.5,2048,12288,1.0,0,1951,2023,Coastal Suburbs,20011
PROP_08481,2026-03-17,276089,2,1.0,1321,3963,1.5,0,2008,0,Greenwood Valley,40082
PROP_08482,2026-01-13,341515,3,2.5,2045,10225,1.0,0,1958,0,Tech Park District,30046
PROP_08483,2025-11-21,301184,3,1.0,1664,4992,2.0,0,1968,0,Metro City,10002
PROP_08484,2026-05-19,262276,2,1.0,1972,3944,1.5,0,1969,0,Metro City,10003
PROP_08485,2025-07-28,469574,1,2.0,1973,11838,1.5,0,2010,0,Greenwood Valley,40081
PROP_08486,2026-02-01,226688,1,1.5,1288,2576,1.5,0,1973,0,Greenwood Valley,40082
PROP_08487,2025-06-21,4828472,7,5.0,5883,76479,4.0,1,1956,2017,Coastal Suburbs,20011
PROP_08488,2025-08-11,449196,3,1.0,1804,7216,2.0,0,1997,0,Metro City,10004
PROP_08489,2026-05-14,510862,2,2.0,2111,8444,2.0,0,1966,0,Greenwood Valley,40081
PROP_08490,2026-03-10,353192,3,1.0,1484,4452,1.5,0,1973,0,Metro City,10002
PROP_08491,2025-07-30,1388709,4,4.0,4221,21105,3.0,0,1952,0,Greenwood Valley,40082
PROP_08492,2025-11-05,400191,3,1.0,1991,9955,2.0,0,2009,0,Coastal Suburbs,20011
PROP_08493,2025-06-13,213651,1,2.0,1107,6642,1.0,0,1999,0,Metro City,10001
PROP_08494,2025-12-23,1582000,4,2.5,3955,11865,2.5,0,1952,2017,Tech Park District,30045
PROP_08495,2026-04-13,202020,3,1.5,1443,8658,1.5,0,2013,0,Coastal Suburbs,20012
PROP_08496,2025-09-21,579547,1,2.0,1862,5586,1.0,0,1960,2021,Greenwood Valley,40082
PROP_08497,2026-01-15,194916,4,2.0,1317,7902,1.0,0,1955,0,Coastal Suburbs,20012
PROP_08498,2025-11-30,230874,3,2.5,966,3864,1.5,0,1961,0,Tech Park District,30046
PROP_08499,2025-07-18,400972,2,1.0,1506,4518,1.0,0,1976,2018,Greenwood Valley,40081
PROP_08500,2025-11-15,317262,4,2.5,2299,9196,2.0,0,1967,0,Coastal Suburbs,20011
PROP_08501,2025-06-29,480256,3,1.0,2144,4288,1.5,0,1976,0,Metro City,10002
PROP_08502,2026-04-08,1061280,6,2.5,4020,24120,3.0,0,1964,0,Greenwood Valley,40082
PROP_08503,2026-04-25,398208,2,1.5,1952,3904,1.0,0,2001,0,Greenwood Valley,40082
PROP_08504,2025-09-08,503750,3,2.5,2015,4030,1.5,0,1955,0,Metro City,10004
PROP_08505,2026-03-26,348336,1,1.0,1968,11808,2.0,0,1972,0,Metro City,10004
PROP_08506,2026-02-25,200382,2,1.0,1101,6606,2.0,0,1968,0,Coastal Suburbs,20011
PROP_08507,2025-09-22,329406,2,2.0,1426,7130,1.5,0,2004,0,Tech Park District,30045
PROP_08508,2025-10-21,769804,5,4.0,2894,23152,2.0,0,2014,0,Coastal Suburbs,20013
PROP_08509,2025-09-09,385875,2,2.0,2205,6615,1.0,0,1975,0,Tech Park District,30046
PROP_08510,2025-06-12,532004,4,4.0,2486,12430,3.0,0,1992,0,Greenwood Valley,40081
PROP_08511,2025-07-13,305440,4,2.0,1328,6640,2.0,0,2003,2024,Greenwood Valley,40081
PROP_08512,2026-03-03,183582,1,2.5,1457,7285,1.0,0,1977,0,Coastal Suburbs,20012
PROP_08513,2026-01-15,1210338,6,2.5,3539,21234,3.0,0,1960,0,Tech Park District,30045
PROP_08514,2026-05-13,223201,1,1.5,1133,5665,1.0,0,1982,0,Coastal Suburbs,20013
PROP_08515,2026-05-10,284648,2,2.0,2093,12558,1.0,0,1999,0,Coastal Suburbs,20011
PROP_08516,2025-07-15,249498,1,2.0,1503,7515,1.0,0,1974,0,Tech Park District,30045
PROP_08517,2026-02-18,218295,2,1.0,945,1890,2.0,0,2008,0,Tech Park District,30045
PROP_08518,2025-12-19,455880,3,1.5,1965,3930,2.0,0,1976,0,Metro City,10004
PROP_08519,2025-09-08,315469,4,1.0,1309,3927,2.0,0,1951,0,Coastal Suburbs,20011
PROP_08520,2026-02-07,767400,6,4.0,3837,26859,2.5,0,1989,0,Greenwood Valley,40082
PROP_08521,2025-11-10,147560,4,1.5,1085,3255,1.5,0,1972,0,Coastal Suburbs,20011
PROP_08522,2026-04-05,170456,1,2.5,1144,5720,1.0,0,1957,0,Greenwood Valley,40082
PROP_08523,2026-04-06,5424641,8,6.0,7229,65061,4.0,1,1994,0,Metro City,10003
PROP_08524,2026-02-17,1405053,5,3.5,4003,28021,2.0,0,2013,0,Coastal Suburbs,20012
PROP_08525,2025-06-29,347990,3,2.5,1513,4539,1.5,0,1983,2025,Tech Park District,30045
PROP_08526,2026-05-08,248718,1,1.5,1137,5685,1.0,0,1954,2016,Coastal Suburbs,20011
PROP_08527,2025-12-02,571210,3,2.0,2390,11950,1.5,0,1952,0,Greenwood Valley,40081
PROP_08528,2025-12-21,466516,2,2.0,2092,8368,1.5,0,1953,0,Tech Park District,30046
PROP_08529,2025-08-15,229248,2,1.0,1194,3582,1.5,0,2011,0,Coastal Suburbs,20011
PROP_08530,2026-01-05,429580,4,2.0,2285,11425,1.5,0,1972,0,Coastal Suburbs,20012
PROP_08531,2025-12-07,483135,2,1.5,2078,4156,2.0,0,1965,2021,Greenwood Valley,40081
PROP_08532,2025-12-15,307718,2,2.0,1145,4580,1.0,0,1972,2024,Greenwood Valley,40081
PROP_08533,2025-12-08,528504,1,2.5,2166,8664,1.5,0,2002,0,Greenwood Valley,40081
PROP_08534,2025-06-07,323824,1,1.0,2188,6564,1.5,0,2014,0,Tech Park District,30045
PROP_08535,2025-10-24,193802,2,1.5,1526,3052,1.5,0,1967,0,Tech Park District,30045
PROP_08536,2025-11-24,150672,3,1.5,1032,2064,1.5,0,1983,0,Metro City,10003
PROP_08537,2025-11-27,187862,1,2.5,1130,6780,1.0,0,1999,2016,Coastal Suburbs,20013
PROP_08538,2025-11-05,254972,1,2.5,1291,5164,1.5,0,1955,2025,Coastal Suburbs,20011
PROP_08539,2026-01-15,590330,1,1.5,1976,9880,1.5,0,1966,2021,Tech Park District,30045
PROP_08540,2026-03-15,171120,2,1.5,930,3720,1.5,0,1986,0,Metro City,10003
PROP_08541,2025-07-15,865975,4,2.5,2585,18095,2.0,0,2003,0,Metro City,10002
PROP_08542,2025-09-19,242580,4,1.0,1244,6220,1.0,0,1979,2025,Metro City,10002
PROP_08543,2026-01-14,1637496,5,3.0,3249,22743,3.0,1,2013,0,Coastal Suburbs,20012
PROP_08544,2025-12-30,486780,1,2.0,2135,6405,1.5,0,1987,0,Metro City,10001
PROP_08545,2026-01-13,564984,1,1.5,2394,11970,1.0,0,1997,0,Metro City,10004
PROP_08546,2025-10-26,236094,2,2.0,1083,2166,1.5,0,2011,0,Coastal Suburbs,20012
PROP_08547,2025-08-23,1208024,4,2.5,3683,22098,2.5,0,1996,0,Greenwood Valley,40081
PROP_08548,2026-01-04,399470,3,1.0,1858,9290,1.0,0,1986,0,Tech Park District,30045
PROP_08549,2025-12-30,253302,1,2.5,1554,7770,1.0,0,1966,0,Tech Park District,30046
PROP_08550,2025-08-11,437544,2,1.5,2124,4248,1.0,0,2010,0,Tech Park District,30045
PROP_08551,2026-03-28,339218,2,1.5,1814,5442,2.0,0,1977,0,Greenwood Valley,40081
PROP_08552,2026-04-03,352170,3,2.5,1638,4914,2.0,0,2008,0,Coastal Suburbs,20011
PROP_08553,2025-07-15,1055106,6,4.0,4342,30394,2.5,0,2012,0,Coastal Suburbs,20012
PROP_08554,2025-08-13,229067,4,2.5,1517,6068,1.5,0,2007,0,Tech Park District,30046
PROP_08555,2025-09-15,216300,1,1.0,1442,2884,1.5,0,1985,0,Greenwood Valley,40082
PROP_08556,2025-11-03,1391016,4,4.0,3832,22992,2.5,0,1963,0,Metro City,10003
PROP_08557,2026-01-30,1523680,6,2.5,4280,25680,2.5,0,1975,0,Coastal Suburbs,20012
PROP_08558,2026-02-24,403506,2,1.5,2319,11595,1.0,0,1960,0,Metro City,10004
PROP_08559,2025-11-19,167524,3,1.0,1351,5404,1.5,0,2004,0,Greenwood Valley,40081
PROP_08560,2025-07-04,445561,1,1.5,2239,11195,2.0,0,1988,0,Greenwood Valley,40082
PROP_08561,2026-03-30,368672,3,2.0,2248,8992,2.0,0,1965,0,Greenwood Valley,40081
PROP_08562,2025-12-10,1205282,5,3.0,3926,15704,3.0,0,1960,0,Tech Park District,30046
PROP_08563,2025-07-16,145350,2,1.5,950,3800,1.5,0,2010,0,Tech Park District,30046
PROP_08564,2025-06-04,357277,3,1.5,2133,12798,1.0,0,2014,2020,Metro City,10001
PROP_08565,2025-12-27,490725,2,1.5,2181,8724,2.0,0,1999,0,Coastal Suburbs,20013
PROP_08566,2026-04-24,269700,3,2.5,1392,5568,1.0,0,1951,2022,Metro City,10001
PROP_08567,2025-10-18,3259200,8,7.5,5820,69840,4.0,0,2008,0,Metro City,10001
PROP_08568,2025-12-30,167475,1,2.5,1015,6090,1.0,0,1997,0,Greenwood Valley,40082
PROP_08569,2025-08-29,1434032,4,3.0,3211,16055,2.5,1,1970,0,Metro City,10003
PROP_08570,2026-03-12,404540,4,1.0,1790,3580,2.0,0,1959,0,Tech Park District,30046
PROP_08571,2026-01-23,320191,3,2.0,1609,8045,1.5,0,1977,0,Tech Park District,30046
PROP_08572,2026-05-30,432552,3,1.0,1753,7012,1.5,1,1959,2019,Metro City,10002
PROP_08573,2026-03-18,323010,2,2.0,1665,6660,1.0,0,1956,0,Coastal Suburbs,20012
PROP_08574,2025-08-10,191764,3,1.0,1004,6024,1.0,0,1960,0,Metro City,10001
PROP_08575,2025-09-11,310752,2,2.5,1872,9360,1.5,0,1950,0,Greenwood Valley,40081
PROP_08576,2025-09-04,334413,3,1.5,1527,7635,1.0,0,1965,0,Greenwood Valley,40081
PROP_08577,2025-12-13,473163,1,1.0,1857,5571,2.0,1,1974,0,Coastal Suburbs,20013
PROP_08578,2025-10-27,1052647,5,4.0,3382,10146,2.5,0,2000,2017,Greenwood Valley,40082
PROP_08579,2026-03-11,417972,1,2.0,1713,8565,1.0,0,1994,0,Greenwood Valley,40081
PROP_08580,2026-02-07,172667,1,2.5,1427,8562,2.0,0,1992,0,Coastal Suburbs,20011
PROP_08581,2025-06-22,413525,1,1.0,2363,9452,2.0,0,1982,0,Greenwood Valley,40081
PROP_08582,2025-11-02,247008,4,2.5,1488,4464,1.0,0,1963,0,Tech Park District,30046
PROP_08583,2026-03-27,950990,6,2.5,3118,9354,3.0,0,2011,0,Tech Park District,30045
PROP_08584,2025-11-03,328364,1,1.5,1594,9564,2.0,0,1980,0,Metro City,10001
PROP_08585,2026-02-08,211899,2,2.5,851,5106,1.5,0,1971,0,Tech Park District,30045
PROP_08586,2026-03-14,414192,4,2.5,1682,10092,1.5,0,1965,2025,Coastal Suburbs,20013
PROP_08587,2026-01-24,518206,1,1.0,2098,8392,2.0,0,2015,0,Greenwood Valley,40082
PROP_08588,2025-09-23,209693,4,1.5,1733,6932,1.0,0,2011,0,Tech Park District,30046
PROP_08589,2025-06-14,249813,4,2.0,2031,12186,1.0,0,1982,0,Coastal Suburbs,20013
PROP_08590,2025-06-02,179550,1,1.5,1425,8550,1.5,0,2010,0,Greenwood Valley,40081
PROP_08591,2025-08-18,1188348,6,2.5,3612,21672,3.0,0,1987,0,Metro City,10004
PROP_08592,2025-10-13,1061754,5,4.0,3414,23898,3.0,0,2015,0,Metro City,10002
PROP_08593,2025-11-01,505180,1,1.0,1742,10452,1.0,0,2006,2024,Metro City,10002
PROP_08594,2026-04-24,1323616,4,2.5,4256,34048,2.5,0,2008,0,Tech Park District,30045
PROP_08595,2026-04-22,905250,5,2.5,3400,17000,3.0,0,1961,2017,Coastal Suburbs,20012
PROP_08596,2026-01-28,368625,2,1.5,1966,5898,1.5,0,2001,2017,Tech Park District,30045
PROP_08597,2025-08-03,320160,3,1.0,1380,8280,2.0,0,1987,0,Coastal Suburbs,20011
PROP_08598,2026-05-01,814960,6,3.5,2672,10688,2.0,0,2010,0,Greenwood Valley,40081
PROP_08599,2026-05-07,262500,4,2.0,1500,4500,1.0,0,2008,0,Greenwood Valley,40081
PROP_08600,2025-10-26,1093224,6,2.5,4141,20705,2.5,0,1957,0,Tech Park District,30046
PROP_08601,2025-12-31,400320,2,1.5,2304,11520,2.0,0,1992,2018,Metro City,10003
PROP_08602,2025-08-31,904514,5,3.5,3662,29296,2.0,0,1951,0,Greenwood Valley,40081
PROP_08603,2026-02-07,396542,3,2.0,1819,9095,2.0,0,1954,0,Greenwood Valley,40082
PROP_08604,2026-05-19,357918,2,2.0,1914,11484,1.5,0,1965,0,Metro City,10003
PROP_08605,2026-04-27,136476,3,2.5,892,5352,2.0,0,1950,0,Greenwood Valley,40081
PROP_08606,2025-10-04,170496,1,1.0,1184,4736,1.5,0,1952,0,Coastal Suburbs,20013
PROP_08607,2025-06-15,286101,1,1.5,1149,4596,1.5,0,2004,0,Coastal Suburbs,20013
PROP_08608,2025-08-01,687987,3,2.5,2393,11965,2.0,0,1961,2020,Tech Park District,30046
PROP_08609,2025-10-20,370975,4,1.5,1420,7100,1.0,0,1961,2020,Coastal Suburbs,20012
PROP_08610,2026-02-08,734610,6,3.5,3126,15630,2.5,0,1955,0,Metro City,10004
PROP_08611,2025-07-05,169812,2,2.0,801,2403,1.5,0,1971,0,Metro City,10003
PROP_08612,2026-04-03,164050,4,2.5,850,5100,2.0,0,1995,0,Greenwood Valley,40081
PROP_08613,2025-12-03,658122,5,3.0,2622,15732,2.5,0,2001,0,Coastal Suburbs,20013
PROP_08614,2026-03-25,206096,4,1.5,1171,5855,2.0,0,2001,0,Coastal Suburbs,20011
PROP_08615,2026-02-02,917377,4,3.5,2522,15132,2.5,0,1990,2016,Metro City,10002
PROP_08616,2026-03-17,143792,3,2.5,817,3268,1.5,0,1986,0,Metro City,10003
PROP_08617,2026-01-10,6492911,8,4.5,6881,41286,3.0,1,1972,0,Coastal Suburbs,20013
PROP_08618,2025-10-11,435073,1,2.5,1951,3902,2.0,0,1977,0,Metro City,10002
PROP_08619,2026-04-18,312194,1,1.5,2246,4492,1.0,0,2002,0,Greenwood Valley,40081
PROP_08620,2026-05-18,322524,1,2.0,1581,9486,2.0,0,1967,0,Coastal Suburbs,20011
PROP_08621,2026-01-30,271551,4,2.0,1407,8442,1.5,0,2012,0,Metro City,10001
PROP_08622,2026-05-22,417040,2,2.5,2005,6015,1.0,0,2001,0,Greenwood Valley,40081
PROP_08623,2025-08-01,185203,1,2.5,1109,5545,1.5,0,1971,0,Metro City,10001
PROP_08624,2025-12-09,447888,1,2.5,2064,8256,1.0,0,1967,0,Metro City,10002
PROP_08625,2026-02-18,394980,4,1.5,1740,10440,1.5,0,1995,0,Tech Park District,30046
PROP_08626,2026-03-22,412750,2,1.0,1651,4953,1.5,0,1973,0,Coastal Suburbs,20011
PROP_08627,2025-06-09,292680,3,2.5,1084,3252,1.0,0,1997,2025,Metro City,10002
PROP_08628,2025-10-11,267972,4,2.5,1956,9780,2.0,0,2007,0,Tech Park District,30045
PROP_08629,2025-08-23,3787195,9,6.0,6703,80436,2.5,0,2001,0,Greenwood Valley,40082
PROP_08630,2026-03-25,422912,2,2.5,1792,7168,1.0,0,2005,0,Coastal Suburbs,20013
PROP_08631,2025-06-30,1070142,6,4.0,3023,9069,3.0,0,1968,0,Coastal Suburbs,20013
PROP_08632,2025-08-14,317086,4,1.0,2233,6699,1.5,0,1966,0,Metro City,10004
PROP_08633,2025-11-11,395744,4,2.0,2384,14304,1.0,0,1972,0,Coastal Suburbs,20012
PROP_08634,2026-01-23,356720,2,2.0,1820,5460,1.5,0,1954,0,Greenwood Valley,40082
PROP_08635,2026-05-21,309765,1,1.0,1605,3210,1.0,0,1984,0,Greenwood Valley,40082
PROP_08636,2025-08-09,213906,1,1.5,1389,8334,1.0,0,2004,0,Tech Park District,30045
PROP_08637,2025-11-30,154632,3,1.5,1137,5685,2.0,0,1973,0,Coastal Suburbs,20011
PROP_08638,2025-08-23,415068,4,2.5,1413,7065,1.5,0,1967,2018,Tech Park District,30046
PROP_08639,2025-06-28,414408,3,2.5,1671,5013,1.0,0,1978,0,Tech Park District,30046
PROP_08640,2025-10-18,446814,3,1.5,2169,6507,1.0,0,1981,0,Metro City,10002
PROP_08641,2025-12-02,184320,1,1.0,1280,3840,1.5,0,1980,0,Tech Park District,30045
PROP_08642,2026-01-01,1402596,6,3.5,4329,25974,3.0,0,1981,0,Coastal Suburbs,20012
PROP_08643,2026-04-22,296140,2,2.0,1072,4288,2.0,0,2008,2018,Greenwood Valley,40081
PROP_08644,2025-11-30,427794,2,1.0,1927,3854,1.5,0,1995,0,Metro City,10001
PROP_08645,2025-06-25,226667,4,2.5,1277,6385,1.5,0,2003,2024,Metro City,10004
PROP_08646,2025-10-27,884037,4,4.0,3827,19135,2.5,0,1989,0,Metro City,10003
PROP_08647,2025-10-28,209428,2,2.5,1277,5108,1.0,0,2005,0,Coastal Suburbs,20012
PROP_08648,2026-02-27,1612548,6,2.5,4266,25596,2.5,0,1978,0,Metro City,10002
PROP_08649,2026-04-24,403789,2,1.5,1733,6932,2.0,0,1955,0,Metro City,10003
PROP_08650,2025-07-10,235480,2,2.5,1624,3248,1.0,0,1959,0,Greenwood Valley,40081
PROP_08651,2026-02-19,559650,3,2.0,2132,10660,1.0,0,1990,2025,Coastal Suburbs,20013
PROP_08652,2025-09-08,518630,4,1.0,2390,4780,1.5,0,2009,0,Coastal Suburbs,20011
PROP_08653,2026-04-18,220800,3,1.5,1725,3450,1.0,0,1998,0,Metro City,10003
PROP_08654,2025-09-02,1080112,4,3.5,3344,23408,2.5,0,2013,0,Tech Park District,30046
PROP_08655,2025-07-19,248094,2,2.0,1386,5544,1.0,0,1982,0,Metro City,10002
PROP_08656,2026-04-03,822140,4,4.0,4070,20350,2.5,0,1961,0,Tech Park District,30046
PROP_08657,2025-08-25,258762,3,1.0,1281,2562,1.0,0,1995,0,Coastal Suburbs,20011
PROP_08658,2026-03-06,297947,1,2.5,1763,10578,1.5,0,1967,0,Coastal Suburbs,20011
PROP_08659,2025-11-13,336444,1,2.5,2116,8464,1.0,0,1958,0,Coastal Suburbs,20011
PROP_08660,2025-11-09,3987522,8,5.0,5754,51786,4.0,0,1963,0,Coastal Suburbs,20011
PROP_08661,2026-05-17,440626,2,1.5,2059,12354,1.0,0,1975,0,Greenwood Valley,40081
PROP_08662,2025-11-02,665550,6,3.0,2465,9860,2.5,0,1964,0,Metro City,10004
PROP_08663,2025-10-17,313020,1,1.0,2115,10575,1.0,0,2011,0,Metro City,10004
PROP_08664,2026-05-17,1093953,6,3.0,3227,25816,2.0,0,1996,0,Coastal Suburbs,20011
PROP_08665,2026-05-24,375342,4,1.0,1551,6204,2.0,0,2002,0,Metro City,10004
PROP_08666,2026-05-19,758926,4,3.5,2513,7539,3.0,0,2010,0,Metro City,10004
PROP_08667,2025-12-03,187775,3,1.5,1073,2146,1.0,0,1993,0,Greenwood Valley,40081
PROP_08668,2025-07-20,1011990,5,3.5,2765,16590,3.0,0,1951,0,Greenwood Valley,40082
PROP_08669,2026-03-01,964633,6,3.0,2687,8061,2.5,0,1959,0,Greenwood Valley,40081
PROP_08670,2026-03-24,390963,4,1.0,2283,9132,1.0,0,1956,2022,Coastal Suburbs,20013
PROP_08671,2025-11-28,136308,2,2.0,921,4605,1.0,0,2015,0,Tech Park District,30046
PROP_08672,2025-08-13,268150,3,2.5,1730,5190,1.0,0,1960,0,Greenwood Valley,40082
PROP_08673,2025-06-07,1369305,5,3.5,4347,21735,3.0,0,2010,0,Metro City,10001
PROP_08674,2025-08-10,290116,3,2.5,2378,7134,1.0,0,1982,0,Tech Park District,30046
PROP_08675,2026-02-21,253735,4,1.5,1637,4911,1.0,0,1988,0,Greenwood Valley,40081
PROP_08676,2025-10-23,421447,3,2.5,1907,5721,1.0,0,1954,0,Greenwood Valley,40081
PROP_08677,2025-12-08,308600,1,1.0,1543,6172,1.0,0,1976,0,Tech Park District,30046
PROP_08678,2026-02-04,394394,3,2.5,2167,10835,2.0,0,1985,0,Coastal Suburbs,20012
PROP_08679,2025-12-28,394250,1,2.0,2375,14250,1.5,0,1950,0,Greenwood Valley,40081
PROP_08680,2025-11-22,401940,3,1.0,2030,8120,1.0,0,1977,0,Greenwood Valley,40082
PROP_08681,2025-08-23,993412,4,3.0,2694,10776,2.5,0,1961,2019,Coastal Suburbs,20012
PROP_08682,2025-07-23,129336,3,2.0,951,4755,1.5,0,1971,0,Coastal Suburbs,20011
PROP_08683,2025-09-20,366776,1,1.0,2081,12486,1.5,0,2006,2022,Metro City,10003
PROP_08684,2025-08-19,794750,5,4.0,2890,8670,3.0,0,1954,0,Greenwood Valley,40082
PROP_08685,2026-02-13,974466,6,2.5,3777,22662,3.0,0,2000,0,Tech Park District,30046
PROP_08686,2025-09-22,265848,2,1.5,1672,6688,2.0,0,1973,0,Metro City,10003
PROP_08687,2025-09-05,232300,1,2.0,1010,5050,1.5,0,1974,0,Greenwood Valley,40082
PROP_08688,2026-03-14,312276,1,2.0,1473,8838,1.5,0,1969,0,Metro City,10001
PROP_08689,2026-04-11,235026,3,2.5,1187,7122,1.5,0,1992,0,Greenwood Valley,40082
PROP_08690,2026-05-20,526824,3,1.0,2168,10840,1.0,0,1960,0,Tech Park District,30045
PROP_08691,2026-02-25,158470,4,1.5,1219,2438,2.0,0,1951,0,Tech Park District,30045
PROP_08692,2026-02-28,981363,4,2.5,2631,13155,3.0,0,1991,0,Greenwood Valley,40082
PROP_08693,2026-05-31,710528,5,3.5,3172,22204,2.5,0,1986,0,Greenwood Valley,40081
PROP_08694,2026-03-10,814600,6,3.0,4073,16292,3.0,0,1976,0,Metro City,10001
PROP_08695,2026-05-26,284707,4,1.5,957,2871,1.0,0,2004,2019,Greenwood Valley,40082
PROP_08696,2025-07-29,465976,1,1.0,2198,13188,2.0,0,2010,0,Metro City,10001
PROP_08697,2025-12-31,182248,2,1.5,872,5232,1.0,0,2005,0,Greenwood Valley,40082
PROP_08698,2026-01-22,226822,4,2.0,1786,8930,1.0,0,1993,0,Coastal Suburbs,20011
PROP_08699,2025-07-10,278355,2,1.5,1205,4820,1.0,0,2007,0,Metro City,10003
PROP_08700,2025-07-30,322200,1,2.0,1611,6444,1.0,0,1957,0,Coastal Suburbs,20012
PROP_08701,2025-08-07,271932,2,2.5,1333,7998,1.0,0,1985,0,Greenwood Valley,40081
PROP_08702,2025-06-09,503860,1,2.5,2065,8260,1.5,0,1951,0,Coastal Suburbs,20013
PROP_08703,2026-02-01,387088,4,2.5,1861,11166,1.0,0,2015,0,Tech Park District,30046
PROP_08704,2025-11-26,245717,2,2.0,1073,2146,1.0,0,1963,0,Tech Park District,30045
PROP_08705,2025-11-07,1256024,6,4.0,4078,28546,3.0,0,1983,0,Coastal Suburbs,20011
PROP_08706,2026-05-20,617826,5,3.0,2783,16698,3.0,0,1972,0,Metro City,10002
PROP_08707,2025-12-03,204320,2,1.5,1277,5108,1.0,0,1966,0,Coastal Suburbs,20012
PROP_08708,2025-08-11,239169,2,2.5,1627,3254,1.0,0,1982,0,Coastal Suburbs,20012
PROP_08709,2026-01-13,800033,5,3.0,3239,25912,3.0,0,2014,0,Metro City,10002
PROP_08710,2026-04-02,241557,1,1.5,1103,4412,1.0,0,1993,0,Greenwood Valley,40082
PROP_08711,2026-02-23,344640,2,1.5,1795,5385,1.0,0,1960,0,Greenwood Valley,40082
PROP_08712,2025-11-23,383496,3,1.0,2204,6612,1.0,0,2002,0,Coastal Suburbs,20012
PROP_08713,2025-08-28,672030,6,2.5,2565,15390,2.0,0,2003,0,Greenwood Valley,40082
PROP_08714,2026-05-30,1267596,6,4.0,4356,26136,2.0,0,2002,0,Metro City,10001
PROP_08715,2025-11-03,425691,4,2.0,1827,10962,1.5,0,1955,0,Tech Park District,30046
PROP_08716,2025-06-15,373006,3,2.5,1613,3226,2.0,0,1982,2020,Tech Park District,30046
PROP_08717,2025-07-31,559949,4,1.0,2267,4534,2.0,0,1990,0,Tech Park District,30045
PROP_08718,2025-09-22,443592,2,2.0,2196,4392,2.0,0,2008,0,Coastal Suburbs,20012
PROP_08719,2025-08-05,469805,2,2.5,2165,12990,1.5,0,1958,0,Tech Park District,30045
PROP_08720,2026-05-22,253080,3,1.5,1332,5328,1.0,0,1979,0,Tech Park District,30046
PROP_08721,2025-08-12,416016,1,2.5,1712,5136,1.0,0,2002,0,Greenwood Valley,40082
PROP_08722,2026-05-19,263996,2,1.0,2129,4258,1.0,0,1967,0,Coastal Suburbs,20013
PROP_08723,2025-09-25,198272,4,2.5,1549,4647,1.0,0,1987,0,Metro City,10003
PROP_08724,2025-11-05,257543,3,1.0,1801,10806,2.0,0,1984,0,Metro City,10001
PROP_08725,2025-08-04,1533442,6,3.0,3587,21522,2.0,0,1953,2017,Metro City,10003
PROP_08726,2025-09-16,273675,1,1.0,1335,4005,2.0,0,1957,0,Coastal Suburbs,20011
PROP_08727,2025-08-06,213982,3,2.0,1103,4412,2.0,0,1966,0,Tech Park District,30046
PROP_08728,2025-07-11,327546,2,1.5,1761,7044,1.5,0,2006,0,Coastal Suburbs,20013
PROP_08729,2026-01-04,247200,3,2.0,1030,4120,1.0,0,1994,0,Metro City,10002
PROP_08730,2026-05-20,190240,3,1.0,1189,2378,1.0,0,1962,2021,Tech Park District,30046
PROP_08731,2025-07-28,363182,3,1.5,1607,3214,1.0,0,2010,0,Metro City,10001
PROP_08732,2025-07-10,750816,4,3.0,3476,20856,2.5,0,1991,0,Greenwood Valley,40082
PROP_08733,2025-06-10,551040,2,1.5,2240,13440,1.0,0,1997,0,Metro City,10002
PROP_08734,2026-02-03,1344814,4,4.0,3746,22476,3.0,0,1976,0,Coastal Suburbs,20012
PROP_08735,2026-01-07,1081288,6,4.0,3653,21918,3.0,0,1972,0,Greenwood Valley,40081
PROP_08736,2025-06-22,593437,6,3.5,2483,12415,2.5,0,1980,0,Greenwood Valley,40081
PROP_08737,2025-09-09,848157,5,2.5,3153,18918,3.0,0,1964,0,Greenwood Valley,40081
PROP_08738,2025-07-26,1207471,5,2.5,3583,17915,2.0,0,2006,0,Coastal Suburbs,20011
PROP_08739,2025-06-17,212472,2,2.0,1362,2724,1.0,0,2008,0,Metro City,10003
PROP_08740,2026-05-04,274350,1,2.0,1550,4650,1.5,0,2005,0,Metro City,10004
PROP_08741,2026-02-18,438102,3,1.0,2318,6954,1.5,0,1994,0,Metro City,10002
PROP_08742,2026-03-31,481042,4,1.0,2069,12414,1.0,0,1964,2016,Greenwood Valley,40082
PROP_08743,2025-07-01,338383,4,1.0,1621,3242,1.5,0,1963,2022,Metro City,10003
PROP_08744,2026-01-27,912231,5,3.5,3595,28760,3.0,0,1969,2023,Metro City,10004
PROP_08745,2025-07-31,410688,1,1.0,1984,11904,1.0,0,1996,0,Tech Park District,30046
PROP_08746,2025-10-08,1691289,4,4.0,3432,20592,2.0,1,1972,0,Greenwood Valley,40082
PROP_08747,2025-06-23,182160,1,2.5,1265,2530,1.0,0,1955,0,Metro City,10003
PROP_08748,2025-07-04,375648,4,1.0,1248,4992,1.0,1,1996,0,Coastal Suburbs,20011
PROP_08749,2025-11-02,563884,4,2.0,2311,6933,1.0,0,1958,0,Tech Park District,30045
PROP_08750,2026-05-08,730170,6,4.0,2745,13725,2.0,0,1954,0,Tech Park District,30046
PROP_08751,2025-06-06,375513,1,2.5,1887,5661,1.5,0,1981,0,Greenwood Valley,40082
PROP_08752,2025-07-20,953172,6,4.0,2988,11952,2.0,0,1963,0,Metro City,10002
PROP_08753,2025-08-03,904525,4,4.0,2425,7275,2.5,0,2015,0,Tech Park District,30046
PROP_08754,2026-04-05,546344,1,2.5,2203,13218,1.5,0,2012,0,Greenwood Valley,40081
PROP_08755,2025-09-14,1164840,6,4.0,3426,20556,2.5,0,1954,0,Tech Park District,30045
PROP_08756,2026-03-28,1040845,4,3.5,3107,21749,2.5,0,1993,0,Tech Park District,30045
PROP_08757,2025-09-11,185504,2,2.0,1054,3162,2.0,0,1964,0,Coastal Suburbs,20013
PROP_08758,2025-09-03,300036,1,1.5,2273,9092,2.0,0,1965,0,Tech Park District,30046
PROP_08759,2026-05-10,274380,2,2.5,1076,3228,1.5,0,2008,2023,Metro City,10003
PROP_08760,2025-11-27,418412,3,1.0,1790,10740,2.0,0,1977,2025,Greenwood Valley,40082
PROP_08761,2025-06-15,366424,1,2.0,2248,4496,2.0,0,1985,0,Coastal Suburbs,20011
PROP_08762,2025-07-17,494205,2,1.5,2103,8412,1.0,0,1954,0,Metro City,10004
PROP_08763,2025-08-14,431062,4,2.0,2090,4180,1.0,0,1982,2016,Metro City,10001
PROP_08764,2025-10-21,173445,4,1.5,1119,5595,1.5,0,1994,0,Greenwood Valley,40082
PROP_08765,2026-03-24,135070,2,1.5,1039,2078,1.0,0,1966,0,Coastal Suburbs,20013
PROP_08766,2025-11-26,369294,4,2.5,2018,6054,2.0,0,1998,0,Tech Park District,30045
PROP_08767,2025-11-28,365292,4,1.0,1668,3336,2.0,0,1969,0,Coastal Suburbs,20013
PROP_08768,2025-08-22,416364,3,1.0,2041,4082,2.0,0,1987,0,Coastal Suburbs,20013
PROP_08769,2026-02-12,4980360,6,4.5,6776,47432,3.0,1,1964,0,Metro City,10001
PROP_08770,2026-04-10,244428,4,1.5,1408,2816,1.0,1,1975,0,Metro City,10004
PROP_08771,2025-10-02,315500,3,2.5,1262,2524,2.0,0,2008,0,Tech Park District,30046
PROP_08772,2026-02-14,259930,3,2.5,1870,5610,1.0,0,2011,0,Tech Park District,30045
PROP_08773,2026-03-19,432600,3,1.5,2163,6489,2.0,0,1961,0,Greenwood Valley,40082
PROP_08774,2025-07-05,288057,4,2.5,1419,8514,2.0,0,1990,0,Coastal Suburbs,20012
PROP_08775,2025-07-21,249730,2,2.0,1105,6630,2.0,0,1958,0,Greenwood Valley,40082
PROP_08776,2026-03-24,1249445,6,3.5,4415,17660,2.0,0,1992,0,Metro City,10001
PROP_08777,2025-06-08,260832,1,2.0,1248,6240,2.0,0,2013,0,Coastal Suburbs,20013
PROP_08778,2026-02-26,384912,2,1.5,1944,7776,1.5,0,1958,0,Tech Park District,30045
PROP_08779,2025-09-20,133888,2,1.5,1046,5230,1.0,0,1955,0,Metro City,10003
PROP_08780,2025-09-07,1390033,4,4.0,4441,17764,3.0,0,1958,0,Metro City,10001
PROP_08781,2025-10-23,423870,2,1.5,1990,9950,1.5,0,2005,0,Metro City,10002
PROP_08782,2025-08-27,2757536,7,5.0,4658,41922,2.5,0,1983,0,Greenwood Valley,40082
PROP_08783,2026-03-03,193024,1,1.5,832,3328,2.0,0,1978,0,Metro City,10002
PROP_08784,2025-06-03,743958,4,3.5,3594,25158,2.0,0,2008,0,Metro City,10001
PROP_08785,2025-07-21,230180,1,2.0,1354,5416,1.5,0,2008,0,Greenwood Valley,40082
PROP_08786,2025-09-18,232320,3,2.5,968,2904,2.0,0,1976,0,Coastal Suburbs,20012
PROP_08787,2026-02-14,763515,5,2.5,2679,16074,2.5,0,2008,0,Coastal Suburbs,20012
PROP_08788,2026-05-29,323285,1,1.0,1577,6308,1.0,0,1963,0,Coastal Suburbs,20012
PROP_08789,2026-01-30,398490,2,1.5,1795,7180,1.0,0,1989,0,Coastal Suburbs,20012
PROP_08790,2025-12-05,384420,3,2.5,2384,11920,1.0,0,1998,2019,Tech Park District,30046
PROP_08791,2026-05-24,272043,1,1.5,1629,9774,1.0,0,1968,0,Tech Park District,30045
PROP_08792,2026-03-29,1106385,6,3.0,3855,15420,2.0,0,2013,0,Tech Park District,30045
PROP_08793,2025-09-03,1560132,5,3.5,4228,16912,3.0,0,1966,0,Tech Park District,30045
PROP_08794,2026-01-12,227760,1,2.5,1095,3285,1.0,0,1951,0,Tech Park District,30045
PROP_08795,2026-05-11,833280,6,3.0,2604,18228,2.5,0,1982,2016,Metro City,10001
PROP_08796,2025-07-25,157140,4,2.0,1164,5820,1.0,0,1968,0,Tech Park District,30045
PROP_08797,2025-09-01,126677,2,1.5,967,3868,1.5,0,1973,0,Tech Park District,30045
PROP_08798,2025-11-29,425475,1,1.0,2325,6975,1.5,0,1976,0,Tech Park District,30045
PROP_08799,2025-12-12,176092,1,1.0,1324,2648,1.5,0,1983,0,Coastal Suburbs,20011
PROP_08800,2026-01-04,364960,2,1.5,2281,6843,1.0,0,1999,0,Greenwood Valley,40082
PROP_08801,2025-09-18,501402,1,1.0,2343,14058,1.0,0,1957,0,Metro City,10001
PROP_08802,2026-02-19,1009914,6,4.0,3594,21564,3.0,0,1979,0,Tech Park District,30045
PROP_08803,2025-09-25,340490,1,1.0,2155,6465,1.5,0,1968,0,Metro City,10001
PROP_08804,2025-12-26,416976,4,2.5,2044,10220,1.0,0,1986,0,Metro City,10003
PROP_08805,2025-07-28,303520,3,1.0,1897,11382,1.5,0,1979,0,Metro City,10002
PROP_08806,2025-11-08,2355903,8,5.0,4939,24695,2.5,0,1985,0,Greenwood Valley,40081
PROP_08807,2025-08-03,347725,1,1.5,1987,11922,1.5,0,1984,0,Coastal Suburbs,20013
PROP_08808,2026-01-25,379509,2,1.0,1909,11454,1.5,1,1999,0,Metro City,10003
PROP_08809,2025-07-27,256410,2,2.0,1332,5328,1.0,0,2015,2022,Greenwood Valley,40081
PROP_08810,2026-02-22,213248,2,2.5,952,3808,2.0,0,1964,0,Tech Park District,30045
PROP_08811,2025-08-09,320547,1,2.5,1811,3622,2.0,0,1956,0,Metro City,10003
PROP_08812,2026-02-09,569415,6,3.5,2465,14790,2.5,0,1967,0,Tech Park District,30046
PROP_08813,2025-12-02,145500,3,1.5,1164,2328,1.0,0,1988,0,Metro City,10003
PROP_08814,2026-05-27,1191267,5,4.0,4011,16044,2.0,0,2012,0,Metro City,10002
PROP_08815,2025-10-26,287131,1,2.0,1699,10194,2.0,0,1972,0,Metro City,10001
PROP_08816,2026-03-13,192104,2,2.5,814,2442,1.5,0,2011,0,Coastal Suburbs,20013
PROP_08817,2025-06-21,766896,6,2.5,2458,17206,2.0,0,2001,0,Greenwood Valley,40081
PROP_08818,2025-07-13,125983,2,1.0,881,1762,2.0,0,1989,0,Greenwood Valley,40081
PROP_08819,2025-11-15,317586,3,1.0,1291,5164,2.0,0,1975,0,Coastal Suburbs,20013
PROP_08820,2026-02-08,389576,3,2.0,1649,6596,2.0,0,1986,2025,Coastal Suburbs,20013
PROP_08821,2025-07-30,752136,6,2.5,2442,17094,2.0,0,1994,0,Greenwood Valley,40081
PROP_08822,2025-12-15,399570,4,2.5,2103,8412,1.5,0,1978,0,Coastal Suburbs,20012
PROP_08823,2025-10-24,114380,4,2.5,817,1634,1.5,0,2015,0,Greenwood Valley,40081
PROP_08824,2026-01-20,261030,3,2.5,1582,6328,2.0,0,1975,0,Coastal Suburbs,20011
PROP_08825,2026-04-04,308083,2,2.5,1613,9678,1.5,0,1964,0,Greenwood Valley,40081
PROP_08826,2025-11-07,1491817,5,4.0,2834,8502,3.0,1,1978,0,Coastal Suburbs,20011
PROP_08827,2026-05-18,490050,4,1.0,2178,4356,1.5,0,1984,0,Tech Park District,30046
PROP_08828,2026-01-14,258192,1,2.0,1584,6336,1.0,0,1962,0,Metro City,10001
PROP_08829,2025-09-24,581385,1,1.0,2373,14238,2.0,0,2006,0,Coastal Suburbs,20011
PROP_08830,2026-03-11,1269054,4,4.0,3834,23004,2.0,0,1955,0,Metro City,10002
PROP_08831,2025-12-26,300828,4,2.5,1419,8514,1.0,0,1991,0,Tech Park District,30045
PROP_08832,2025-10-27,259532,3,2.5,1612,9672,1.5,0,1995,0,Metro City,10003
PROP_08833,2026-01-06,500310,1,2.0,2295,13770,1.5,0,1962,0,Greenwood Valley,40082
PROP_08834,2025-09-05,911840,4,3.5,3280,26240,2.0,0,1954,0,Metro City,10002
PROP_08835,2025-07-06,1143903,5,2.5,2521,17647,2.0,0,1984,2024,Greenwood Valley,40082
PROP_08836,2026-01-30,169302,4,1.0,973,2919,1.0,0,1976,0,Greenwood Valley,40082
PROP_08837,2026-05-14,428340,1,1.0,1770,3540,1.0,0,2006,0,Greenwood Valley,40081
PROP_08838,2025-12-06,1390781,6,2.5,3225,16125,2.0,0,1954,2024,Metro City,10002
PROP_08839,2025-08-31,171962,3,1.0,1211,2422,2.0,0,2012,0,Metro City,10004
PROP_08840,2025-06-07,851253,4,3.0,2847,22776,2.0,0,2010,0,Coastal Suburbs,20011
PROP_08841,2026-05-12,469046,1,1.0,2169,10845,1.5,0,1960,2025,Coastal Suburbs,20012
PROP_08842,2026-02-07,455464,4,1.0,2312,11560,1.0,0,1970,0,Greenwood Valley,40082
PROP_08843,2026-05-11,315360,1,2.0,1460,2920,1.0,0,1966,0,Greenwood Valley,40081
PROP_08844,2025-07-24,118125,4,1.0,945,3780,2.0,0,1963,0,Tech Park District,30045
PROP_08845,2025-12-20,169108,3,1.0,1262,6310,1.5,0,1997,0,Metro City,10001
PROP_08846,2026-01-11,357340,3,2.0,2102,4204,1.5,0,1982,0,Metro City,10001
PROP_08847,2026-02-23,196564,3,2.5,1252,6260,1.5,0,1967,0,Tech Park District,30046
PROP_08848,2026-05-04,1626643,4,4.0,4256,25536,2.0,1,1980,0,Tech Park District,30046
PROP_08849,2026-05-13,187224,3,1.0,1076,3228,1.0,0,1977,0,Tech Park District,30045
PROP_08850,2025-07-14,129042,3,2.0,963,3852,1.0,0,2004,0,Tech Park District,30045
PROP_08851,2025-08-01,391537,1,1.0,1970,5910,2.0,0,1960,2019,Greenwood Valley,40082
PROP_08852,2025-08-13,894240,6,3.0,4140,20700,2.0,0,1961,0,Tech Park District,30045
PROP_08853,2025-12-20,1317756,5,4.0,4422,35376,2.5,0,1971,0,Metro City,10004
PROP_08854,2025-12-23,169470,1,1.0,807,1614,2.0,0,1997,0,Greenwood Valley,40081
PROP_08855,2026-05-22,291720,2,1.5,2244,6732,1.5,0,1976,0,Metro City,10001
PROP_08856,2026-03-30,2959263,6,4.5,5573,66876,2.5,0,1997,0,Tech Park District,30046
PROP_08857,2025-07-23,306603,4,1.5,1881,3762,1.5,0,1956,0,Coastal Suburbs,20013
PROP_08858,2025-08-26,371464,3,2.5,1574,9444,1.0,0,1983,0,Metro City,10001
PROP_08859,2025-07-04,233040,4,1.0,971,4855,2.0,0,2006,2024,Tech Park District,30046
PROP_08860,2025-12-04,272845,4,1.5,1385,5540,2.0,0,1962,0,Metro City,10003
PROP_08861,2025-09-10,261576,3,2.5,1211,7266,1.5,0,1998,0,Tech Park District,30046
PROP_08862,2025-11-21,465375,1,2.0,2190,6570,2.0,0,2007,2023,Tech Park District,30045
PROP_08863,2025-09-11,947800,5,2.5,2708,13540,2.5,0,1974,0,Tech Park District,30045
PROP_08864,2026-04-01,8041395,9,7.5,7783,77830,4.0,1,1989,0,Coastal Suburbs,20013
PROP_08865,2025-12-24,444980,4,2.5,2342,4684,1.5,0,1986,0,Coastal Suburbs,20011
PROP_08866,2025-08-02,125948,2,2.5,851,4255,1.5,0,1994,0,Greenwood Valley,40082
PROP_08867,2025-09-28,391742,4,2.0,1586,7930,1.0,0,1981,0,Coastal Suburbs,20011
PROP_08868,2026-01-04,1344768,5,2.5,3065,21455,2.0,0,1955,2024,Greenwood Valley,40082
PROP_08869,2026-02-11,510510,1,2.5,2210,11050,2.0,0,2006,0,Coastal Suburbs,20013
PROP_08870,2025-10-21,587213,4,4.0,2783,16698,2.0,0,1958,0,Metro City,10004
PROP_08871,2026-03-25,311967,1,2.0,2039,12234,1.0,0,1960,0,Tech Park District,30045
PROP_08872,2026-03-31,292815,1,2.0,1205,2410,2.0,0,1951,0,Tech Park District,30046
PROP_08873,2025-10-18,1629050,5,2.5,4204,21020,2.0,0,1996,2020,Metro City,10003
PROP_08874,2026-04-26,135465,2,1.5,821,2463,1.0,0,1957,0,Greenwood Valley,40082
PROP_08875,2025-12-22,311242,2,2.5,1537,7685,1.5,0,1955,2023,Tech Park District,30046
PROP_08876,2025-11-30,343115,3,2.0,2105,12630,1.0,0,1979,0,Metro City,10001
PROP_08877,2026-01-30,233090,1,1.0,1304,3912,1.0,0,2006,2022,Metro City,10004
PROP_08878,2026-05-08,157312,1,2.5,1229,4916,1.0,0,2007,0,Greenwood Valley,40082
PROP_08879,2026-04-05,324190,3,1.0,1907,9535,1.0,0,1973,2022,Metro City,10003
PROP_08880,2025-12-25,211904,2,1.5,1204,4816,1.0,0,1999,0,Metro City,10002
PROP_08881,2026-02-04,230050,3,2.5,1070,5350,1.0,0,2004,0,Greenwood Valley,40082
PROP_08882,2026-02-17,158760,1,1.0,980,5880,2.0,0,1971,0,Metro City,10002
PROP_08883,2025-10-21,183888,4,2.5,1277,7662,1.5,0,1964,0,Tech Park District,30045
PROP_08884,2025-08-15,487799,1,2.5,2041,12246,1.5,0,1960,0,Coastal Suburbs,20013
PROP_08885,2026-01-19,359285,3,1.0,1985,11910,1.0,0,1958,0,Coastal Suburbs,20013
PROP_08886,2025-07-26,675090,2,2.5,2308,13848,2.0,0,2009,2025,Greenwood Valley,40082
PROP_08887,2025-08-02,514180,2,2.0,2188,13128,2.0,0,1999,0,Metro City,10001
PROP_08888,2025-10-07,892852,4,3.0,2494,7482,3.0,0,2004,0,Coastal Suburbs,20011
PROP_08889,2026-02-06,1173726,5,4.0,3546,28368,2.5,0,1996,0,Coastal Suburbs,20012
PROP_08890,2026-02-10,336798,4,1.0,2187,8748,2.0,0,1965,0,Metro City,10004
PROP_08891,2025-09-27,353430,1,2.5,1530,3060,2.0,1,1967,0,Metro City,10002
PROP_08892,2026-04-18,745500,5,3.5,3500,17500,2.5,0,1998,0,Metro City,10003
PROP_08893,2025-08-08,1140836,4,3.5,3532,10596,2.5,0,1950,0,Metro City,10001
PROP_08894,2025-06-16,289800,1,1.0,1449,5796,2.0,0,2013,2018,Tech Park District,30046
PROP_08895,2025-07-21,318435,2,1.5,1196,4784,2.0,0,1987,2024,Tech Park District,30046
PROP_08896,2025-06-28,269460,3,2.0,998,2994,2.0,0,1952,2025,Tech Park District,30046
PROP_08897,2025-07-05,911424,5,3.0,3008,12032,2.0,0,1958,0,Tech Park District,30045
PROP_08898,2026-02-11,207000,2,2.5,1725,5175,2.0,0,1968,0,Metro City,10003
PROP_08899,2026-05-14,412058,4,2.0,2302,9208,2.0,0,1992,0,Greenwood Valley,40082
PROP_08900,2025-06-14,156716,1,1.0,812,2436,1.0,0,1961,0,Greenwood Valley,40081
PROP_08901,2025-08-31,406236,3,2.0,2094,10470,1.5,0,1967,0,Coastal Suburbs,20011
PROP_08902,2025-12-13,336520,2,1.5,1790,10740,1.0,0,1998,0,Coastal Suburbs,20011
PROP_08903,2026-04-06,585412,4,2.0,2330,13980,2.0,0,2013,2024,Coastal Suburbs,20013
PROP_08904,2026-05-14,975419,5,4.0,4297,34376,2.5,0,1962,0,Tech Park District,30045
PROP_08905,2025-11-15,327293,1,1.5,2389,14334,2.0,0,1998,0,Greenwood Valley,40081
PROP_08906,2025-08-18,216343,3,1.0,1075,4300,1.5,0,1971,2016,Tech Park District,30046
PROP_08907,2025-11-03,378350,3,2.5,2162,6486,2.0,0,1987,0,Greenwood Valley,40082
PROP_08908,2026-04-15,637060,6,3.5,3005,9015,2.5,0,1954,0,Metro City,10003
PROP_08909,2026-04-16,383280,1,1.0,1597,4791,1.0,0,1951,0,Coastal Suburbs,20012
PROP_08910,2025-07-20,963765,4,2.5,3267,9801,3.0,0,1957,0,Metro City,10004
PROP_08911,2025-07-10,764946,6,4.0,2802,19614,2.5,0,1961,0,Coastal Suburbs,20011
PROP_08912,2026-05-05,429821,3,2.5,1879,7516,1.5,0,2013,2023,Metro City,10003
PROP_08913,2026-02-22,880424,6,2.5,2636,13180,2.0,0,1976,0,Metro City,10004
PROP_08914,2026-02-08,380920,3,2.5,2140,10700,2.0,0,1978,0,Coastal Suburbs,20013
PROP_08915,2026-01-25,674077,6,2.5,2797,22376,3.0,0,2012,0,Coastal Suburbs,20013
PROP_08916,2025-09-12,154818,3,2.5,846,1692,2.0,0,1952,0,Greenwood Valley,40081
PROP_08917,2025-10-29,1016316,4,3.5,3924,15696,2.0,0,2003,0,Tech Park District,30046
PROP_08918,2026-05-05,320086,3,1.5,1894,5682,2.0,0,1952,0,Tech Park District,30046
PROP_08919,2026-02-10,185840,3,2.5,808,3232,1.0,0,1992,2018,Tech Park District,30046
PROP_08920,2026-02-07,127547,2,1.5,931,1862,2.0,0,1980,0,Coastal Suburbs,20012
PROP_08921,2026-02-14,579040,3,1.5,2200,11000,2.0,1,1990,0,Coastal Suburbs,20013
PROP_08922,2025-10-12,1298494,5,3.0,3587,17935,3.0,0,2002,0,Tech Park District,30045
PROP_08923,2026-03-05,148281,4,1.5,921,4605,1.0,0,2004,0,Tech Park District,30045
PROP_08924,2025-11-23,368160,4,2.5,1560,6240,2.0,0,2004,0,Tech Park District,30046
PROP_08925,2026-03-04,1213705,5,3.0,3623,21738,2.5,0,1955,0,Tech Park District,30045
PROP_08926,2026-03-07,327580,4,1.5,1489,7445,1.0,0,2015,0,Coastal Suburbs,20011
PROP_08927,2025-06-10,307020,2,2.5,1806,9030,1.5,0,1975,0,Coastal Suburbs,20012
PROP_08928,2025-06-17,1429071,5,3.5,4003,20015,2.5,0,1964,0,Metro City,10002
PROP_08929,2026-01-07,218116,4,2.0,1759,7036,1.0,0,1997,0,Tech Park District,30045
PROP_08930,2025-07-31,435232,4,2.0,1876,9380,1.0,0,1956,0,Greenwood Valley,40081
PROP_08931,2025-12-14,209658,2,1.5,1263,3789,2.0,0,1978,0,Greenwood Valley,40081
PROP_08932,2026-01-17,154940,4,1.5,1220,7320,2.0,0,1999,0,Metro City,10001
PROP_08933,2025-11-09,386165,1,2.5,2285,4570,1.5,0,1994,0,Metro City,10003
PROP_08934,2025-12-10,195778,4,2.0,1618,9708,2.0,0,1983,0,Coastal Suburbs,20012
PROP_08935,2026-01-13,277875,4,2.5,1625,4875,1.5,0,1974,0,Tech Park District,30045
PROP_08936,2026-01-22,407238,2,1.5,1794,8970,2.0,0,1960,0,Greenwood Valley,40081
PROP_08937,2025-06-19,1618792,4,3.5,4220,29540,2.5,1,1973,0,Greenwood Valley,40081
PROP_08938,2025-06-17,303282,2,2.5,1494,7470,1.5,0,1986,0,Coastal Suburbs,20013
PROP_08939,2025-08-30,397794,4,2.0,2382,9528,1.5,0,2010,0,Metro City,10003
PROP_08940,2026-03-13,375124,4,2.0,1964,9820,1.5,0,1960,0,Tech Park District,30045
PROP_08941,2026-05-04,122341,1,2.0,893,2679,1.5,0,1984,0,Coastal Suburbs,20011
PROP_08942,2025-11-03,380016,4,2.0,2088,6264,1.5,0,1968,0,Metro City,10003
PROP_08943,2026-05-28,151800,4,1.5,1265,6325,1.5,0,1982,0,Coastal Suburbs,20013
PROP_08944,2025-08-24,1106955,4,2.5,4341,17364,2.5,0,1971,2019,Tech Park District,30046
PROP_08945,2026-02-07,401774,3,2.0,2071,10355,1.5,0,1979,0,Metro City,10001
PROP_08946,2026-01-07,329485,3,2.5,1781,8905,2.0,0,2005,2017,Tech Park District,30046
PROP_08947,2025-08-08,551495,1,2.0,2251,6753,2.0,0,1968,0,Tech Park District,30045
PROP_08948,2025-11-07,369572,1,1.0,1576,9456,1.0,1,2015,2021,Tech Park District,30046
PROP_08949,2025-12-17,128470,1,2.5,886,5316,2.0,0,1999,0,Metro City,10004
PROP_08950,2026-02-05,101398,4,1.0,838,5028,1.0,0,1960,0,Tech Park District,30046
PROP_08951,2025-07-27,367792,4,1.5,2032,8128,1.0,0,1968,0,Greenwood Valley,40081
PROP_08952,2026-03-19,186592,3,1.5,952,2856,2.0,0,2009,0,Metro City,10002
PROP_08953,2026-05-12,555840,2,1.5,2316,11580,1.0,0,2005,0,Coastal Suburbs,20013
PROP_08954,2026-02-07,181016,4,1.0,1331,3993,2.0,0,1971,0,Coastal Suburbs,20012
PROP_08955,2026-05-04,224775,4,1.0,1215,3645,2.0,0,1993,0,Greenwood Valley,40081
PROP_08956,2026-03-11,137391,2,2.5,1117,6702,1.0,0,1962,0,Coastal Suburbs,20011
PROP_08957,2026-05-17,361630,4,1.5,1682,5046,2.0,0,1969,0,Tech Park District,30045
PROP_08958,2026-03-04,284616,4,2.5,1608,4824,2.0,0,2001,0,Coastal Suburbs,20011
PROP_08959,2026-03-20,150123,3,1.0,921,4605,2.0,0,2008,0,Tech Park District,30046
PROP_08960,2026-01-27,292934,1,1.0,1966,3932,2.0,0,1978,0,Tech Park District,30045
PROP_08961,2026-01-30,571378,4,1.5,2297,4594,1.5,0,1998,2023,Metro City,10004
PROP_08962,2026-03-15,323235,3,2.0,1959,9795,2.0,0,1962,0,Coastal Suburbs,20012
PROP_08963,2025-08-20,400322,2,2.0,2249,11245,1.0,0,1952,0,Metro City,10002
PROP_08964,2026-02-15,1074618,5,3.5,4086,24516,2.5,0,1989,0,Metro City,10003
PROP_08965,2025-06-29,402732,1,1.5,1782,5346,1.5,0,2012,0,Greenwood Valley,40082
PROP_08966,2025-12-18,589715,6,4.0,2905,11620,2.5,0,1961,0,Tech Park District,30045
PROP_08967,2025-10-13,1156320,5,4.0,3960,23760,2.5,0,1980,0,Greenwood Valley,40081
PROP_08968,2026-02-09,250390,4,2.5,1715,5145,1.0,0,2004,0,Metro City,10003
PROP_08969,2026-03-30,208692,4,1.0,1116,6696,2.0,0,2000,0,Greenwood Valley,40082
PROP_08970,2025-12-11,358650,3,1.0,1594,9564,2.0,0,1987,0,Tech Park District,30046
PROP_08971,2026-04-12,304200,1,2.5,1300,2600,1.5,0,1988,0,Metro City,10004
PROP_08972,2026-05-13,668557,4,3.0,2467,7401,3.0,0,1995,0,Coastal Suburbs,20011
PROP_08973,2025-11-28,453936,1,1.5,2316,9264,1.5,0,1982,0,Greenwood Valley,40082
PROP_08974,2025-10-24,250057,4,2.0,1299,2598,1.0,0,2000,2020,Tech Park District,30045
PROP_08975,2025-11-12,220255,1,1.0,1421,7105,1.5,0,1953,0,Greenwood Valley,40082
PROP_08976,2025-07-02,274931,3,1.0,1333,7998,2.0,0,1973,2017,Greenwood Valley,40082
PROP_08977,2025-06-15,305670,1,1.0,1329,7974,1.0,0,2004,0,Greenwood Valley,40082
PROP_08978,2026-03-30,346307,4,1.0,1567,7835,2.0,0,1985,0,Tech Park District,30045
PROP_08979,2025-06-24,1097792,6,2.5,4036,20180,2.0,0,1997,0,Metro City,10002
PROP_08980,2025-08-05,882215,5,3.0,3059,18354,2.5,1,2002,0,Coastal Suburbs,20012
PROP_08981,2025-12-05,422136,4,2.5,2132,6396,2.0,0,1993,0,Tech Park District,30046
PROP_08982,2025-11-26,193118,4,1.0,866,2598,1.5,0,1966,0,Tech Park District,30045
PROP_08983,2026-03-26,547000,4,2.0,2188,4376,1.5,0,1991,0,Greenwood Valley,40082
PROP_08984,2025-06-14,344100,4,2.0,2325,4650,1.0,0,1950,0,Coastal Suburbs,20011
PROP_08985,2026-04-17,396342,3,2.5,1746,8730,1.0,0,1975,0,Greenwood Valley,40082
PROP_08986,2025-11-22,197980,1,1.5,1042,4168,1.0,0,2013,0,Metro City,10002
PROP_08987,2025-12-12,398008,1,1.0,2236,4472,1.5,0,1971,0,Coastal Suburbs,20013
PROP_08988,2025-07-20,200200,4,1.0,1100,3300,1.5,0,1961,0,Coastal Suburbs,20013
PROP_08989,2026-01-06,168511,1,1.0,1267,5068,1.0,0,1998,0,Tech Park District,30046
PROP_08990,2025-11-24,250040,2,1.0,1316,3948,1.5,0,1992,2019,Greenwood Valley,40081
PROP_08991,2025-11-30,324280,3,1.5,2144,10720,1.5,0,1976,2017,Coastal Suburbs,20012
PROP_08992,2025-12-28,307164,1,1.0,2327,11635,1.5,0,1955,0,Tech Park District,30045
PROP_08993,2025-11-27,287532,2,1.5,2282,9128,1.0,0,1976,0,Greenwood Valley,40081
PROP_08994,2025-06-29,182886,4,2.0,978,2934,1.5,0,1980,0,Tech Park District,30045
PROP_08995,2026-05-05,960628,5,3.5,3782,11346,3.0,0,2009,0,Tech Park District,30045
PROP_08996,2025-10-04,157080,3,2.5,840,5040,1.0,0,1955,0,Greenwood Valley,40082
PROP_08997,2025-10-05,188964,1,1.5,1044,4176,2.0,0,2002,0,Metro City,10003
PROP_08998,2025-09-29,348445,2,2.5,1535,4605,2.0,0,1987,0,Tech Park District,30046
PROP_08999,2026-04-28,353850,4,2.0,2359,7077,2.0,0,2005,0,Coastal Suburbs,20012
PROP_09000,2025-11-07,330750,2,1.0,1323,3969,1.5,0,1977,0,Metro City,10003
PROP_09001,2026-03-31,1015696,4,4.0,3184,9552,2.0,0,1984,0,Tech Park District,30045
PROP_09002,2025-07-14,187650,4,1.0,1251,6255,1.0,0,2010,2024,Metro City,10003
PROP_09003,2026-05-19,281990,2,1.5,1630,3260,2.0,0,2004,0,Coastal Suburbs,20013
PROP_09004,2025-07-04,331776,1,2.5,2304,4608,2.0,0,1997,0,Greenwood Valley,40081
PROP_09005,2025-11-04,334264,4,2.5,1778,7112,2.0,0,1982,0,Coastal Suburbs,20012
PROP_09006,2025-07-29,337464,4,1.0,1548,9288,2.0,0,2005,0,Metro City,10002
PROP_09007,2025-11-20,188395,2,1.5,919,3676,1.0,0,1964,0,Tech Park District,30046
PROP_09008,2025-08-26,274725,2,2.0,1221,3663,1.5,0,2003,2019,Metro City,10001
PROP_09009,2025-06-11,782859,5,3.0,3389,10167,2.0,0,1987,0,Metro City,10004
PROP_09010,2026-03-03,188125,1,1.0,1075,4300,1.5,0,1956,0,Coastal Suburbs,20013
PROP_09011,2025-11-14,173944,2,1.5,1279,2558,1.5,0,2011,0,Metro City,10004
PROP_09012,2025-06-20,1468530,4,2.5,4410,13230,3.0,0,1988,0,Coastal Suburbs,20012
PROP_09013,2026-01-22,206668,4,1.0,1342,5368,1.0,0,1957,0,Metro City,10004
PROP_09014,2026-05-03,5034128,8,4.5,7834,62672,3.0,1,1955,0,Metro City,10002
PROP_09015,2026-01-03,407012,4,1.0,2098,10490,2.0,0,1983,0,Metro City,10004
PROP_09016,2026-03-18,348155,4,1.5,1556,6224,1.5,0,1973,2020,Metro City,10003
PROP_09017,2026-02-19,166440,2,2.0,1095,3285,1.0,0,1956,0,Coastal Suburbs,20012
PROP_09018,2026-01-02,234375,1,1.0,1875,7500,1.0,0,1974,0,Metro City,10004
PROP_09019,2025-10-15,1289446,4,2.5,3061,24488,3.0,0,1995,2018,Metro City,10004
PROP_09020,2025-06-11,360360,4,1.5,1638,9828,2.0,0,2008,0,Metro City,10001
PROP_09021,2026-05-23,599186,2,2.5,1989,7956,1.5,0,1964,2020,Tech Park District,30046
PROP_09022,2026-01-27,186120,3,2.5,1551,9306,1.0,0,1997,0,Metro City,10001
PROP_09023,2026-03-29,325150,3,1.5,1858,11148,2.0,0,1982,0,Coastal Suburbs,20011
PROP_09024,2025-06-12,1814904,5,4.0,4155,20775,2.5,1,2004,0,Metro City,10003
PROP_09025,2025-11-10,295200,4,2.0,1800,3600,2.0,0,1966,0,Greenwood Valley,40082
PROP_09026,2025-12-11,355352,1,1.0,2066,12396,1.0,0,1952,0,Coastal Suburbs,20012
PROP_09027,2026-03-20,1175174,6,3.5,4109,32872,2.5,0,2011,0,Coastal Suburbs,20012
PROP_09028,2025-12-17,992475,6,3.0,4411,13233,2.5,0,2007,0,Tech Park District,30046
PROP_09029,2025-11-13,1263372,6,2.5,3378,13512,2.5,0,1957,0,Metro City,10004
PROP_09030,2026-03-21,789210,6,2.5,2923,14615,3.0,0,1991,0,Metro City,10004
PROP_09031,2025-07-21,565911,6,3.5,2493,19944,2.5,0,1994,0,Tech Park District,30046
PROP_09032,2026-02-06,314853,2,1.5,2233,6699,1.0,0,1960,0,Coastal Suburbs,20013
PROP_09033,2025-07-22,304824,4,2.5,1954,11724,1.0,0,1982,0,Tech Park District,30046
PROP_09034,2026-05-20,198100,2,1.0,1132,6792,1.5,0,1953,0,Tech Park District,30046
PROP_09035,2026-05-12,347247,2,2.0,1429,7145,1.5,0,1977,0,Coastal Suburbs,20012
PROP_09036,2025-09-14,1291480,6,3.0,3112,15560,2.5,0,2002,2016,Greenwood Valley,40082
PROP_09037,2025-11-20,218126,4,2.0,843,5058,2.0,0,1964,2016,Tech Park District,30046
PROP_09038,2026-02-10,465505,3,2.5,2372,11860,2.0,0,1969,2016,Coastal Suburbs,20013
PROP_09039,2026-02-13,1225257,4,2.5,3817,30536,2.5,0,1996,0,Metro City,10004
PROP_09040,2026-05-08,168216,4,1.0,1032,3096,2.0,0,1967,0,Greenwood Valley,40081
PROP_09041,2025-11-21,297638,2,2.0,1793,8965,2.0,0,2011,0,Metro City,10004
PROP_09042,2025-08-25,678480,5,3.5,2570,15420,3.0,0,1953,0,Greenwood Valley,40082
PROP_09043,2026-04-11,210063,3,1.5,1429,5716,1.0,0,1985,0,Greenwood Valley,40081
PROP_09044,2025-11-01,455816,1,2.0,2008,4016,2.0,0,1965,0,Metro City,10004
PROP_09045,2025-12-04,142560,2,1.0,990,5940,1.5,0,1988,0,Tech Park District,30046
PROP_09046,2026-01-10,877048,4,4.0,2963,17778,2.5,0,1964,0,Metro City,10004
PROP_09047,2025-09-12,210120,2,1.5,1236,2472,1.5,0,1994,0,Tech Park District,30045
PROP_09048,2026-02-10,479673,4,1.0,2007,4014,2.0,0,1995,0,Metro City,10001
PROP_09049,2026-04-22,400048,3,1.0,2273,4546,1.0,0,1984,0,Metro City,10003
PROP_09050,2025-07-09,591277,2,2.5,2389,4778,2.0,0,1973,2017,Metro City,10001
PROP_09051,2026-03-02,265146,3,2.0,1239,4956,1.0,0,2013,0,Tech Park District,30046
PROP_09052,2025-09-18,210546,3,2.5,1114,6684,2.0,0,1987,0,Metro City,10002
PROP_09053,2025-10-26,960150,4,2.5,2775,22200,2.0,0,1979,0,Coastal Suburbs,20011
PROP_09054,2025-10-14,367281,2,2.0,2007,4014,1.0,0,1988,0,Coastal Suburbs,20012
PROP_09055,2025-06-25,382041,4,1.5,1683,8415,2.0,0,1960,0,Coastal Suburbs,20011
PROP_09056,2025-10-31,261579,1,1.5,1173,7038,2.0,0,1953,0,Tech Park District,30045
PROP_09057,2026-03-21,395770,2,1.5,2083,8332,1.5,0,1985,2018,Metro City,10001
PROP_09058,2025-12-23,252096,3,2.5,1248,6240,1.0,0,2002,0,Tech Park District,30045
PROP_09059,2025-09-24,270480,2,2.5,1104,2208,1.0,0,2002,0,Greenwood Valley,40081
PROP_09060,2026-04-16,491006,4,1.5,1935,9675,2.0,0,1968,2018,Coastal Suburbs,20012
PROP_09061,2025-07-18,1951605,5,3.0,4197,29379,2.0,0,1978,2017,Greenwood Valley,40081
PROP_09062,2026-03-24,173316,3,1.5,1111,3333,1.5,0,1975,0,Coastal Suburbs,20012
PROP_09063,2025-07-19,220286,1,1.0,963,2889,2.0,0,1991,2016,Tech Park District,30046
PROP_09064,2026-03-31,412630,1,1.5,1417,8502,2.0,1,1956,0,Coastal Suburbs,20011
PROP_09065,2025-11-20,358146,4,2.5,1818,3636,2.0,0,1972,0,Greenwood Valley,40081
PROP_09066,2025-10-18,169764,2,2.5,987,1974,1.5,0,1961,0,Metro City,10002
PROP_09067,2025-07-05,324827,2,1.0,2371,7113,1.0,0,1977,0,Coastal Suburbs,20013
PROP_09068,2026-03-18,380562,1,2.0,1547,7735,2.0,0,1956,0,Tech Park District,30045
PROP_09069,2026-02-27,454512,4,2.5,2228,6684,1.5,0,1967,0,Metro City,10003
PROP_09070,2026-01-30,1267714,4,3.0,3937,23622,3.0,0,1992,0,Metro City,10004
PROP_09071,2026-01-05,1226394,4,2.5,3494,10482,3.0,0,1984,0,Tech Park District,30045
PROP_09072,2025-09-16,355320,2,2.0,2115,6345,1.5,0,1963,0,Tech Park District,30045
PROP_09073,2025-11-25,496650,2,1.0,2150,12900,1.0,0,1999,0,Coastal Suburbs,20011
PROP_09074,2025-07-10,211565,3,2.0,1292,7752,2.0,0,2011,2016,Metro City,10004
PROP_09075,2026-04-30,1274280,5,3.0,3885,27195,2.0,0,1999,0,Coastal Suburbs,20011
PROP_09076,2025-11-02,117744,4,1.5,892,4460,2.0,0,2005,0,Tech Park District,30045
PROP_09077,2026-02-14,338022,4,1.5,1123,4492,1.0,1,2015,2024,Coastal Suburbs,20011
PROP_09078,2025-11-01,244237,1,1.0,1002,5010,1.0,0,1994,2019,Coastal Suburbs,20012
PROP_09079,2026-01-08,296530,2,1.0,2281,11405,1.5,0,1993,0,Metro City,10004
PROP_09080,2026-05-06,541071,3,1.0,2283,4566,2.0,0,1975,0,Greenwood Valley,40082
PROP_09081,2026-03-04,570981,1,1.0,2105,6315,1.0,0,1988,2025,Metro City,10001
PROP_09082,2025-11-08,329000,2,1.0,2350,11750,1.0,0,2013,0,Coastal Suburbs,20012
PROP_09083,2025-09-11,328064,2,1.0,1408,4224,1.5,0,1967,0,Greenwood Valley,40082
PROP_09084,2025-12-30,869109,5,4.0,4119,32952,2.0,0,2008,0,Metro City,10004
PROP_09085,2025-12-23,517680,2,2.0,2157,8628,2.0,0,2002,0,Metro City,10002
PROP_09086,2025-10-07,306720,4,1.5,1152,6912,1.0,0,1971,2023,Greenwood Valley,40082
PROP_09087,2026-04-16,301973,4,1.0,1687,6748,1.5,0,1971,0,Greenwood Valley,40082
PROP_09088,2026-02-19,444138,3,2.0,1874,9370,1.5,0,1999,0,Coastal Suburbs,20013
PROP_09089,2026-01-19,273157,1,1.5,946,5676,2.0,0,1966,2017,Greenwood Valley,40081
PROP_09090,2026-05-10,1473120,5,4.0,4464,35712,3.0,0,1976,0,Greenwood Valley,40082
PROP_09091,2026-03-08,123662,4,1.0,1022,6132,1.0,0,1992,0,Coastal Suburbs,20012
PROP_09092,2025-09-01,349440,2,1.5,1560,6240,1.0,0,1960,0,Greenwood Valley,40081
PROP_09093,2025-06-10,229284,3,1.0,1158,4632,1.0,0,1995,0,Tech Park District,30045
PROP_09094,2026-04-18,279713,1,2.5,1289,6445,1.0,0,2013,0,Tech Park District,30046
PROP_09095,2026-05-27,1150872,5,3.0,3642,18210,2.5,0,2011,0,Tech Park District,30046
PROP_09096,2026-02-20,169974,3,2.0,1349,4047,1.0,0,1967,0,Coastal Suburbs,20011
PROP_09097,2025-09-04,327084,4,1.5,1686,10116,2.0,0,1967,0,Greenwood Valley,40082
PROP_09098,2026-03-23,185172,1,1.5,1187,4748,2.0,0,2015,0,Greenwood Valley,40081
PROP_09099,2026-02-11,328320,1,2.0,2052,10260,1.0,0,1968,0,Greenwood Valley,40082
PROP_09100,2025-09-18,327264,4,2.0,1948,11688,1.5,0,1978,0,Coastal Suburbs,20012
PROP_09101,2026-05-05,217958,4,1.0,1079,5395,1.5,0,1988,0,Coastal Suburbs,20012
PROP_09102,2026-01-26,130020,1,2.5,985,5910,2.0,0,1995,0,Coastal Suburbs,20013
PROP_09103,2025-10-16,737234,5,4.0,3494,13976,2.0,0,1982,0,Metro City,10002
PROP_09104,2026-04-23,634533,6,2.5,2469,19752,3.0,0,2010,0,Metro City,10002
PROP_09105,2026-02-28,357396,4,1.5,1508,4524,1.5,0,2009,0,Greenwood Valley,40081
PROP_09106,2026-04-11,1185096,5,3.0,4422,35376,2.5,0,2005,0,Metro City,10002
PROP_09107,2026-01-09,529240,4,1.0,2096,8384,1.0,0,1969,2020,Greenwood Valley,40081
PROP_09108,2026-03-17,958728,4,4.0,3716,11148,2.5,0,1978,0,Metro City,10002
PROP_09109,2026-04-17,323192,1,1.5,2276,13656,2.0,0,2011,0,Tech Park District,30046
PROP_09110,2025-07-01,524880,3,1.5,2187,13122,1.5,0,1981,0,Greenwood Valley,40082
PROP_09111,2026-02-23,149891,3,1.5,1127,2254,2.0,0,1951,0,Tech Park District,30046
PROP_09112,2025-09-11,2939696,8,7.5,5008,75120,4.0,0,1954,0,Greenwood Valley,40081
PROP_09113,2025-12-04,153387,2,2.0,897,4485,1.0,0,2009,0,Coastal Suburbs,20012
PROP_09114,2026-01-23,524520,3,2.0,2232,8928,1.5,0,1974,0,Tech Park District,30046
PROP_09115,2025-08-15,342210,3,1.0,1122,6732,2.0,0,2002,2021,Coastal Suburbs,20013
PROP_09116,2025-10-02,346890,3,2.0,2238,11190,2.0,0,1961,0,Coastal Suburbs,20012
PROP_09117,2025-08-17,366786,2,2.5,2111,4222,1.5,0,1962,2018,Greenwood Valley,40082
PROP_09118,2026-05-17,292438,4,1.0,2003,8012,1.5,0,1986,0,Greenwood Valley,40082
PROP_09119,2025-11-01,426309,1,1.0,1929,9645,2.0,0,1963,0,Coastal Suburbs,20013
PROP_09120,2026-01-09,208544,3,1.0,931,1862,1.0,0,1987,0,Coastal Suburbs,20011
PROP_09121,2025-12-28,451780,3,1.0,1844,9220,2.0,0,2013,0,Metro City,10003
PROP_09122,2025-11-11,353736,1,1.0,1734,3468,1.5,0,1976,0,Tech Park District,30046
PROP_09123,2025-07-03,247805,2,2.5,1709,8545,1.5,0,2015,0,Tech Park District,30046
PROP_09124,2026-04-21,411060,1,1.5,2210,11050,2.0,0,1992,0,Greenwood Valley,40081
PROP_09125,2025-09-13,1198594,4,3.5,3854,23124,3.0,0,1991,0,Tech Park District,30046
PROP_09126,2025-12-29,199440,3,1.5,831,4986,2.0,0,1981,0,Coastal Suburbs,20012
PROP_09127,2025-10-15,219672,4,1.5,972,1944,1.0,0,1961,0,Greenwood Valley,40081
PROP_09128,2025-10-25,140946,3,2.5,834,2502,1.0,0,1951,0,Coastal Suburbs,20012
PROP_09129,2026-04-27,387200,2,2.0,1936,3872,1.0,0,2002,0,Coastal Suburbs,20011
PROP_09130,2025-08-22,332173,2,1.5,1929,5787,1.0,1,2000,0,Coastal Suburbs,20012
PROP_09131,2025-10-10,289050,1,2.5,1927,3854,1.5,0,1960,0,Coastal Suburbs,20011
PROP_09132,2026-05-18,334184,4,1.0,2258,6774,2.0,0,1966,0,Metro City,10003
PROP_09133,2026-04-04,361374,1,2.0,1599,6396,1.5,0,2002,0,Metro City,10003
PROP_09134,2025-09-29,168300,1,1.5,1100,6600,1.0,0,1984,0,Tech Park District,30046
PROP_09135,2025-12-25,2958404,8,5.0,4869,53559,3.0,1,1981,0,Tech Park District,30045
PROP_09136,2025-10-01,300775,4,1.5,1325,2650,2.0,0,2002,0,Tech Park District,30046
PROP_09137,2025-07-29,506850,2,1.0,2180,13080,1.5,0,1962,2018,Coastal Suburbs,20012
PROP_09138,2025-08-16,307400,4,1.0,2120,6360,2.0,0,1997,0,Tech Park District,30046
PROP_09139,2025-09-07,5419398,7,6.0,6039,48312,3.0,1,1969,0,Greenwood Valley,40082
PROP_09140,2025-06-15,448267,4,2.0,2061,12366,1.5,0,1950,2024,Coastal Suburbs,20011
PROP_09141,2025-10-04,299907,4,1.5,2127,4254,2.0,0,1964,0,Tech Park District,30045
PROP_09142,2025-11-06,268105,2,2.0,1849,5547,1.0,0,1950,0,Coastal Suburbs,20012
PROP_09143,2026-01-24,346920,3,2.0,2065,10325,2.0,0,1981,0,Greenwood Valley,40081
PROP_09144,2026-02-04,171538,1,1.5,862,2586,1.0,0,1966,0,Greenwood Valley,40082
PROP_09145,2026-03-14,237698,2,1.5,1029,2058,1.5,1,1985,0,Metro City,10003
PROP_09146,2026-01-10,289590,1,2.5,1182,7092,1.5,0,2007,2025,Metro City,10003
PROP_09147,2026-01-03,132370,4,2.5,1085,6510,1.5,0,2000,0,Tech Park District,30045
PROP_09148,2026-04-28,376989,1,1.5,2371,11855,1.5,0,1970,0,Greenwood Valley,40082
PROP_09149,2025-06-19,1868301,6,2.5,4291,25746,2.5,1,1993,0,Metro City,10004
PROP_09150,2025-09-12,304218,1,1.0,1475,8850,2.0,0,1998,2018,Tech Park District,30046
PROP_09151,2025-08-21,256768,2,2.0,2006,8024,1.0,0,1976,0,Tech Park District,30045
PROP_09152,2025-10-18,441217,3,2.5,1983,11898,2.0,0,1999,2024,Greenwood Valley,40082
PROP_09153,2025-08-09,334630,2,1.5,1535,4605,1.0,0,1963,0,Coastal Suburbs,20011
PROP_09154,2025-06-15,219096,3,1.5,1224,6120,1.0,0,1950,0,Metro City,10004
PROP_09155,2025-10-11,161660,3,1.0,1180,5900,1.5,0,1990,0,Coastal Suburbs,20012
PROP_09156,2025-10-21,150480,3,1.5,912,2736,1.5,0,1975,0,Tech Park District,30045
PROP_09157,2026-05-04,164808,1,1.0,1308,2616,1.5,0,2002,0,Greenwood Valley,40081
PROP_09158,2026-03-09,231748,4,2.5,1012,6072,2.0,0,2004,0,Metro City,10004
PROP_09159,2025-08-30,331430,3,2.0,1441,2882,1.0,0,1990,0,Tech Park District,30046
PROP_09160,2026-04-26,798600,6,4.0,3300,26400,2.5,0,2015,0,Tech Park District,30046
PROP_09161,2025-06-22,339779,2,1.0,1817,3634,2.0,0,1950,0,Greenwood Valley,40082
PROP_09162,2026-02-04,187200,4,2.5,936,5616,1.5,0,1958,0,Greenwood Valley,40082
PROP_09163,2025-06-11,475277,3,2.5,1802,7208,1.5,0,1992,2024,Coastal Suburbs,20012
PROP_09164,2025-06-29,295056,4,2.5,1366,6830,1.0,0,1983,0,Greenwood Valley,40082
PROP_09165,2025-07-13,1592500,4,3.0,4375,35000,3.0,0,1991,0,Coastal Suburbs,20012
PROP_09166,2025-11-08,545628,2,2.0,2218,6654,1.0,0,1957,0,Metro City,10002
PROP_09167,2026-04-05,313104,2,1.0,1779,10674,1.0,0,1976,0,Coastal Suburbs,20013
PROP_09168,2025-10-31,1385664,4,4.0,4124,28868,2.5,0,1959,0,Tech Park District,30045
PROP_09169,2025-07-03,1581396,4,2.5,3129,21903,2.0,1,1995,0,Metro City,10004
PROP_09170,2025-12-26,268181,3,1.0,1271,7626,2.0,0,1973,0,Greenwood Valley,40081
PROP_09171,2025-12-04,175450,3,1.5,1210,4840,1.5,0,1960,0,Metro City,10002
PROP_09172,2026-05-10,232394,1,1.5,1774,5322,2.0,0,1997,0,Greenwood Valley,40081
PROP_09173,2026-05-03,145942,4,2.0,957,5742,1.5,0,1978,2019,Metro City,10001
PROP_09174,2025-07-17,226396,4,2.5,1303,2606,1.0,0,1962,2023,Coastal Suburbs,20011
PROP_09175,2025-12-21,332465,3,2.0,1357,2714,2.0,0,1963,0,Coastal Suburbs,20012
PROP_09176,2025-08-11,195212,3,1.0,1319,6595,2.0,0,1950,0,Tech Park District,30045
PROP_09177,2025-09-29,384930,2,1.0,1638,9828,1.5,0,1997,0,Tech Park District,30045
PROP_09178,2025-07-28,123291,1,1.0,927,2781,1.5,0,1973,0,Greenwood Valley,40082
PROP_09179,2026-03-20,383870,1,2.5,1669,5007,1.5,0,1962,0,Tech Park District,30046
PROP_09180,2026-02-12,280320,3,2.5,1280,6400,1.5,0,1977,0,Coastal Suburbs,20013
PROP_09181,2025-08-01,334272,3,2.5,1741,6964,1.0,0,2009,0,Metro City,10002
PROP_09182,2026-02-23,252836,2,2.0,1059,5295,1.5,0,2013,2024,Tech Park District,30046
PROP_09183,2026-05-07,266805,2,2.5,1078,5390,1.5,0,1958,2020,Greenwood Valley,40082
PROP_09184,2026-03-25,185607,3,1.5,1509,9054,2.0,0,1969,0,Greenwood Valley,40082
PROP_09185,2026-02-24,448456,2,2.5,1933,11598,1.5,0,2001,0,Tech Park District,30045
PROP_09186,2025-10-07,229500,4,2.5,1350,5400,2.0,0,1999,0,Greenwood Valley,40081
PROP_09187,2026-02-10,501402,2,2.0,2354,14124,2.0,0,1992,0,Metro City,10002
PROP_09188,2025-07-17,146304,2,2.5,1143,4572,1.5,0,2001,0,Metro City,10001
PROP_09189,2025-09-30,350205,2,2.0,1893,5679,1.5,0,1953,0,Greenwood Valley,40082
PROP_09190,2026-04-04,296793,3,1.0,2019,4038,1.0,0,1966,0,Tech Park District,30046
PROP_09191,2025-08-02,1016792,6,2.5,3752,18760,2.5,0,1968,0,Metro City,10002
PROP_09192,2025-11-08,294400,3,2.5,1472,8832,1.5,0,1955,0,Tech Park District,30046
PROP_09193,2025-11-16,439602,4,1.5,1787,8935,1.0,0,1991,0,Tech Park District,30045
PROP_09194,2026-03-27,496540,2,2.5,2035,8140,1.0,0,1953,0,Greenwood Valley,40081
PROP_09195,2025-12-17,320936,4,2.0,1403,4209,1.5,0,2008,2023,Metro City,10002
PROP_09196,2025-09-29,416934,2,1.5,2206,11030,1.0,0,2000,0,Greenwood Valley,40082
PROP_09197,2026-01-03,1579437,5,4.0,3415,20490,2.0,0,1978,2021,Greenwood Valley,40081
PROP_09198,2025-09-20,570952,6,3.0,2461,17227,2.0,0,1982,0,Metro City,10004
PROP_09199,2025-08-13,293753,1,1.0,1759,5277,2.0,0,1978,0,Greenwood Valley,40082
PROP_09200,2025-07-25,179256,1,1.0,1358,6790,1.0,0,1992,0,Coastal Suburbs,20013
PROP_09201,2025-08-29,273220,4,2.5,1438,4314,1.5,0,1970,0,Metro City,10003
PROP_09202,2025-09-18,902908,6,3.5,4259,17036,2.0,0,1960,0,Tech Park District,30045
PROP_09203,2025-10-19,227292,1,1.5,1457,5828,2.0,0,1976,0,Coastal Suburbs,20011
PROP_09204,2026-01-12,231264,1,2.5,1314,3942,1.5,0,1989,0,Greenwood Valley,40081
PROP_09205,2025-12-27,266827,4,2.0,1397,2794,1.5,0,2003,0,Greenwood Valley,40082
PROP_09206,2025-10-09,353000,3,1.0,1412,7060,2.0,0,2000,0,Tech Park District,30046
PROP_09207,2026-03-29,538080,3,2.0,2280,4560,1.0,0,1965,0,Tech Park District,30045
PROP_09208,2025-06-29,545556,4,2.0,2129,4258,1.0,0,2006,2016,Coastal Suburbs,20012
PROP_09209,2026-02-07,1270815,6,3.5,3705,29640,3.0,0,1960,0,Greenwood Valley,40082
PROP_09210,2026-03-01,394768,1,1.5,2243,8972,1.0,0,1985,0,Tech Park District,30045
PROP_09211,2025-12-09,302162,4,2.0,1337,6685,2.0,0,1972,0,Tech Park District,30045
PROP_09212,2026-05-25,309000,2,2.5,1500,7500,2.0,0,1975,0,Coastal Suburbs,20013
PROP_09213,2025-07-28,450690,1,1.0,1810,3620,1.5,0,2011,0,Coastal Suburbs,20012
PROP_09214,2025-11-10,423549,1,1.5,1701,8505,1.5,0,2015,0,Coastal Suburbs,20012
PROP_09215,2026-03-07,382819,2,1.5,1643,8215,1.5,0,1975,0,Coastal Suburbs,20011
PROP_09216,2026-01-03,150818,3,1.0,1033,3099,1.5,0,1954,0,Coastal Suburbs,20012
PROP_09217,2026-01-30,344240,3,2.0,1655,4965,1.0,0,1958,0,Greenwood Valley,40082
PROP_09218,2026-05-16,142358,3,1.5,901,4505,2.0,0,1986,0,Coastal Suburbs,20011
PROP_09219,2025-10-05,201000,4,2.5,1340,6700,1.5,0,1965,0,Greenwood Valley,40082
PROP_09220,2025-10-21,590557,1,1.0,2019,12114,2.0,0,2005,2025,Metro City,10002
PROP_09221,2025-08-14,160718,3,1.5,986,2958,2.0,0,1962,0,Metro City,10004
PROP_09222,2025-12-03,309960,1,1.0,2016,6048,2.0,0,1959,2019,Greenwood Valley,40082
PROP_09223,2026-01-30,290400,3,1.5,1210,7260,2.0,0,1963,0,Coastal Suburbs,20013
PROP_09224,2025-12-06,581242,4,1.0,2133,12798,1.5,0,1957,2024,Coastal Suburbs,20012
PROP_09225,2025-11-05,6327468,6,4.5,6330,50640,3.0,1,2000,0,Greenwood Valley,40081
PROP_09226,2025-06-11,565012,4,1.5,2374,14244,1.5,0,1997,0,Metro City,10002
PROP_09227,2026-04-27,298072,1,2.0,2014,12084,1.0,0,1987,0,Coastal Suburbs,20011
PROP_09228,2026-04-07,760350,5,3.0,2775,8325,3.0,0,1960,0,Coastal Suburbs,20013
PROP_09229,2025-06-18,174720,4,1.5,832,3328,2.0,0,1961,0,Tech Park District,30046
PROP_09230,2026-05-06,274725,4,1.5,1665,9990,2.0,0,1983,0,Tech Park District,30046
PROP_09231,2025-06-28,209326,3,2.0,1261,7566,1.0,0,1970,0,Tech Park District,30045
PROP_09232,2026-05-20,1365966,5,2.5,4395,30765,3.0,1,1951,0,Coastal Suburbs,20011
PROP_09233,2026-05-10,439081,3,1.5,2155,12930,1.5,0,1998,2020,Coastal Suburbs,20012
PROP_09234,2025-10-01,213305,4,2.0,1153,6918,2.0,0,1982,2024,Tech Park District,30046
PROP_09235,2025-10-08,473836,2,1.5,1958,3916,1.0,0,1967,0,Metro City,10002
PROP_09236,2026-03-10,225750,2,1.0,1204,7224,2.0,0,2001,2019,Greenwood Valley,40082
PROP_09237,2025-12-14,979715,5,2.5,2585,20680,2.5,0,1984,0,Tech Park District,30045
PROP_09238,2025-11-06,878306,5,3.5,3071,9213,3.0,0,1960,0,Tech Park District,30045
PROP_09239,2026-04-24,412734,1,2.0,1902,7608,1.0,0,1952,0,Coastal Suburbs,20011
PROP_09240,2026-05-25,1065078,4,3.5,4494,35952,3.0,0,1980,0,Greenwood Valley,40082
PROP_09241,2025-12-03,333000,4,2.0,1332,3996,1.0,0,1962,0,Tech Park District,30046
PROP_09242,2026-05-17,1317440,5,4.0,4117,20585,2.0,0,2012,0,Greenwood Valley,40082
PROP_09243,2025-08-02,894963,6,3.0,3327,19962,2.0,0,1955,0,Greenwood Valley,40081
PROP_09244,2026-03-01,1230180,6,3.5,4060,32480,2.5,0,1960,0,Greenwood Valley,40082
PROP_09245,2025-09-30,488879,3,1.5,1940,3880,2.0,1,2009,0,Coastal Suburbs,20013
PROP_09246,2026-01-13,260224,3,1.0,2033,6099,1.0,0,1998,0,Tech Park District,30046
PROP_09247,2025-12-16,391045,3,2.0,1985,5955,2.0,0,1979,0,Metro City,10003
PROP_09248,2025-06-05,366212,3,1.5,2233,11165,2.0,0,1970,0,Greenwood Valley,40081
PROP_09249,2025-12-19,336000,3,1.5,1344,8064,2.0,0,1985,0,Coastal Suburbs,20013
PROP_09250,2025-10-09,269676,4,2.5,1362,2724,1.5,0,1963,0,Coastal Suburbs,20012
PROP_09251,2025-11-02,378672,4,1.0,1470,4410,1.5,1,1965,0,Metro City,10003
PROP_09252,2025-07-17,473340,4,1.5,2058,6174,1.5,0,1985,0,Tech Park District,30045
PROP_09253,2025-09-29,284388,4,1.0,1823,5469,1.5,0,1978,0,Greenwood Valley,40081
PROP_09254,2025-10-31,1181917,4,4.0,2671,8013,3.0,0,1972,2023,Greenwood Valley,40081
PROP_09255,2025-09-16,1579630,5,3.5,4190,20950,3.0,0,2011,0,Greenwood Valley,40082
PROP_09256,2025-08-22,204360,4,1.5,1560,7800,2.0,0,2002,0,Coastal Suburbs,20013
PROP_09257,2026-01-11,211176,3,1.5,1676,6704,2.0,0,1987,0,Metro City,10003
PROP_09258,2026-04-20,193528,1,2.0,1423,4269,1.5,0,2014,0,Metro City,10004
PROP_09259,2025-11-10,1013555,6,4.0,4313,34504,3.0,0,1998,0,Greenwood Valley,40081
PROP_09260,2026-04-26,146280,1,1.0,920,4600,1.5,0,1984,0,Metro City,10002
PROP_09261,2025-12-26,169524,4,1.0,1108,2216,2.0,0,2006,0,Tech Park District,30045
PROP_09262,2025-06-18,202103,4,2.0,967,2901,1.0,0,1975,0,Tech Park District,30046
PROP_09263,2025-10-19,317760,4,2.0,1324,2648,1.0,0,1954,0,Coastal Suburbs,20011
PROP_09264,2025-07-12,4246678,7,5.0,6786,95004,2.5,1,1951,0,Tech Park District,30045
PROP_09265,2026-02-07,390864,2,2.0,1916,11496,2.0,0,2000,0,Tech Park District,30045
PROP_09266,2026-01-28,210290,1,2.5,1237,3711,1.0,0,2008,2016,Tech Park District,30046
PROP_09267,2025-12-29,195772,3,2.5,1017,5085,1.5,0,1972,2017,Greenwood Valley,40082
PROP_09268,2025-11-18,217126,1,1.0,1193,2386,1.0,0,1968,0,Tech Park District,30046
PROP_09269,2026-01-03,165321,1,1.0,1053,4212,1.5,0,1994,0,Coastal Suburbs,20013
PROP_09270,2025-07-22,409640,4,2.5,1960,7840,1.0,0,1972,0,Metro City,10004
PROP_09271,2025-08-22,139158,2,1.0,863,1726,2.0,0,1976,2020,Tech Park District,30046
PROP_09272,2026-05-24,389987,3,2.5,1703,5109,1.5,0,1962,0,Metro City,10002
PROP_09273,2025-10-12,384985,1,2.5,2081,10405,1.5,0,1961,0,Coastal Suburbs,20011
PROP_09274,2026-02-15,309642,4,2.5,1174,5870,2.0,0,1959,2017,Coastal Suburbs,20011
PROP_09275,2025-07-04,212040,1,2.5,1116,4464,1.5,0,1980,0,Coastal Suburbs,20013
PROP_09276,2025-11-28,224425,2,2.5,1175,5875,2.0,0,2013,0,Coastal Suburbs,20013
PROP_09277,2026-01-02,241056,3,1.5,1944,3888,1.0,0,1999,0,Metro City,10001
PROP_09278,2026-04-05,1018832,5,2.5,3442,10326,3.0,0,1962,0,Metro City,10004
PROP_09279,2026-03-08,177760,2,2.0,880,1760,2.0,0,2015,0,Metro City,10002
PROP_09280,2025-11-15,192608,4,2.0,926,4630,1.0,0,1970,0,Tech Park District,30046
PROP_09281,2026-01-19,206185,4,1.5,959,1918,1.5,0,1985,0,Greenwood Valley,40082
PROP_09282,2026-05-22,154260,3,2.0,857,3428,1.0,0,1972,0,Coastal Suburbs,20012
PROP_09283,2025-06-15,731663,6,3.0,3281,16405,2.5,0,2007,0,Coastal Suburbs,20012
PROP_09284,2025-06-27,1330870,5,2.5,3371,16855,3.0,1,1996,0,Greenwood Valley,40081
PROP_09285,2026-04-25,285560,4,2.5,968,1936,1.5,0,1992,2018,Tech Park District,30046
PROP_09286,2026-04-25,1201125,5,3.5,3203,12812,3.0,0,1998,0,Coastal Suburbs,20012
PROP_09287,2025-09-03,154160,1,2.5,820,3280,1.5,0,1997,0,Metro City,10001
PROP_09288,2026-04-19,1494558,6,4.0,4258,29806,2.5,0,1995,0,Greenwood Valley,40082
PROP_09289,2026-01-14,275772,2,1.0,2058,10290,2.0,0,1988,0,Coastal Suburbs,20012
PROP_09290,2026-04-25,213156,1,1.5,1146,6876,1.0,0,1961,0,Tech Park District,30045
PROP_09291,2025-08-09,329994,2,2.5,1701,10206,1.0,0,1981,0,Coastal Suburbs,20012
PROP_09292,2025-06-02,1044351,4,3.5,2877,11508,2.5,0,1956,0,Metro City,10001
PROP_09293,2025-12-23,247478,2,1.0,1607,9642,1.5,0,1971,0,Tech Park District,30046
PROP_09294,2025-09-11,240778,4,2.0,1838,5514,2.0,0,2004,0,Greenwood Valley,40082
PROP_09295,2026-04-18,325784,2,1.5,1688,5064,1.0,0,1954,0,Coastal Suburbs,20011
PROP_09296,2025-11-04,318222,1,2.5,1917,9585,2.0,0,1954,0,Coastal Suburbs,20012
PROP_09297,2025-11-08,881712,6,3.5,3768,18840,2.0,0,1966,0,Metro City,10003
PROP_09298,2026-03-22,733131,5,3.0,3017,15085,2.0,0,1990,0,Greenwood Valley,40082
PROP_09299,2025-07-13,406210,1,2.0,1658,9948,2.0,0,1975,0,Coastal Suburbs,20012
PROP_09300,2025-07-27,223896,1,1.5,1473,7365,1.0,0,1979,0,Coastal Suburbs,20013
PROP_09301,2025-08-20,5110356,9,6.0,7814,78140,4.0,0,1986,0,Greenwood Valley,40082
PROP_09302,2025-10-06,1125344,5,2.5,4048,20240,3.0,0,1984,0,Coastal Suburbs,20012
PROP_09303,2026-02-20,374440,2,2.0,2035,12210,1.0,0,1974,0,Greenwood Valley,40081
PROP_09304,2026-04-29,473220,4,1.5,2390,11950,1.5,0,1980,0,Tech Park District,30045
PROP_09305,2025-08-06,347634,3,2.0,1953,5859,1.0,0,2005,0,Metro City,10003
PROP_09306,2026-04-01,230182,4,1.0,1306,2612,1.5,0,1955,2017,Metro City,10001
PROP_09307,2026-05-18,226224,3,1.0,1571,9426,1.5,0,2005,0,Metro City,10002
PROP_09308,2025-12-28,182148,1,2.5,1059,3177,2.0,0,1961,0,Tech Park District,30046
PROP_09309,2025-11-11,279298,2,1.5,1913,3826,1.0,0,2014,0,Greenwood Valley,40082
PROP_09310,2026-01-18,970502,6,3.5,2988,14940,3.0,1,1998,0,Tech Park District,30046
PROP_09311,2026-01-31,990432,4,4.0,2736,13680,2.0,0,1965,0,Greenwood Valley,40081
PROP_09312,2025-08-08,521324,3,1.0,2209,13254,1.0,0,2004,0,Metro City,10003
PROP_09313,2025-10-12,339480,2,1.0,1640,9840,1.0,0,1978,0,Metro City,10002
PROP_09314,2025-08-28,315950,4,2.5,2225,6675,1.0,0,1965,0,Greenwood Valley,40082
PROP_09315,2026-05-18,376530,4,1.5,2282,11410,1.5,0,1986,0,Greenwood Valley,40082
PROP_09316,2026-03-31,347593,1,2.0,1801,7204,1.5,0,1961,0,Coastal Suburbs,20013
PROP_09317,2025-11-15,227711,2,2.0,1793,7172,1.5,0,1983,0,Greenwood Valley,40081
PROP_09318,2025-10-23,1402940,5,3.0,3644,14576,2.5,1,1965,0,Metro City,10001
PROP_09319,2025-09-10,1252832,5,3.5,3332,26656,2.5,0,2007,0,Tech Park District,30046
PROP_09320,2025-07-14,202147,3,2.0,1081,2162,1.0,0,1994,0,Coastal Suburbs,20012
PROP_09321,2025-12-30,127200,3,2.0,800,4800,1.5,0,1989,0,Coastal Suburbs,20011
PROP_09322,2025-12-06,915167,6,3.5,2981,8943,3.0,0,1970,0,Coastal Suburbs,20012
PROP_09323,2025-09-02,136746,2,2.0,963,2889,2.0,0,1996,0,Greenwood Valley,40081
PROP_09324,2025-12-19,468982,3,2.5,2066,4132,2.0,0,2000,0,Greenwood Valley,40082
PROP_09325,2025-12-11,184283,4,1.5,1523,9138,1.5,0,1972,0,Greenwood Valley,40081
PROP_09326,2026-03-20,764946,4,3.0,2802,16812,2.0,0,1953,0,Coastal Suburbs,20012
PROP_09327,2025-09-23,178503,2,1.5,1161,4644,2.0,0,1989,2025,Tech Park District,30046
PROP_09328,2025-06-11,467392,3,2.5,2144,12864,1.0,0,1959,0,Metro City,10001
PROP_09329,2025-06-12,989616,6,4.0,3112,12448,3.0,0,1985,0,Greenwood Valley,40081
PROP_09330,2026-03-13,258000,1,2.0,2000,12000,1.0,0,1954,0,Metro City,10001
PROP_09331,2026-04-28,6077185,6,7.5,6393,95895,3.0,1,2013,0,Coastal Suburbs,20013
PROP_09332,2026-04-10,552955,1,2.5,2353,9412,1.5,0,2006,2016,Tech Park District,30046
PROP_09333,2026-04-17,1366299,5,3.0,3663,21978,3.0,0,1977,0,Coastal Suburbs,20012
PROP_09334,2025-09-26,331016,4,2.5,1799,7196,1.5,0,1992,0,Tech Park District,30046
PROP_09335,2025-07-16,297976,1,2.0,1252,3756,1.0,0,1993,0,Coastal Suburbs,20013
PROP_09336,2026-01-23,307440,4,2.5,1830,5490,1.5,0,1988,0,Greenwood Valley,40081
PROP_09337,2025-09-10,544180,4,1.0,1690,10140,1.5,1,2003,0,Greenwood Valley,40082
PROP_09338,2025-10-13,370668,1,2.5,1817,7268,1.0,0,2005,0,Greenwood Valley,40082
PROP_09339,2026-05-26,987520,5,2.5,3086,12344,2.0,0,1988,0,Tech Park District,30045
PROP_09340,2025-08-26,338436,3,1.0,2212,11060,1.0,0,1983,0,Coastal Suburbs,20013
PROP_09341,2025-06-26,372772,1,1.5,2273,6819,2.0,0,2004,0,Tech Park District,30046
PROP_09342,2025-12-23,359499,1,2.0,2261,13566,2.0,0,1993,0,Greenwood Valley,40082
PROP_09343,2026-04-13,581268,6,3.5,2463,17241,2.5,0,1981,0,Greenwood Valley,40081
PROP_09344,2026-01-06,942899,6,3.0,2694,18858,2.5,1,1963,0,Tech Park District,30045
PROP_09345,2026-04-04,277770,4,2.0,1182,5910,1.5,0,1965,0,Coastal Suburbs,20011
PROP_09346,2025-10-12,499186,1,2.0,2231,6693,1.0,0,1953,2020,Greenwood Valley,40082
PROP_09347,2025-08-16,412686,3,2.5,2043,8172,2.0,0,1969,0,Metro City,10001
PROP_09348,2025-07-16,1132430,4,3.0,3653,10959,3.0,0,2007,0,Tech Park District,30046
PROP_09349,2025-12-06,357900,1,2.5,2386,11930,2.0,0,2006,0,Metro City,10001
PROP_09350,2025-08-27,1059569,6,3.5,4091,16364,2.0,0,1982,0,Metro City,10001
PROP_09351,2026-03-18,440796,1,1.0,2022,8088,1.0,0,2007,0,Coastal Suburbs,20012
PROP_09352,2025-07-31,267500,2,1.0,1070,2140,1.5,0,1998,2017,Coastal Suburbs,20011
PROP_09353,2025-06-08,138936,4,1.5,827,3308,1.5,0,1985,0,Greenwood Valley,40082
PROP_09354,2026-02-25,270425,3,2.0,1865,11190,1.0,0,1992,0,Metro City,10001
PROP_09355,2026-01-09,407526,3,1.5,1878,3756,1.5,0,1984,0,Metro City,10001
PROP_09356,2026-01-19,391262,2,1.5,2357,7071,1.5,0,2003,0,Metro City,10003
PROP_09357,2026-05-11,392285,3,1.5,2342,9368,2.0,0,2014,2022,Tech Park District,30045
PROP_09358,2026-02-09,162877,4,2.0,1139,6834,1.5,0,2007,0,Metro City,10001
PROP_09359,2025-07-31,249978,4,1.0,1366,2732,2.0,0,1999,0,Metro City,10004
PROP_09360,2025-09-23,403650,2,1.5,2070,12420,1.0,0,1960,0,Tech Park District,30046
PROP_09361,2025-09-13,166568,2,1.0,886,1772,2.0,0,1954,0,Metro City,10002
PROP_09362,2025-09-06,358422,1,2.0,1927,11562,1.5,0,1999,0,Coastal Suburbs,20011
PROP_09363,2025-10-15,243098,2,1.5,1234,4936,2.0,0,1961,0,Metro City,10001
PROP_09364,2025-10-26,341803,1,1.5,2123,6369,2.0,0,2003,0,Greenwood Valley,40082
PROP_09365,2026-02-09,261954,3,1.5,2079,10395,2.0,0,2001,0,Metro City,10001
PROP_09366,2025-12-13,383750,3,1.0,1228,4912,2.0,0,1991,2020,Coastal Suburbs,20012
PROP_09367,2025-08-06,1253440,4,3.0,3917,31336,3.0,0,2000,0,Tech Park District,30046
PROP_09368,2026-01-07,3019200,8,7.5,5100,30600,3.0,0,2002,0,Metro City,10001
PROP_09369,2025-09-14,363058,1,2.0,2174,4348,1.5,0,2001,0,Metro City,10003
PROP_09370,2026-04-04,243619,2,2.0,1361,5444,1.0,0,1958,0,Tech Park District,30045
PROP_09371,2025-09-19,170187,4,2.0,1207,3621,1.5,0,1972,0,Coastal Suburbs,20011
PROP_09372,2025-10-23,306450,3,2.0,2043,6129,1.0,0,1984,0,Greenwood Valley,40081
PROP_09373,2026-05-13,235872,3,2.0,1053,2106,1.5,0,1955,0,Greenwood Valley,40082
PROP_09374,2025-09-05,1014464,5,4.0,4192,25152,3.0,0,1955,0,Greenwood Valley,40081
PROP_09375,2026-01-01,3450553,9,4.5,6043,60430,4.0,0,1978,0,Tech Park District,30046
PROP_09376,2025-09-01,510212,1,2.5,2228,11140,2.0,0,1975,0,Greenwood Valley,40081
PROP_09377,2025-12-27,203256,1,2.5,941,2823,1.5,0,1950,0,Metro City,10001
PROP_09378,2025-08-14,173500,4,2.0,1388,8328,1.0,0,1989,0,Greenwood Valley,40082
PROP_09379,2025-06-15,408148,3,1.0,2171,8684,1.0,0,1966,0,Coastal Suburbs,20013
PROP_09380,2025-10-27,304191,1,1.5,1389,5556,1.0,0,1960,0,Greenwood Valley,40081
PROP_09381,2025-10-13,384916,2,2.5,1631,3262,1.0,0,1993,0,Tech Park District,30046
PROP_09382,2025-09-29,138276,4,1.0,828,3312,1.0,0,2005,0,Metro City,10001
PROP_09383,2026-04-13,407115,2,1.5,1494,5976,1.5,0,1995,2025,Coastal Suburbs,20011
PROP_09384,2026-01-17,317356,3,2.0,1436,7180,2.0,0,1989,0,Tech Park District,30045
PROP_09385,2025-10-06,1170102,4,2.5,3197,12788,2.5,0,1972,0,Coastal Suburbs,20013
PROP_09386,2025-12-07,489664,4,2.0,2186,6558,2.0,0,1966,0,Metro City,10004
PROP_09387,2026-03-26,1204467,6,3.0,3553,14212,2.0,0,1978,0,Coastal Suburbs,20011
PROP_09388,2026-05-17,346544,4,2.0,1969,5907,2.0,0,1989,0,Coastal Suburbs,20013
PROP_09389,2026-04-28,787686,6,4.0,2477,7431,2.5,0,1980,0,Coastal Suburbs,20012
PROP_09390,2026-01-21,315248,4,1.0,1292,2584,1.5,0,1959,0,Greenwood Valley,40081
PROP_09391,2025-07-14,427286,4,1.0,1999,7996,1.5,0,1969,2022,Greenwood Valley,40082
PROP_09392,2025-06-06,431984,3,1.0,2204,6612,1.5,0,1982,0,Greenwood Valley,40082
PROP_09393,2026-01-27,524790,3,2.0,1764,3528,1.0,0,1995,2024,Coastal Suburbs,20013
PROP_09394,2025-08-08,248196,3,2.5,1677,5031,2.0,0,1978,0,Metro City,10001
PROP_09395,2025-11-13,583590,3,1.0,2382,4764,2.0,0,1988,2016,Greenwood Valley,40082
PROP_09396,2026-05-21,259182,4,1.5,1122,6732,1.5,0,2010,0,Coastal Suburbs,20013
PROP_09397,2025-12-21,233472,2,2.5,1216,4864,1.0,0,1975,0,Coastal Suburbs,20012
PROP_09398,2026-05-18,283920,2,2.0,1560,7800,2.0,0,1951,0,Tech Park District,30046
PROP_09399,2025-09-17,277648,1,1.5,1876,7504,1.0,0,2007,0,Metro City,10003
PROP_09400,2025-12-14,194400,2,2.0,864,3456,1.0,0,1961,0,Tech Park District,30046
PROP_09401,2026-05-29,195858,4,2.5,1053,4212,1.5,0,1982,0,Metro City,10003
PROP_09402,2026-01-03,259638,4,1.0,1323,3969,2.0,0,1970,2017,Tech Park District,30046
PROP_09403,2026-04-02,245464,2,1.0,2012,6036,1.0,0,2001,0,Greenwood Valley,40081
PROP_09404,2025-10-10,261221,4,2.5,1699,5097,1.5,0,1956,2020,Tech Park District,30045
PROP_09405,2025-07-08,524394,1,2.5,2158,12948,2.0,0,2002,0,Greenwood Valley,40082
PROP_09406,2025-07-19,383870,3,2.5,1669,8345,2.0,0,2014,0,Metro City,10004
PROP_09407,2026-03-13,406023,4,1.5,1683,5049,1.0,0,1959,2025,Tech Park District,30045
PROP_09408,2025-07-01,467992,3,2.0,1918,11508,1.5,0,1964,0,Coastal Suburbs,20011
PROP_09409,2025-06-27,355716,2,2.5,1446,5784,1.0,0,1977,0,Tech Park District,30045
PROP_09410,2025-11-18,450924,3,2.5,2127,8508,1.0,0,1963,0,Tech Park District,30046
PROP_09411,2025-09-29,143682,3,2.0,933,3732,2.0,0,1950,0,Tech Park District,30045
PROP_09412,2026-01-28,854662,4,2.5,4231,12693,2.0,0,1985,0,Coastal Suburbs,20012
PROP_09413,2025-11-29,3079776,9,5.0,4583,27498,2.5,0,1969,0,Coastal Suburbs,20012
PROP_09414,2026-04-07,566207,1,2.0,1491,8946,2.0,1,2007,2023,Metro City,10003
PROP_09415,2026-05-10,565008,4,1.5,2384,9536,1.0,0,2003,0,Tech Park District,30045
PROP_09416,2026-04-03,219450,3,1.0,1650,3300,2.0,0,1995,0,Coastal Suburbs,20013
PROP_09417,2026-05-30,266082,2,1.5,1454,5816,1.5,0,1997,0,Tech Park District,30045
PROP_09418,2025-06-24,309275,2,1.5,2225,11125,1.5,0,2015,0,Greenwood Valley,40082
PROP_09419,2025-06-03,1063610,4,2.5,2914,14570,2.0,0,2005,0,Tech Park District,30046
PROP_09420,2025-10-08,772254,4,3.5,3178,22246,2.5,0,1967,0,Tech Park District,30046
PROP_09421,2026-02-14,344706,1,1.0,1574,6296,2.0,0,1962,0,Tech Park District,30045
PROP_09422,2026-04-14,320568,4,2.5,1406,2812,1.5,0,1985,0,Metro City,10004
PROP_09423,2025-12-13,231775,1,1.0,1270,2540,2.0,0,1985,2021,Greenwood Valley,40081
PROP_09424,2025-11-02,479298,2,1.0,2159,12954,1.0,0,1971,0,Metro City,10003
PROP_09425,2025-12-20,912925,6,2.5,3445,17225,2.0,0,1996,2021,Greenwood Valley,40082
PROP_09426,2026-05-10,401177,4,1.0,1799,10794,2.0,0,2001,0,Metro City,10003
PROP_09427,2025-12-07,517548,4,2.5,1747,5241,1.0,0,1985,2019,Greenwood Valley,40082
PROP_09428,2025-08-07,123720,4,1.0,1031,4124,2.0,0,1971,0,Coastal Suburbs,20012
PROP_09429,2026-03-14,498200,3,2.0,2350,14100,2.0,0,1958,0,Metro City,10002
PROP_09430,2025-06-22,393762,3,2.5,2263,13578,1.5,0,1996,0,Greenwood Valley,40081
PROP_09431,2026-03-25,223375,2,1.0,1787,3574,1.0,0,1994,0,Metro City,10003
PROP_09432,2025-08-31,352026,2,1.0,2214,8856,1.0,0,1999,0,Coastal Suburbs,20013
PROP_09433,2025-10-12,720262,5,3.0,3187,19122,2.5,0,1994,0,Greenwood Valley,40082
PROP_09434,2025-08-26,156380,3,1.0,1117,4468,1.0,0,1966,0,Tech Park District,30045
PROP_09435,2026-02-13,376363,4,1.5,1703,8515,1.0,0,2005,0,Tech Park District,30046
PROP_09436,2026-02-08,262906,3,1.5,1246,7476,1.5,0,1991,0,Greenwood Valley,40082
PROP_09437,2025-11-21,564795,1,2.0,1956,7824,2.0,0,1954,2016,Greenwood Valley,40082
PROP_09438,2026-01-26,996996,5,3.5,4316,25896,2.0,0,1978,0,Tech Park District,30046
PROP_09439,2025-08-07,405573,2,2.0,1869,11214,1.5,0,1999,0,Coastal Suburbs,20011
PROP_09440,2025-07-16,432588,4,2.0,2301,13806,1.5,0,1997,0,Metro City,10003
PROP_09441,2025-11-10,322046,4,2.5,1641,4923,1.5,0,1968,2020,Metro City,10001
PROP_09442,2026-05-30,380443,2,1.0,2363,14178,1.0,0,1952,0,Metro City,10004
PROP_09443,2026-02-27,244112,2,1.5,1387,4161,1.5,0,1989,0,Greenwood Valley,40082
PROP_09444,2026-01-08,875063,6,3.0,3049,12196,3.0,0,1966,0,Greenwood Valley,40082
PROP_09445,2025-08-12,242414,4,2.5,1987,7948,1.0,0,1991,0,Tech Park District,30045
PROP_09446,2025-10-12,227800,3,2.5,1700,5100,1.5,0,1968,0,Metro City,10001
PROP_09447,2025-07-30,220032,2,1.5,1146,2292,1.5,0,1993,0,Coastal Suburbs,20013
PROP_09448,2025-11-08,1500078,5,4.0,3909,15636,2.5,0,1962,2025,Metro City,10002
PROP_09449,2025-06-23,355320,1,2.5,2016,10080,2.0,0,1981,2025,Greenwood Valley,40082
PROP_09450,2025-08-05,639176,6,4.0,2932,11728,2.0,0,2010,0,Greenwood Valley,40082
PROP_09451,2026-02-11,868054,5,3.0,3587,28696,2.0,0,1957,0,Greenwood Valley,40081
PROP_09452,2025-10-22,306612,3,1.5,1836,3672,1.0,0,1966,0,Coastal Suburbs,20013
PROP_09453,2025-12-02,807114,6,3.5,3494,17470,3.0,0,1984,0,Metro City,10001
PROP_09454,2026-01-07,365376,2,2.5,2076,4152,1.5,0,1990,0,Greenwood Valley,40081
PROP_09455,2025-10-23,182646,4,2.5,834,5004,1.5,0,1972,0,Metro City,10002
PROP_09456,2025-10-13,1374075,6,2.5,2955,8865,2.5,0,1979,2016,Tech Park District,30046
PROP_09457,2026-04-10,1623669,6,3.0,4353,30471,3.0,0,1976,0,Tech Park District,30046
PROP_09458,2025-10-14,261876,3,2.0,1884,9420,1.5,0,1958,0,Greenwood Valley,40081
PROP_09459,2026-02-20,419616,3,1.5,2232,6696,1.5,0,1976,0,Greenwood Valley,40082
PROP_09460,2025-11-08,223368,1,1.5,1362,4086,2.0,0,1972,0,Greenwood Valley,40082
PROP_09461,2026-01-10,416772,2,1.5,1836,7344,2.0,0,1953,0,Coastal Suburbs,20012
PROP_09462,2025-08-24,238876,2,1.5,1342,4026,1.5,0,1985,0,Greenwood Valley,40082
PROP_09463,2025-11-09,1204504,6,4.0,4396,17584,3.0,0,1971,0,Greenwood Valley,40081
PROP_09464,2026-02-07,262841,4,1.0,1581,9486,1.0,0,1992,2018,Tech Park District,30045
PROP_09465,2025-08-17,373980,4,2.5,1626,3252,1.5,0,1983,0,Coastal Suburbs,20012
PROP_09466,2026-03-12,1016070,4,3.5,3079,21553,2.0,0,1988,0,Greenwood Valley,40081
PROP_09467,2026-05-03,232254,4,1.0,1122,5610,2.0,0,1996,0,Tech Park District,30045
PROP_09468,2026-04-22,172975,1,2.5,935,3740,2.0,0,1996,0,Metro City,10004
PROP_09469,2026-01-12,249116,3,2.5,1519,6076,2.0,0,1953,0,Coastal Suburbs,20013
PROP_09470,2025-06-28,385550,2,1.5,1402,2804,1.5,0,1960,2024,Coastal Suburbs,20013
PROP_09471,2025-09-05,3574375,8,7.5,5375,64500,2.5,1,1999,0,Tech Park District,30046
PROP_09472,2025-08-16,941766,5,4.0,2638,15828,2.0,0,1979,0,Greenwood Valley,40082
PROP_09473,2025-06-28,504328,4,2.0,2084,10420,1.5,0,1987,0,Greenwood Valley,40081
PROP_09474,2025-09-26,842682,4,3.0,2523,17661,2.5,0,1980,0,Metro City,10001
PROP_09475,2025-09-02,194438,2,2.0,869,2607,1.0,0,2007,2021,Tech Park District,30046
PROP_09476,2025-06-19,193721,1,1.5,1601,4803,2.0,0,1965,0,Greenwood Valley,40082
PROP_09477,2026-01-27,247625,1,2.5,1981,11886,1.0,0,1957,0,Metro City,10002
PROP_09478,2025-10-12,1423125,4,2.5,4125,16500,2.5,0,1964,0,Coastal Suburbs,20012
PROP_09479,2025-08-23,267216,1,2.0,1758,7032,2.0,0,1961,0,Greenwood Valley,40082
PROP_09480,2026-05-28,179916,2,1.0,1363,4089,2.0,0,1990,0,Tech Park District,30046
PROP_09481,2026-01-26,1054935,4,3.0,4137,12411,2.5,0,2004,0,Metro City,10003
PROP_09482,2026-01-10,390956,2,2.5,2157,12942,1.0,0,1990,2018,Coastal Suburbs,20012
PROP_09483,2025-07-30,112606,3,1.0,923,3692,1.5,0,1987,0,Metro City,10002
PROP_09484,2026-02-09,210210,3,2.0,1078,4312,2.0,0,2010,2024,Tech Park District,30046
PROP_09485,2025-06-21,414740,1,2.5,2330,4660,1.5,0,2014,0,Metro City,10003
PROP_09486,2026-01-13,299635,4,1.5,1223,7338,1.5,0,1955,2017,Greenwood Valley,40082
PROP_09487,2025-11-30,201228,2,2.0,818,2454,1.0,0,1971,0,Greenwood Valley,40081
PROP_09488,2026-05-30,217260,1,2.0,1530,4590,1.0,0,1995,0,Tech Park District,30046
PROP_09489,2026-03-15,217680,2,1.5,907,2721,2.0,0,2014,0,Metro City,10003
PROP_09490,2026-02-04,170488,4,1.5,808,1616,1.0,0,2006,0,Greenwood Valley,40081
PROP_09491,2026-01-21,328680,2,2.5,1992,5976,2.0,0,2000,0,Metro City,10001
PROP_09492,2026-02-08,188370,2,1.0,828,4968,1.5,0,1959,2018,Tech Park District,30045
PROP_09493,2025-07-28,436272,4,1.0,2384,11920,2.0,0,1995,0,Metro City,10004
PROP_09494,2025-08-15,1975050,5,2.5,4158,24948,2.0,0,1982,2021,Coastal Suburbs,20013
PROP_09495,2025-08-03,501670,4,1.0,1768,3536,1.5,0,1982,2022,Tech Park District,30045
PROP_09496,2025-11-26,155040,4,1.0,912,4560,1.0,0,1996,0,Coastal Suburbs,20013
PROP_09497,2025-07-18,391384,4,2.0,1624,8120,2.0,0,1987,0,Metro City,10002
PROP_09498,2025-09-13,366795,2,2.0,1254,5016,2.0,0,1960,2017,Tech Park District,30045
PROP_09499,2025-10-24,463575,1,2.5,1766,8830,2.0,0,1962,2019,Greenwood Valley,40082
PROP_09500,2025-09-01,900617,5,3.0,3737,14948,2.0,0,1961,0,Coastal Suburbs,20012
PROP_09501,2025-08-26,641669,6,3.5,2957,14785,2.5,0,2004,0,Metro City,10001
PROP_09502,2026-02-16,1011520,5,3.5,4360,13080,2.5,0,1981,0,Metro City,10004
PROP_09503,2025-10-18,210300,1,2.5,1402,8412,2.0,0,1956,0,Tech Park District,30045
PROP_09504,2026-03-16,309400,3,2.0,1820,9100,2.0,0,1993,0,Metro City,10002
PROP_09505,2026-05-06,293500,2,1.5,2348,9392,1.0,0,1996,0,Metro City,10003
PROP_09506,2026-03-27,339858,1,1.5,2151,8604,1.5,0,2012,0,Metro City,10004
PROP_09507,2025-09-17,175406,1,2.5,1309,3927,1.5,0,1986,0,Coastal Suburbs,20012
PROP_09508,2026-03-26,232156,2,1.5,1828,9140,1.0,0,1972,0,Greenwood Valley,40082
PROP_09509,2025-06-03,346775,4,1.0,1940,7760,1.5,0,1959,2021,Tech Park District,30045
PROP_09510,2026-02-25,528229,2,1.0,2327,13962,1.0,0,1997,0,Metro City,10004
PROP_09511,2026-03-20,320000,3,2.5,1600,4800,2.0,0,1980,0,Greenwood Valley,40082
PROP_09512,2025-09-01,251766,4,1.0,1278,2556,1.0,0,1980,0,Metro City,10004
PROP_09513,2025-12-31,365304,3,1.5,1964,5892,2.0,0,1971,0,Greenwood Valley,40081
PROP_09514,2025-07-10,130815,4,2.5,969,5814,2.0,0,1973,0,Greenwood Valley,40082
PROP_09515,2025-10-05,244723,2,2.5,1247,6235,1.0,0,1995,2025,Greenwood Valley,40081
PROP_09516,2026-02-11,171204,4,1.0,1297,3891,1.0,0,1984,0,Tech Park District,30046
PROP_09517,2026-05-13,409222,3,1.0,1958,5874,1.0,0,2004,0,Metro City,10002
PROP_09518,2025-07-19,261252,1,2.5,1476,4428,1.5,0,2011,0,Coastal Suburbs,20013
PROP_09519,2025-11-16,224116,1,1.5,1303,6515,1.5,0,1985,0,Greenwood Valley,40082
PROP_09520,2025-06-14,258588,3,2.0,1306,7836,1.5,0,1965,0,Greenwood Valley,40081
PROP_09521,2025-10-24,193872,4,1.0,1154,3462,2.0,0,1972,0,Greenwood Valley,40081
PROP_09522,2026-05-15,195024,1,1.5,816,4080,1.5,0,1972,0,Tech Park District,30045
PROP_09523,2026-05-15,5751437,6,7.5,7788,116820,4.0,1,2013,2021,Coastal Suburbs,20013
PROP_09524,2025-08-02,409126,2,1.5,1481,2962,2.0,0,1967,2022,Coastal Suburbs,20013
PROP_09525,2025-12-19,1304184,6,2.5,3327,16635,3.0,1,1966,0,Metro City,10002
PROP_09526,2025-12-09,1364580,5,4.0,4332,12996,2.5,0,1978,0,Greenwood Valley,40081
PROP_09527,2026-03-30,323041,1,2.0,1531,9186,1.0,0,1995,0,Coastal Suburbs,20011
PROP_09528,2025-07-25,7977920,8,7.5,8319,108147,4.0,1,1982,0,Tech Park District,30045
PROP_09529,2025-11-13,1644266,5,3.0,4257,25542,2.0,0,1997,2016,Tech Park District,30045
PROP_09530,2025-08-18,525420,2,2.5,2224,6672,1.0,1,1970,2023,Greenwood Valley,40082
PROP_09531,2025-06-15,325605,3,2.0,2215,8860,2.0,0,1983,0,Metro City,10003
PROP_09532,2025-07-12,351186,4,2.5,1878,5634,1.0,0,1995,0,Metro City,10004
PROP_09533,2026-01-22,704838,6,3.0,2974,17844,2.0,0,1985,0,Tech Park District,30045
PROP_09534,2026-05-29,169725,3,1.5,930,4650,1.5,0,1996,2019,Tech Park District,30045
PROP_09535,2026-05-04,478074,1,1.0,2193,13158,2.0,0,1994,0,Metro City,10001
PROP_09536,2026-02-01,307989,4,1.5,2013,8052,1.0,0,1960,0,Metro City,10004
PROP_09537,2026-01-19,689564,4,3.0,2573,7719,2.0,0,1958,0,Greenwood Valley,40082
PROP_09538,2026-04-18,1095444,4,4.0,3402,27216,2.0,0,2013,0,Tech Park District,30046
PROP_09539,2025-10-16,2052088,4,3.5,3597,17985,2.5,1,2013,2023,Coastal Suburbs,20011
PROP_09540,2026-04-01,398722,4,1.0,1611,9666,1.5,0,1994,2021,Tech Park District,30046
PROP_09541,2026-05-03,106167,3,2.0,823,1646,1.5,0,1971,0,Greenwood Valley,40081
PROP_09542,2025-06-03,805675,5,4.0,2479,9916,2.0,0,1951,0,Tech Park District,30046
PROP_09543,2025-11-16,342070,2,2.5,2165,10825,2.0,0,1986,0,Greenwood Valley,40082
PROP_09544,2025-06-23,337428,1,2.5,1442,4326,2.0,0,1981,0,Tech Park District,30045
PROP_09545,2026-05-02,267567,2,2.0,1634,4902,1.5,0,1979,2025,Tech Park District,30045
PROP_09546,2026-04-15,202806,3,2.0,877,5262,1.5,0,2003,2024,Coastal Suburbs,20013
PROP_09547,2026-01-18,475012,2,1.0,2390,4780,1.5,0,2000,2022,Tech Park District,30046
PROP_09548,2025-11-14,367034,2,1.5,1817,9085,2.0,0,2009,0,Coastal Suburbs,20012
PROP_09549,2026-03-19,242775,1,2.5,1079,6474,1.0,0,1963,0,Coastal Suburbs,20012
PROP_09550,2025-08-06,1070892,6,4.0,3546,10638,3.0,0,1980,0,Tech Park District,30046
PROP_09551,2025-09-17,190500,3,1.0,1270,7620,2.0,0,1973,0,Tech Park District,30046
PROP_09552,2025-06-25,411955,3,2.0,1753,7012,1.0,0,1960,0,Metro City,10001
PROP_09553,2026-04-26,244975,3,2.5,1025,4100,1.0,0,1983,0,Metro City,10004
PROP_09554,2025-10-23,706178,4,3.0,2467,9868,2.0,0,2008,2017,Tech Park District,30045
PROP_09555,2025-11-13,386022,3,2.5,1911,3822,1.0,0,1966,0,Coastal Suburbs,20012
PROP_09556,2025-06-29,480872,3,1.5,1939,11634,2.0,0,2012,0,Metro City,10004
PROP_09557,2025-07-07,183040,3,2.5,1040,3120,1.0,0,1961,0,Tech Park District,30046
PROP_09558,2026-03-08,99674,4,1.5,817,4085,1.5,0,1976,0,Tech Park District,30046
PROP_09559,2026-04-05,1891750,6,2.5,4025,24150,2.0,0,1998,2025,Greenwood Valley,40081
PROP_09560,2025-12-13,338788,2,1.0,1819,5457,1.0,0,1970,2020,Coastal Suburbs,20011
PROP_09561,2025-07-18,332612,2,2.0,1298,6490,1.0,0,1994,2023,Tech Park District,30046
PROP_09562,2025-12-22,319464,4,2.0,2349,11745,1.5,0,1958,0,Coastal Suburbs,20013
PROP_09563,2025-10-09,427420,2,2.5,1988,3976,1.0,0,1997,0,Coastal Suburbs,20013
PROP_09564,2025-08-31,4739460,9,5.0,7095,35475,4.0,0,2002,0,Tech Park District,30045
PROP_09565,2025-10-01,329430,2,1.0,2085,10425,1.5,0,1989,0,Coastal Suburbs,20012
PROP_09566,2025-12-22,310284,3,1.5,1836,9180,2.0,0,1952,0,Greenwood Valley,40082
PROP_09567,2025-07-16,155550,2,1.0,850,1700,2.0,0,2009,0,Metro City,10003
PROP_09568,2025-06-11,1122534,6,3.0,3717,29736,3.0,0,1976,0,Tech Park District,30046
PROP_09569,2025-09-15,205620,3,2.5,1104,3312,1.0,0,1981,2018,Metro City,10003
PROP_09570,2025-08-23,665304,5,4.0,2918,20426,2.5,0,1971,0,Tech Park District,30045
PROP_09571,2025-12-16,725686,6,3.0,3211,12844,3.0,0,1998,0,Greenwood Valley,40082
PROP_09572,2025-12-24,234667,1,1.5,934,1868,1.5,0,1986,2020,Greenwood Valley,40082
PROP_09573,2025-10-24,538974,1,2.5,2218,8872,1.5,0,1966,0,Coastal Suburbs,20013
PROP_09574,2026-04-28,214755,1,2.5,1545,9270,1.0,0,1951,0,Coastal Suburbs,20013
PROP_09575,2026-05-01,319548,2,1.0,1718,5154,1.0,0,2009,0,Greenwood Valley,40082
PROP_09576,2025-08-18,164920,2,2.0,1085,6510,1.0,0,1991,0,Tech Park District,30045
PROP_09577,2025-08-01,188157,1,2.0,1031,6186,1.0,0,1954,2020,Coastal Suburbs,20013
PROP_09578,2025-10-31,246402,3,1.5,1014,4056,2.0,0,1992,0,Tech Park District,30045
PROP_09579,2026-02-07,1023120,5,3.5,4176,25056,2.0,0,1988,0,Metro City,10002
PROP_09580,2026-01-08,206137,1,2.0,1195,7170,1.5,0,1995,2022,Greenwood Valley,40081
PROP_09581,2025-11-06,104532,1,1.5,843,3372,1.0,0,1981,0,Tech Park District,30046
PROP_09582,2026-05-17,212800,4,1.5,1600,3200,2.0,0,1968,0,Tech Park District,30046
PROP_09583,2026-04-05,298302,1,1.5,1797,5391,1.0,0,1963,0,Coastal Suburbs,20013
PROP_09584,2025-08-07,347400,2,2.0,1544,4632,2.0,0,1996,0,Metro City,10001
PROP_09585,2025-12-01,350752,4,1.5,1808,5424,2.0,0,1958,0,Tech Park District,30046
PROP_09586,2026-05-07,240540,2,1.0,1140,3420,2.0,0,2013,0,Greenwood Valley,40081
PROP_09587,2025-07-20,1017380,4,2.5,3913,27391,2.5,0,1994,0,Tech Park District,30046
PROP_09588,2025-12-06,399317,4,2.5,2069,10345,2.0,0,1958,0,Metro City,10004
PROP_09589,2026-02-18,688636,6,3.0,2788,22304,2.0,0,1970,0,Coastal Suburbs,20013
PROP_09590,2025-09-11,299834,1,1.0,1522,4566,2.0,0,1982,0,Tech Park District,30045
PROP_09591,2026-02-06,185757,1,1.0,1109,3327,1.0,0,2010,2024,Coastal Suburbs,20013
PROP_09592,2026-01-15,1142956,4,4.0,3506,21036,2.0,0,2000,0,Coastal Suburbs,20012
PROP_09593,2025-12-16,354875,2,1.0,1700,6800,1.0,0,1985,2022,Coastal Suburbs,20013
PROP_09594,2026-01-30,290821,1,1.5,1181,4724,1.5,0,1998,2020,Tech Park District,30045
PROP_09595,2025-10-16,410130,2,2.0,1953,9765,1.0,0,1967,0,Tech Park District,30046
PROP_09596,2026-03-16,287525,2,1.5,1484,5936,2.0,0,2006,2021,Tech Park District,30046
PROP_09597,2026-04-04,1399392,6,3.0,4128,12384,3.0,0,1959,0,Coastal Suburbs,20011
PROP_09598,2026-01-03,280825,1,1.5,1195,4780,1.0,0,2001,0,Tech Park District,30046
PROP_09599,2025-07-17,245700,3,1.0,1260,5040,1.5,0,1953,0,Coastal Suburbs,20011
PROP_09600,2026-01-03,1269087,4,3.5,3881,11643,3.0,0,2000,0,Coastal Suburbs,20011
PROP_09601,2025-12-06,449250,3,1.5,1797,5391,1.0,0,2011,2022,Metro City,10002
PROP_09602,2026-04-11,406410,2,1.5,2185,10925,1.0,0,1978,0,Coastal Suburbs,20011
PROP_09603,2025-09-04,495040,4,2.0,2240,6720,1.0,0,1961,0,Metro City,10002
PROP_09604,2026-01-09,406080,4,1.0,2256,6768,2.0,0,1965,0,Coastal Suburbs,20013
PROP_09605,2026-04-19,278256,1,1.5,1122,6732,1.0,0,1990,0,Metro City,10003
PROP_09606,2026-01-05,1165632,5,2.5,3736,29888,3.0,0,2009,0,Coastal Suburbs,20012
PROP_09607,2025-07-18,420028,3,1.0,2143,10715,2.0,0,2002,0,Coastal Suburbs,20013
PROP_09608,2025-06-21,869231,4,3.0,4159,33272,3.0,0,2001,0,Greenwood Valley,40081
PROP_09609,2026-02-18,833112,6,3.5,3857,11571,2.5,0,2003,0,Coastal Suburbs,20012
PROP_09610,2025-11-22,875715,5,3.0,3695,14780,2.0,0,1997,0,Metro City,10003
PROP_09611,2026-01-24,167160,4,1.5,1194,7164,1.5,0,2002,0,Metro City,10002
PROP_09612,2026-05-13,277014,4,1.5,2022,6066,1.5,0,1958,0,Tech Park District,30046
PROP_09613,2025-09-23,945810,6,2.5,3503,28024,2.0,0,1959,0,Tech Park District,30046
PROP_09614,2026-04-28,3907376,7,6.0,6556,52448,2.5,0,1962,0,Coastal Suburbs,20011
PROP_09615,2026-05-18,192558,1,2.5,1437,8622,1.0,0,1950,0,Metro City,10002
PROP_09616,2025-08-19,333945,2,1.0,1629,3258,2.0,0,1972,0,Coastal Suburbs,20013
PROP_09617,2026-02-09,177045,2,1.0,957,5742,2.0,0,1986,2022,Metro City,10003
PROP_09618,2026-02-25,287245,4,2.0,1981,11886,1.0,0,2004,0,Tech Park District,30046
PROP_09619,2026-04-19,673706,4,2.5,2981,23848,3.0,0,1954,0,Greenwood Valley,40081
PROP_09620,2026-04-28,288392,2,1.5,1534,4602,2.0,0,1998,0,Tech Park District,30046
PROP_09621,2026-02-24,439640,4,1.5,1895,7580,1.0,0,1997,0,Greenwood Valley,40082
PROP_09622,2025-07-13,315131,4,1.0,1029,6174,1.0,0,1997,2016,Metro City,10004
PROP_09623,2025-10-27,1149084,6,4.0,3246,19476,2.5,0,1997,0,Metro City,10001
PROP_09624,2026-01-26,224010,4,1.5,1310,7860,2.0,0,2005,0,Greenwood Valley,40081
PROP_09625,2026-01-10,5660200,7,6.0,8086,72774,4.0,1,1981,0,Coastal Suburbs,20012
PROP_09626,2025-07-11,1114134,4,3.0,3882,23292,2.5,0,1989,0,Tech Park District,30046
PROP_09627,2026-01-31,1453816,4,2.5,3994,27958,2.0,0,1954,0,Coastal Suburbs,20012
PROP_09628,2025-11-01,358092,1,1.0,1764,3528,1.5,0,1973,0,Metro City,10002
PROP_09629,2025-08-16,961642,5,4.0,2818,11272,2.0,0,1970,2021,Tech Park District,30045
PROP_09630,2025-08-05,317070,3,2.0,1626,4878,1.5,0,2013,2022,Metro City,10004
PROP_09631,2026-05-17,1155665,4,2.5,3115,18690,2.0,0,1961,0,Tech Park District,30045
PROP_09632,2025-11-01,1224186,5,4.0,3282,13128,3.0,0,1975,0,Greenwood Valley,40081
PROP_09633,2025-10-06,281025,4,1.0,1249,6245,1.5,0,2002,0,Coastal Suburbs,20013
PROP_09634,2026-02-23,204848,1,1.5,868,5208,2.0,0,1986,0,Greenwood Valley,40081
PROP_09635,2026-01-05,232657,4,2.5,1181,3543,2.0,0,2013,0,Greenwood Valley,40081
PROP_09636,2025-10-30,129150,1,1.0,1050,2100,1.5,0,1972,0,Tech Park District,30045
PROP_09637,2026-03-19,117705,3,2.0,885,1770,1.5,0,1963,0,Greenwood Valley,40082
PROP_09638,2025-06-25,196206,4,2.0,1234,7404,1.0,0,2012,0,Metro City,10002
PROP_09639,2026-03-10,923898,4,3.0,3581,10743,2.5,0,1971,0,Greenwood Valley,40081
PROP_09640,2025-07-10,327015,3,2.0,1521,7605,2.0,0,1961,0,Coastal Suburbs,20013
PROP_09641,2025-06-24,495444,4,1.5,2337,7011,2.0,0,2000,0,Coastal Suburbs,20011
PROP_09642,2026-02-18,941173,6,2.5,2969,17814,3.0,0,1989,0,Tech Park District,30046
PROP_09643,2025-07-26,234676,1,2.0,953,1906,2.0,0,2014,2020,Greenwood Valley,40082
PROP_09644,2026-02-17,191168,3,1.5,928,4640,1.0,0,1964,0,Tech Park District,30046
PROP_09645,2026-01-04,141588,3,1.5,828,1656,1.0,0,1954,0,Tech Park District,30045
PROP_09646,2025-12-29,882060,6,3.0,3615,18075,2.0,0,1993,0,Tech Park District,30045
PROP_09647,2025-07-19,413345,4,2.0,1805,3610,1.0,0,2006,0,Tech Park District,30045
PROP_09648,2026-01-24,365078,1,2.0,2051,8204,1.5,0,1963,0,Greenwood Valley,40082
PROP_09649,2026-05-05,324380,3,2.5,2317,9268,1.0,0,2013,0,Greenwood Valley,40081
PROP_09650,2026-03-19,362202,3,1.0,2278,6834,1.0,0,1985,0,Greenwood Valley,40081
PROP_09651,2025-10-08,342624,1,1.0,2064,12384,1.5,0,1961,0,Greenwood Valley,40081
PROP_09652,2025-11-29,303017,1,2.0,1859,7436,2.0,0,1961,0,Metro City,10001
PROP_09653,2025-10-09,278460,4,2.0,1326,3978,2.0,0,1967,0,Metro City,10002
PROP_09654,2026-03-27,499176,3,2.0,2311,13866,1.0,0,1969,0,Coastal Suburbs,20011
PROP_09655,2025-07-12,404920,1,1.5,1910,5730,1.5,0,1980,0,Greenwood Valley,40081
PROP_09656,2026-02-13,341600,1,1.5,2135,12810,1.5,0,1991,0,Tech Park District,30045
PROP_09657,2025-06-09,300300,3,1.0,1950,7800,1.0,0,1972,0,Metro City,10003
PROP_09658,2025-07-29,847620,4,3.5,3324,19944,2.0,0,1988,0,Coastal Suburbs,20013
PROP_09659,2026-05-05,905972,5,2.5,3713,29704,2.0,0,1980,0,Tech Park District,30046
PROP_09660,2026-01-23,428450,3,1.0,2255,6765,1.0,0,2014,0,Metro City,10001
PROP_09661,2025-08-31,1050516,5,4.0,3699,22194,2.0,0,1968,0,Greenwood Valley,40082
PROP_09662,2025-09-02,583163,1,2.5,2111,4222,1.5,0,1984,2018,Coastal Suburbs,20013
PROP_09663,2025-12-19,388400,3,1.0,1942,7768,2.0,0,2010,0,Tech Park District,30045
PROP_09664,2025-06-24,802268,5,4.0,2402,14412,2.5,0,1961,0,Greenwood Valley,40081
PROP_09665,2025-07-13,131760,1,1.0,1098,2196,1.0,0,1969,0,Coastal Suburbs,20011
PROP_09666,2025-12-31,384332,2,1.5,1556,3112,1.0,0,2015,0,Greenwood Valley,40082
PROP_09667,2026-05-27,175380,3,2.5,1185,4740,1.5,0,1974,0,Greenwood Valley,40081
PROP_09668,2025-10-31,857208,4,4.0,3247,9741,2.5,0,1959,0,Coastal Suburbs,20011
PROP_09669,2025-11-08,177320,3,1.5,1364,6820,1.5,0,1969,0,Greenwood Valley,40082
PROP_09670,2026-03-28,1137030,4,3.0,3765,18825,3.0,0,1993,0,Metro City,10002
PROP_09671,2026-01-19,1336823,5,4.0,4271,17084,2.5,0,1969,0,Coastal Suburbs,20013
PROP_09672,2026-05-10,214240,3,2.0,1339,5356,2.0,0,1982,0,Greenwood Valley,40082
PROP_09673,2026-01-17,525123,1,1.5,2161,12966,2.0,0,1970,0,Greenwood Valley,40082
PROP_09674,2026-04-16,280296,2,2.0,2061,8244,2.0,0,1988,0,Coastal Suburbs,20012
PROP_09675,2025-10-14,1247305,5,3.5,3188,12752,2.0,0,1950,2016,Coastal Suburbs,20011
PROP_09676,2025-11-22,350658,1,2.0,2277,6831,1.5,0,1959,0,Coastal Suburbs,20013
PROP_09677,2025-09-04,497516,1,2.5,1723,8615,1.5,0,1974,2022,Greenwood Valley,40081
PROP_09678,2025-09-17,373728,1,2.5,1632,3264,2.0,0,1982,0,Coastal Suburbs,20012
PROP_09679,2025-09-03,294705,2,1.0,1593,4779,2.0,0,1972,0,Coastal Suburbs,20012
PROP_09680,2025-07-11,189735,2,1.0,834,5004,1.0,0,1987,2020,Greenwood Valley,40082
PROP_09681,2026-04-06,508245,4,1.5,2186,13116,1.5,0,1982,2016,Greenwood Valley,40082
PROP_09682,2025-10-11,171741,1,2.5,1311,6555,1.0,0,1963,0,Tech Park District,30046
PROP_09683,2026-05-11,270027,2,1.5,1971,11826,2.0,0,1970,0,Tech Park District,30046
PROP_09684,2025-07-25,208271,4,1.0,891,3564,1.5,0,1974,2019,Coastal Suburbs,20011
PROP_09685,2026-01-09,431325,2,1.5,2130,6390,1.0,0,1963,2016,Coastal Suburbs,20013
PROP_09686,2026-03-01,490646,2,1.5,2171,4342,1.0,0,1957,0,Tech Park District,30045
PROP_09687,2025-06-10,205355,1,2.0,1226,7356,2.0,0,1981,2023,Greenwood Valley,40081
PROP_09688,2025-06-03,1094373,4,4.0,4193,16772,2.0,0,2005,0,Tech Park District,30046
PROP_09689,2025-12-20,535620,1,1.5,2260,4520,2.0,0,1988,0,Coastal Suburbs,20011
PROP_09690,2025-07-30,365092,3,1.5,1547,9282,1.5,0,1968,0,Metro City,10002
PROP_09691,2025-06-07,410172,1,1.5,1799,8995,2.0,0,1966,0,Greenwood Valley,40081
PROP_09692,2025-08-27,444235,1,1.0,2167,10835,1.5,0,1997,0,Tech Park District,30045
PROP_09693,2026-05-02,584402,4,2.0,2366,4732,1.5,0,1963,0,Tech Park District,30046
PROP_09694,2026-01-31,1552345,4,4.0,4253,12759,2.0,0,1962,0,Coastal Suburbs,20013
PROP_09695,2026-01-22,476982,3,2.5,1971,3942,1.5,0,1964,0,Metro City,10002
PROP_09696,2026-05-21,1474214,4,3.5,4298,17192,2.0,0,1993,0,Metro City,10002
PROP_09697,2025-12-25,461760,4,1.0,2368,7104,1.0,0,1969,0,Metro City,10002
PROP_09698,2026-05-03,168064,3,2.5,832,2496,1.0,0,2002,0,Coastal Suburbs,20013
PROP_09699,2026-04-05,312290,3,1.0,1837,5511,1.5,0,2004,2021,Metro City,10001
PROP_09700,2026-02-05,415472,3,1.5,2258,9032,2.0,0,1961,0,Metro City,10004
PROP_09701,2025-11-03,211848,3,2.0,1164,5820,1.5,0,1972,0,Greenwood Valley,40082
PROP_09702,2026-04-13,439128,2,2.0,1926,11556,1.5,0,1983,0,Coastal Suburbs,20011
PROP_09703,2026-04-12,385540,2,2.5,2084,6252,2.0,0,1978,0,Coastal Suburbs,20012
PROP_09704,2025-12-02,329750,2,1.5,1319,3957,1.5,0,1962,0,Coastal Suburbs,20011
PROP_09705,2026-05-20,377300,3,1.5,1715,5145,1.0,0,2010,0,Coastal Suburbs,20011
PROP_09706,2026-05-11,1178478,4,2.5,3582,10746,2.5,0,2003,0,Tech Park District,30046
PROP_09707,2026-05-20,770585,5,2.5,3365,20190,2.5,0,1991,0,Metro City,10001
PROP_09708,2026-05-12,866332,4,2.5,3974,11922,2.0,0,1998,0,Metro City,10004
PROP_09709,2025-12-20,165075,3,1.5,1065,4260,1.0,0,1953,0,Coastal Suburbs,20011
PROP_09710,2025-11-02,1355624,6,3.5,4133,24798,3.0,0,1984,0,Coastal Suburbs,20012
PROP_09711,2025-07-15,330616,1,1.0,1496,8976,1.0,0,2015,0,Coastal Suburbs,20012
PROP_09712,2025-08-04,3018031,9,7.5,5083,30498,2.5,0,1991,2021,Tech Park District,30046
PROP_09713,2025-08-09,256965,3,2.0,1389,6945,1.5,0,1953,0,Greenwood Valley,40082
PROP_09714,2025-06-08,366690,1,1.5,2157,6471,1.5,0,1980,2019,Metro City,10004
PROP_09715,2025-09-06,1989700,6,4.5,4925,64025,2.5,0,1997,0,Metro City,10001
PROP_09716,2025-07-28,317889,2,2.5,1881,7524,1.5,0,2006,0,Metro City,10004
PROP_09717,2025-06-09,168168,1,1.0,1274,7644,2.0,0,1969,0,Coastal Suburbs,20012
PROP_09718,2026-05-23,319009,2,1.5,2141,4282,1.0,0,1968,0,Greenwood Valley,40082
PROP_09719,2025-09-05,324087,3,1.0,1831,7324,1.5,0,1973,0,Greenwood Valley,40082
PROP_09720,2025-06-14,213208,3,2.5,919,3676,1.0,0,1958,0,Tech Park District,30045
PROP_09721,2025-09-16,403436,1,2.5,2289,6867,1.0,0,2003,2025,Metro City,10002
PROP_09722,2026-02-02,789052,5,3.0,3476,17380,2.5,0,1992,0,Greenwood Valley,40082
PROP_09723,2026-04-29,212472,4,1.0,1362,6810,1.5,0,1952,0,Metro City,10004
PROP_09724,2025-08-14,1089720,6,3.0,4036,28252,2.0,0,2014,0,Coastal Suburbs,20013
PROP_09725,2026-04-29,842754,6,3.0,2486,7458,2.0,0,1991,0,Greenwood Valley,40081
PROP_09726,2025-10-02,195937,4,2.5,1254,5016,2.0,0,1978,2023,Tech Park District,30046
PROP_09727,2026-01-10,260172,3,2.0,1782,7128,2.0,0,1958,0,Greenwood Valley,40082
PROP_09728,2026-04-17,308406,4,1.0,2098,8392,2.0,0,1964,0,Coastal Suburbs,20011
PROP_09729,2026-03-03,442308,1,1.0,1677,3354,2.0,0,1999,2016,Metro City,10004
PROP_09730,2025-09-06,1028510,4,3.0,4198,25188,2.0,0,1962,0,Coastal Suburbs,20011
PROP_09731,2025-07-15,437306,3,2.5,1405,4215,1.0,0,1987,2025,Tech Park District,30045
PROP_09732,2025-11-02,169814,2,1.0,862,2586,2.0,0,1995,0,Tech Park District,30046
PROP_09733,2026-01-24,438246,2,2.0,2259,6777,1.0,0,2003,0,Greenwood Valley,40082
PROP_09734,2025-08-15,213640,3,1.5,1090,2180,1.5,0,2014,0,Coastal Suburbs,20011
PROP_09735,2026-01-29,334856,4,1.5,2203,13218,2.0,0,1977,0,Greenwood Valley,40082
PROP_09736,2026-01-03,430749,3,1.0,1881,9405,2.0,0,1965,0,Tech Park District,30046
PROP_09737,2025-06-12,321552,4,2.0,1827,3654,1.0,0,1996,0,Metro City,10001
PROP_09738,2025-07-30,204864,4,2.0,1056,3168,1.0,0,1954,0,Metro City,10002
PROP_09739,2025-08-25,314336,1,2.0,1786,7144,1.5,0,2001,0,Tech Park District,30046
PROP_09740,2025-08-18,457652,4,1.0,1178,2356,1.5,1,1956,2025,Metro City,10001
PROP_09741,2026-05-26,299141,3,2.0,993,5958,1.5,0,2014,2022,Metro City,10004
PROP_09742,2026-01-14,140668,1,2.5,1012,3036,1.5,0,2008,0,Tech Park District,30046
PROP_09743,2026-02-04,305486,3,1.0,1334,4002,2.0,0,2010,0,Tech Park District,30045
PROP_09744,2026-01-28,411366,3,1.5,1887,7548,1.0,0,2002,0,Coastal Suburbs,20011
PROP_09745,2025-06-11,404651,1,1.5,1831,7324,1.5,0,1961,0,Metro City,10003
PROP_09746,2026-01-17,248056,4,1.5,923,4615,2.0,0,1963,2020,Greenwood Valley,40081
PROP_09747,2026-03-27,125852,2,2.5,862,3448,2.0,0,2012,0,Greenwood Valley,40082
PROP_09748,2025-10-03,431235,4,1.0,2331,13986,1.0,0,1953,2018,Coastal Suburbs,20011
PROP_09749,2025-09-12,278183,4,2.5,1867,11202,1.5,0,1972,0,Metro City,10004
PROP_09750,2025-10-29,561600,4,1.5,2400,14400,2.0,0,1951,0,Coastal Suburbs,20011
PROP_09751,2026-03-19,1157130,6,4.0,3354,26832,3.0,0,1954,0,Coastal Suburbs,20012
PROP_09752,2025-12-18,718863,5,2.5,2887,17322,3.0,0,1964,0,Greenwood Valley,40082
PROP_09753,2025-06-27,350672,2,1.0,1736,3472,1.5,0,2001,0,Tech Park District,30046
PROP_09754,2025-11-18,309075,4,2.0,1585,4755,1.5,0,2013,0,Greenwood Valley,40081
PROP_09755,2025-06-05,400728,2,1.0,2264,13584,1.0,0,2004,0,Metro City,10002
PROP_09756,2025-07-23,285919,1,1.0,2087,10435,1.5,0,2003,0,Greenwood Valley,40082
PROP_09757,2026-04-19,207264,3,1.5,1524,7620,1.5,0,1963,0,Greenwood Valley,40082
PROP_09758,2026-01-08,1219158,6,3.5,3798,30384,3.0,0,1999,0,Greenwood Valley,40082
PROP_09759,2025-12-30,468512,1,1.0,1936,5808,1.5,0,1970,0,Tech Park District,30045
PROP_09760,2026-02-09,174291,3,2.5,1417,4251,1.5,0,1968,0,Coastal Suburbs,20011
PROP_09761,2026-03-24,224905,2,1.5,1451,4353,1.5,0,1990,0,Coastal Suburbs,20011
PROP_09762,2026-04-02,293706,3,2.0,1554,3108,1.0,0,2000,0,Tech Park District,30045
PROP_09763,2026-03-11,737220,6,2.5,3351,26808,2.5,0,1957,0,Metro City,10004
PROP_09764,2025-10-27,198900,1,2.0,1326,7956,2.0,0,1986,0,Metro City,10001
PROP_09765,2025-06-19,1414957,5,3.5,2839,17034,2.5,1,1983,0,Metro City,10003
PROP_09766,2026-02-05,282204,4,1.0,1809,7236,1.5,0,2013,0,Greenwood Valley,40081
PROP_09767,2025-12-22,300272,3,1.0,1969,9845,1.5,0,1993,2025,Coastal Suburbs,20011
PROP_09768,2026-02-04,1047750,6,3.0,4191,25146,3.0,0,1987,0,Coastal Suburbs,20013
PROP_09769,2026-02-18,511060,3,2.0,2323,9292,1.0,0,1990,0,Coastal Suburbs,20013
PROP_09770,2026-03-30,252573,3,2.0,1287,6435,2.0,0,2002,2023,Tech Park District,30046
PROP_09771,2026-04-10,318291,2,2.0,1343,4029,2.0,0,2008,0,Greenwood Valley,40082
PROP_09772,2026-05-14,275943,3,2.5,1559,6236,1.0,0,1956,0,Tech Park District,30045
PROP_09773,2026-02-05,331903,4,1.5,2321,9284,1.5,0,2010,0,Greenwood Valley,40082
PROP_09774,2025-09-27,1085000,6,4.0,4375,21875,2.5,0,1950,0,Coastal Suburbs,20013
PROP_09775,2025-07-02,405696,1,1.0,2113,8452,2.0,0,1982,0,Greenwood Valley,40082
PROP_09776,2026-02-26,136308,4,1.5,921,2763,1.0,0,1984,0,Coastal Suburbs,20011
PROP_09777,2025-06-10,1277850,5,4.0,3651,21906,2.0,0,2001,0,Tech Park District,30046
PROP_09778,2026-01-03,297585,1,1.0,1945,11670,1.0,0,1993,0,Greenwood Valley,40081
PROP_09779,2026-03-23,224850,4,2.0,1499,5996,1.5,0,1954,0,Coastal Suburbs,20012
PROP_09780,2025-11-09,426405,2,2.0,1834,3668,1.5,0,1965,2019,Coastal Suburbs,20012
PROP_09781,2026-03-11,344230,4,2.5,2374,9496,1.5,0,1963,0,Tech Park District,30045
PROP_09782,2025-07-03,221493,3,2.0,1717,6868,2.0,0,1977,0,Metro City,10002
PROP_09783,2025-10-16,191921,1,1.5,839,2517,2.0,0,1990,2016,Coastal Suburbs,20013
PROP_09784,2026-04-28,725694,4,3.5,3062,18372,3.0,0,2001,0,Metro City,10003
PROP_09785,2025-12-31,277125,4,2.0,2217,4434,1.5,0,1952,0,Coastal Suburbs,20011
PROP_09786,2026-01-29,210735,3,1.5,1115,3345,1.0,0,1967,0,Coastal Suburbs,20013
PROP_09787,2025-07-30,454032,2,1.5,1882,9410,2.0,0,1962,2022,Metro City,10001
PROP_09788,2026-02-09,350426,1,2.5,2111,6333,1.0,0,1955,0,Coastal Suburbs,20013
PROP_09789,2026-04-15,241792,2,2.0,1889,9445,2.0,0,2002,0,Tech Park District,30045
PROP_09790,2026-04-27,1456935,5,4.0,3772,15088,3.0,0,1951,2016,Coastal Suburbs,20013
PROP_09791,2025-11-25,181618,1,1.0,1279,5116,1.5,0,1996,0,Tech Park District,30046
PROP_09792,2026-01-16,704944,1,2.0,2364,4728,1.0,1,1998,0,Metro City,10003
PROP_09793,2026-05-24,775599,6,3.0,3711,29688,2.5,0,1974,0,Metro City,10002
PROP_09794,2026-01-10,470664,2,1.0,2179,13074,1.0,0,1952,0,Tech Park District,30045
PROP_09795,2025-06-11,238326,2,2.0,1518,4554,1.5,0,1958,0,Greenwood Valley,40081
PROP_09796,2025-08-22,504446,2,2.5,1747,5241,1.0,0,1984,2019,Tech Park District,30046
PROP_09797,2025-10-26,193285,1,2.0,1247,4988,2.0,0,2008,0,Tech Park District,30046
PROP_09798,2025-09-07,1210182,6,2.5,2638,13190,2.5,0,2001,2021,Tech Park District,30046
PROP_09799,2026-01-27,313632,1,2.0,1782,7128,1.5,0,2003,0,Greenwood Valley,40082
PROP_09800,2025-11-24,1280916,4,3.5,3519,24633,2.5,0,1986,0,Tech Park District,30046
PROP_09801,2026-01-11,604506,4,4.0,2723,16338,3.0,0,1958,0,Coastal Suburbs,20013
PROP_09802,2025-09-27,290304,1,1.5,2268,9072,2.0,0,1991,0,Greenwood Valley,40081
PROP_09803,2026-02-15,342131,2,2.5,1285,3855,2.0,0,1990,2021,Metro City,10002
PROP_09804,2025-09-21,985235,5,4.0,3170,22190,2.5,1,2007,0,Metro City,10004
PROP_09805,2026-03-28,1475921,6,3.5,4229,33832,2.5,0,1992,0,Coastal Suburbs,20013
PROP_09806,2026-05-17,240192,3,2.5,1112,6672,1.0,0,1953,0,Coastal Suburbs,20011
PROP_09807,2025-11-21,448238,4,1.5,2219,6657,1.5,0,1999,0,Tech Park District,30046
PROP_09808,2026-04-05,1009855,4,3.5,3355,13420,2.5,0,2014,0,Metro City,10003
PROP_09809,2026-05-03,168714,2,2.0,819,3276,2.0,0,1995,0,Coastal Suburbs,20013
PROP_09810,2026-01-26,818424,4,3.0,2526,20208,2.0,0,1978,0,Metro City,10002
PROP_09811,2025-08-07,247900,3,2.5,952,2856,2.0,1,1978,0,Tech Park District,30046
PROP_09812,2025-10-29,265438,2,2.0,1258,2516,1.5,0,2005,0,Metro City,10003
PROP_09813,2026-05-31,162141,3,2.0,1103,5515,1.0,0,1955,0,Tech Park District,30046
PROP_09814,2025-12-17,655820,1,2.0,2168,8672,1.5,0,2005,2022,Coastal Suburbs,20011
PROP_09815,2025-12-31,1247400,5,4.0,4200,21000,2.5,0,2013,0,Tech Park District,30046
PROP_09816,2026-05-11,410530,1,1.0,1346,4038,1.0,0,1982,2023,Greenwood Valley,40082
PROP_09817,2026-05-01,165359,3,1.0,1207,7242,2.0,0,2012,0,Coastal Suburbs,20012
PROP_09818,2025-12-02,496964,3,2.5,2012,4024,1.0,0,1997,0,Tech Park District,30046
PROP_09819,2026-01-28,1076978,5,2.5,3578,28624,3.0,0,2003,0,Greenwood Valley,40082
PROP_09820,2025-08-22,357126,3,1.0,1546,6184,2.0,0,1965,0,Tech Park District,30046
PROP_09821,2026-04-15,421575,4,1.5,1606,9636,2.0,0,1994,2018,Greenwood Valley,40082
PROP_09822,2025-09-15,263855,2,2.5,934,2802,1.5,0,1975,2021,Coastal Suburbs,20013
PROP_09823,2025-10-23,301702,1,2.5,1219,6095,1.0,0,1990,2019,Greenwood Valley,40082
PROP_09824,2026-05-20,240380,3,1.5,1414,2828,1.5,0,1961,0,Tech Park District,30045
PROP_09825,2025-07-15,374400,3,2.0,2400,9600,1.0,0,2014,0,Greenwood Valley,40082
PROP_09826,2026-05-08,127440,3,1.5,944,2832,2.0,0,1992,0,Tech Park District,30046
PROP_09827,2026-02-03,1333248,4,3.5,2976,23808,2.5,1,1966,0,Tech Park District,30046
PROP_09828,2025-08-06,925126,4,4.0,2731,10924,2.5,0,2003,2024,Greenwood Valley,40081
PROP_09829,2025-08-28,256760,4,2.0,1960,11760,1.5,0,1996,0,Greenwood Valley,40081
PROP_09830,2025-09-11,758100,5,3.5,2660,7980,3.0,0,1996,0,Coastal Suburbs,20013
PROP_09831,2025-08-20,282141,3,1.5,2001,6003,1.5,0,1998,0,Greenwood Valley,40081
PROP_09832,2026-04-07,379456,2,1.0,1568,7840,1.5,0,1954,0,Greenwood Valley,40082
PROP_09833,2026-02-07,5767912,6,7.5,6450,45150,4.0,1,1959,2021,Coastal Suburbs,20012
PROP_09834,2025-07-22,733616,4,3.5,3527,14108,2.5,0,1972,0,Metro City,10002
PROP_09835,2025-12-30,638778,6,2.5,3178,9534,3.0,0,1987,0,Coastal Suburbs,20013
PROP_09836,2026-02-08,294406,1,2.5,1237,2474,2.0,0,1963,0,Greenwood Valley,40081
PROP_09837,2025-11-03,649740,5,2.5,2499,19992,2.0,0,2013,0,Coastal Suburbs,20013
PROP_09838,2025-09-29,363000,1,1.5,2200,13200,1.0,0,1963,0,Tech Park District,30046
PROP_09839,2025-09-16,435800,3,2.5,2179,6537,1.5,0,1979,2023,Greenwood Valley,40081
PROP_09840,2026-03-13,231099,1,1.0,1639,4917,2.0,0,1961,0,Metro City,10001
PROP_09841,2025-06-25,1051240,6,3.0,2564,12820,2.5,0,1958,2017,Greenwood Valley,40082
PROP_09842,2025-06-10,660790,3,1.0,2392,4784,2.0,0,1999,2023,Tech Park District,30046
PROP_09843,2025-12-01,1013576,4,3.0,4154,20770,2.0,0,1986,0,Metro City,10003
PROP_09844,2025-10-12,149172,4,1.0,802,2406,1.0,0,1982,0,Metro City,10002
PROP_09845,2025-11-30,362151,4,2.5,2367,4734,1.0,0,1970,0,Greenwood Valley,40082
PROP_09846,2026-05-13,427218,2,1.0,1395,4185,2.0,0,1975,2021,Coastal Suburbs,20012
PROP_09847,2025-08-21,659808,6,3.0,2784,11136,2.0,0,1998,0,Tech Park District,30046
PROP_09848,2025-08-29,719853,6,4.0,3287,13148,2.0,0,1965,0,Greenwood Valley,40082
PROP_09849,2026-02-13,542570,3,2.5,2359,14154,1.5,0,1954,2018,Coastal Suburbs,20012
PROP_09850,2025-06-17,524981,2,1.5,2295,9180,2.0,0,2012,2018,Metro City,10003
PROP_09851,2025-07-03,1412313,5,4.0,4319,21595,2.5,0,1969,0,Tech Park District,30046
PROP_09852,2025-11-20,1285515,6,2.5,3465,20790,2.5,0,1966,0,Tech Park District,30046
PROP_09853,2026-01-07,968990,5,3.5,3064,9192,2.0,0,1991,2024,Coastal Suburbs,20012
PROP_09854,2025-07-29,392288,1,2.5,1886,5658,1.0,0,2015,0,Metro City,10002
PROP_09855,2026-04-13,296000,2,2.0,1480,4440,1.5,0,1989,2025,Tech Park District,30045
PROP_09856,2025-09-25,268710,3,2.0,1590,3180,1.0,0,2010,0,Greenwood Valley,40081
PROP_09857,2025-08-01,264947,3,2.5,1618,3236,2.0,0,1996,2020,Greenwood Valley,40081
PROP_09858,2026-03-15,326968,2,1.5,1777,5331,2.0,0,1990,0,Tech Park District,30046
PROP_09859,2025-09-23,1140570,5,3.5,4370,34960,3.0,0,1989,0,Coastal Suburbs,20011
PROP_09860,2026-02-05,275844,1,1.5,2172,13032,1.0,0,1997,0,Coastal Suburbs,20013
PROP_09861,2025-10-11,752316,4,2.5,3532,14128,2.5,0,1980,0,Metro City,10004
PROP_09862,2025-11-22,238882,2,2.0,1057,6342,2.0,0,1993,0,Tech Park District,30046
PROP_09863,2025-11-29,380380,3,2.0,1729,8645,2.0,0,1978,2016,Metro City,10004
PROP_09864,2025-06-24,167440,4,2.0,1196,3588,1.0,0,1969,0,Tech Park District,30046
PROP_09865,2026-03-13,224700,1,1.0,1070,2140,1.0,0,1977,0,Tech Park District,30045
PROP_09866,2025-10-15,237747,1,2.0,1559,3118,1.0,0,1965,2020,Tech Park District,30045
PROP_09867,2025-08-17,195930,1,2.0,1555,6220,2.0,0,1997,0,Metro City,10004
PROP_09868,2026-05-20,159454,1,1.5,1307,2614,1.0,0,1979,0,Coastal Suburbs,20013
PROP_09869,2026-02-19,684817,6,2.5,2527,12635,3.0,0,1959,0,Greenwood Valley,40081
PROP_09870,2026-04-06,368165,3,1.5,1675,5025,2.0,1,1978,0,Greenwood Valley,40082
PROP_09871,2026-05-09,1354204,5,4.0,4154,16616,2.5,0,1954,0,Greenwood Valley,40081
PROP_09872,2025-07-24,443248,4,2.5,2131,6393,1.0,0,1952,0,Coastal Suburbs,20011
PROP_09873,2026-05-28,282396,1,2.0,1212,2424,1.5,0,1973,0,Greenwood Valley,40082
PROP_09874,2025-06-26,1306500,6,2.5,4020,28140,2.0,0,1992,2023,Coastal Suburbs,20011
PROP_09875,2026-01-11,482608,4,1.5,1946,7784,1.0,0,1977,0,Metro City,10002
PROP_09876,2026-01-21,2297960,9,5.0,4528,31696,3.0,0,2005,2019,Greenwood Valley,40081
PROP_09877,2025-07-27,281274,4,2.5,1554,7770,1.5,0,1995,0,Coastal Suburbs,20013
PROP_09878,2025-07-25,1070100,5,4.0,4176,20880,3.0,0,1961,2023,Tech Park District,30046
PROP_09879,2026-04-09,1108335,4,3.0,3994,11982,2.5,0,1965,2018,Metro City,10004
PROP_09880,2026-04-09,6916940,8,6.0,7018,105270,3.0,1,1996,0,Metro City,10004
PROP_09881,2025-07-23,251600,2,1.0,1258,3774,1.5,0,1958,0,Metro City,10003
PROP_09882,2026-03-15,1244208,5,2.5,3381,13524,3.0,0,1970,0,Tech Park District,30046
PROP_09883,2025-06-22,285396,1,1.0,1399,2798,2.0,0,2013,0,Tech Park District,30046
PROP_09884,2026-02-15,227835,1,1.0,1245,2490,2.0,0,1956,0,Greenwood Valley,40081
PROP_09885,2025-07-24,750720,4,3.0,3264,26112,3.0,0,1981,0,Coastal Suburbs,20012
PROP_09886,2025-08-25,1466008,4,3.5,4118,28826,3.0,0,1990,0,Greenwood Valley,40081
PROP_09887,2026-04-19,263808,1,1.0,1374,2748,2.0,0,2001,0,Coastal Suburbs,20011
PROP_09888,2025-07-31,331481,1,1.0,1571,3142,2.0,0,1963,0,Greenwood Valley,40081
PROP_09889,2025-09-14,255006,3,1.0,1371,4113,2.0,0,2004,0,Coastal Suburbs,20012
PROP_09890,2025-12-03,192939,4,1.0,881,2643,1.0,0,1994,0,Coastal Suburbs,20012
PROP_09891,2025-08-20,246400,3,1.5,1540,7700,1.0,0,2008,0,Coastal Suburbs,20013
PROP_09892,2025-10-28,325609,3,2.0,1593,7965,2.0,1,1988,0,Tech Park District,30046
PROP_09893,2026-05-29,262456,3,2.0,1238,4952,2.0,0,2011,0,Metro City,10004
PROP_09894,2026-01-13,358436,2,1.0,1359,4077,2.0,0,1985,2018,Greenwood Valley,40081
PROP_09895,2026-02-15,418700,4,2.5,2120,6360,1.5,0,2001,2025,Metro City,10003
PROP_09896,2026-02-11,209250,2,2.0,1350,2700,2.0,0,2009,0,Greenwood Valley,40081
PROP_09897,2025-07-21,286165,1,1.5,1331,2662,1.0,0,1971,0,Metro City,10001
PROP_09898,2025-08-18,404040,1,2.5,2220,8880,2.0,0,2006,0,Tech Park District,30046
PROP_09899,2026-04-28,162800,3,1.0,880,4400,2.0,0,1974,0,Coastal Suburbs,20011
PROP_09900,2025-12-04,188125,3,2.0,875,1750,1.5,0,2009,0,Tech Park District,30046
PROP_09901,2025-11-19,1100580,6,3.5,4316,12948,3.0,0,2007,0,Coastal Suburbs,20013
PROP_09902,2025-08-10,1318824,4,3.0,4227,29589,2.5,0,1974,0,Greenwood Valley,40082
PROP_09903,2025-08-02,374832,3,1.0,1644,8220,2.0,0,2001,0,Greenwood Valley,40082
PROP_09904,2025-09-12,192136,3,2.0,1022,4088,1.5,0,1951,0,Metro City,10001
PROP_09905,2026-01-11,242025,3,1.5,1383,2766,1.0,0,1983,0,Greenwood Valley,40082
PROP_09906,2025-12-30,335610,4,2.5,2034,8136,1.0,0,1990,0,Metro City,10002
PROP_09907,2025-06-04,505551,4,1.0,2053,4106,1.5,0,1979,2020,Metro City,10003
PROP_09908,2025-10-04,199424,4,2.5,1216,3648,1.0,0,1970,0,Tech Park District,30046
PROP_09909,2026-01-29,750865,2,1.5,2178,10890,1.0,1,1968,2023,Coastal Suburbs,20011
PROP_09910,2025-11-22,937335,6,2.5,3955,15820,2.0,0,2009,0,Greenwood Valley,40082
PROP_09911,2025-10-25,139392,3,2.0,968,2904,2.0,0,2005,0,Tech Park District,30046
PROP_09912,2026-02-14,341803,3,1.5,1771,5313,2.0,0,1986,0,Greenwood Valley,40082
PROP_09913,2025-08-27,298452,3,2.0,1309,7854,1.0,0,1953,0,Greenwood Valley,40082
PROP_09914,2025-07-14,262560,3,1.5,2188,10940,2.0,0,1991,0,Coastal Suburbs,20011
PROP_09915,2025-10-15,195153,1,2.0,913,1826,2.0,0,1971,2023,Coastal Suburbs,20012
PROP_09916,2025-12-08,260433,1,1.5,1523,3046,1.5,0,1980,0,Coastal Suburbs,20013
PROP_09917,2025-12-30,871071,5,4.0,2819,14095,3.0,0,1965,0,Tech Park District,30045
PROP_09918,2025-12-02,233562,1,2.0,1162,3486,2.0,0,2001,0,Tech Park District,30045
PROP_09919,2026-04-19,596604,3,2.0,2396,14376,1.0,0,1962,0,Greenwood Valley,40081
PROP_09920,2026-05-07,395625,3,2.0,1875,9375,2.0,0,1991,0,Tech Park District,30045
PROP_09921,2025-10-04,418895,1,1.0,2105,10525,2.0,0,2005,0,Coastal Suburbs,20013
PROP_09922,2025-08-17,258552,4,2.0,1701,5103,1.5,0,1973,0,Tech Park District,30045
PROP_09923,2026-02-27,312748,4,2.5,1907,7628,1.5,0,2004,0,Coastal Suburbs,20012
PROP_09924,2026-01-02,405662,2,1.5,1909,9545,2.0,0,1964,2023,Coastal Suburbs,20011
PROP_09925,2025-09-25,158412,3,2.5,921,5526,1.5,0,2005,0,Metro City,10003
PROP_09926,2025-08-10,145236,3,2.5,988,4940,1.0,0,2012,0,Metro City,10004
PROP_09927,2026-01-06,1488921,5,3.0,3413,23891,3.0,0,1988,2019,Tech Park District,30046
PROP_09928,2025-12-29,271260,4,2.0,1233,4932,2.0,0,2002,0,Tech Park District,30045
PROP_09929,2025-12-27,305868,4,1.5,2154,10770,2.0,0,2005,0,Greenwood Valley,40081
PROP_09930,2026-01-21,801840,4,2.5,2496,12480,2.5,0,1977,2022,Greenwood Valley,40082
PROP_09931,2026-02-20,307910,4,1.0,1502,4506,1.5,0,1955,2023,Greenwood Valley,40082
PROP_09932,2026-05-16,208656,3,1.5,1134,2268,1.5,0,1967,0,Greenwood Valley,40081
PROP_09933,2025-12-03,330738,3,2.0,1662,8310,1.5,0,1974,0,Greenwood Valley,40082
PROP_09934,2025-06-16,164560,3,2.5,1360,8160,1.5,0,1967,0,Greenwood Valley,40081
PROP_09935,2026-01-13,219450,1,2.0,950,5700,1.0,0,1995,0,Greenwood Valley,40081
PROP_09936,2025-08-14,147574,4,1.0,889,3556,2.0,0,1984,0,Coastal Suburbs,20011
PROP_09937,2025-06-06,318006,4,2.5,2106,10530,2.0,0,1972,0,Coastal Suburbs,20013
PROP_09938,2026-02-20,430747,4,1.0,1454,7270,1.5,0,2013,2024,Coastal Suburbs,20013
PROP_09939,2025-07-06,984565,4,2.5,2939,14695,2.5,0,1966,0,Metro City,10003
PROP_09940,2025-07-14,449344,1,2.5,2006,12036,1.0,0,2009,0,Tech Park District,30046
PROP_09941,2025-11-21,1227899,5,3.5,3923,31384,2.5,0,2013,0,Metro City,10004
PROP_09942,2025-11-09,881144,4,3.0,2584,20672,2.5,0,1968,0,Coastal Suburbs,20013
PROP_09943,2025-12-23,371241,3,2.5,2171,13026,1.5,0,2004,0,Tech Park District,30046
PROP_09944,2025-08-24,348160,1,2.5,2176,6528,1.0,0,1984,2022,Coastal Suburbs,20012
PROP_09945,2026-01-09,441540,1,2.5,2230,8920,1.0,0,1962,0,Greenwood Valley,40081
PROP_09946,2025-07-02,846867,5,2.5,2469,9876,2.0,0,1954,0,Metro City,10004
PROP_09947,2025-12-19,456066,4,2.0,1949,5847,1.0,0,1993,0,Metro City,10001
PROP_09948,2025-06-19,229840,1,1.0,1040,6240,1.5,0,1991,0,Greenwood Valley,40082
PROP_09949,2026-05-05,273780,1,2.0,2106,10530,1.0,0,1954,0,Greenwood Valley,40081
PROP_09950,2026-04-25,1015249,6,2.5,3307,19842,2.0,0,1993,0,Greenwood Valley,40081
PROP_09951,2025-08-17,255136,4,2.0,1904,11424,1.0,0,2002,0,Greenwood Valley,40081
PROP_09952,2026-03-22,540960,2,2.0,2208,11040,2.0,1,1957,0,Tech Park District,30046
PROP_09953,2025-06-30,483092,1,1.5,2047,10235,2.0,0,1956,0,Tech Park District,30046
PROP_09954,2026-04-20,1096920,6,4.0,3960,11880,2.5,0,2004,0,Coastal Suburbs,20013
PROP_09955,2026-05-05,522804,3,1.5,2293,9172,1.5,0,1995,0,Tech Park District,30045
PROP_09956,2026-02-22,281580,1,1.5,1140,6840,1.5,0,1996,0,Greenwood Valley,40081
PROP_09957,2025-10-30,914277,5,4.0,2561,12805,2.5,0,2003,0,Coastal Suburbs,20011
PROP_09958,2026-01-01,263725,4,2.5,1507,3014,2.0,0,2014,0,Greenwood Valley,40082
PROP_09959,2025-12-23,346885,1,1.5,1855,9275,1.0,0,1984,0,Greenwood Valley,40081
PROP_09960,2026-05-15,344200,4,2.5,1721,5163,1.0,0,1952,0,Greenwood Valley,40082
PROP_09961,2026-05-25,186660,4,2.5,1098,4392,2.0,0,1974,2016,Tech Park District,30046
PROP_09962,2026-03-11,193294,3,2.0,1522,7610,1.0,0,1980,0,Tech Park District,30046
PROP_09963,2025-11-03,928392,5,3.0,3064,21448,3.0,0,1982,0,Tech Park District,30045
PROP_09964,2025-11-08,305900,1,2.0,1748,8740,1.0,0,1955,2024,Tech Park District,30045
PROP_09965,2025-11-24,183436,2,1.0,1516,6064,2.0,0,2005,0,Coastal Suburbs,20012
PROP_09966,2025-06-05,157296,1,1.0,904,3616,1.0,0,1970,0,Coastal Suburbs,20011
PROP_09967,2025-10-22,342412,4,2.0,1747,3494,2.0,0,1959,0,Greenwood Valley,40082
PROP_09968,2026-02-26,413292,2,1.0,2222,13332,1.0,0,1969,0,Coastal Suburbs,20012
PROP_09969,2026-04-09,1305153,4,3.5,3537,14148,3.0,0,1966,0,Tech Park District,30045
PROP_09970,2025-08-15,189526,4,1.0,982,1964,2.0,0,2015,0,Coastal Suburbs,20012
PROP_09971,2026-05-25,1349619,6,2.5,3561,14244,2.5,0,1960,0,Metro City,10002
PROP_09972,2025-12-24,325162,4,2.5,1495,8970,1.0,0,2009,2024,Greenwood Valley,40082
PROP_09973,2026-01-15,322280,4,1.0,2302,9208,1.0,0,2008,0,Coastal Suburbs,20012
PROP_09974,2026-04-26,168696,3,1.0,1278,5112,2.0,0,1985,0,Tech Park District,30045
PROP_09975,2025-09-14,390948,2,1.0,1829,3658,1.0,0,1970,2020,Greenwood Valley,40082
PROP_09976,2026-03-06,418610,3,2.0,2042,6126,2.0,0,1993,0,Metro City,10001
PROP_09977,2026-04-16,571662,3,1.0,2094,4188,1.5,1,1958,0,Tech Park District,30045
PROP_09978,2026-04-13,546250,3,2.5,2375,4750,2.0,0,1961,0,Metro City,10004
PROP_09979,2026-04-30,231725,2,1.0,806,4836,1.0,0,1988,2020,Metro City,10004
PROP_09980,2026-01-13,264180,3,2.5,1785,8925,2.0,0,1965,0,Metro City,10002
PROP_09981,2026-05-24,941725,6,2.5,3475,10425,2.0,0,1983,0,Metro City,10003
PROP_09982,2025-11-24,274536,1,2.0,2214,6642,1.0,0,2011,0,Coastal Suburbs,20011
PROP_09983,2026-04-29,1269100,5,2.5,3430,10290,2.5,0,2011,0,Tech Park District,30045
PROP_09984,2025-12-25,873348,4,2.5,3934,23604,3.0,0,1950,0,Coastal Suburbs,20011
PROP_09985,2025-09-10,575486,2,2.0,2337,7011,1.5,0,1965,2016,Greenwood Valley,40081
PROP_09986,2025-11-02,525825,1,2.5,2214,6642,1.0,0,1999,2016,Tech Park District,30046
PROP_09987,2025-07-14,992715,6,4.0,3468,24276,3.0,0,2009,2022,Metro City,10003
PROP_09988,2025-06-19,342280,3,1.0,1720,8600,1.5,0,1982,0,Metro City,10001
PROP_09989,2026-03-03,714046,4,3.0,3202,12808,3.0,0,2006,0,Coastal Suburbs,20011
PROP_09990,2025-11-19,273337,3,1.0,1741,3482,1.0,0,2008,0,Metro City,10004
PROP_09991,2025-12-17,304290,1,2.5,1512,7560,2.0,0,1969,2016,Tech Park District,30046
PROP_09992,2025-08-04,856032,4,3.5,3552,17760,2.0,0,1996,0,Tech Park District,30046
PROP_09993,2026-02-22,296079,2,2.5,1839,11034,1.5,0,1995,0,Tech Park District,30046
PROP_09994,2026-03-04,459895,2,2.0,1957,11742,1.0,0,1998,0,Metro City,10002
PROP_09995,2025-10-24,440725,4,2.0,1445,2890,2.0,0,1972,2016,Metro City,10002
PROP_09996,2025-09-18,404255,1,1.5,1735,8675,1.0,0,1965,0,Coastal Suburbs,20011
PROP_09997,2025-07-18,377482,4,2.5,1766,10596,2.0,0,1952,2017,Tech Park District,30046
PROP_09998,2026-02-17,7547883,6,6.0,8283,49698,4.0,0,1951,2023,Metro City,10003
PROP_09999,2026-03-10,395037,3,2.5,2210,4420,2.0,0,2013,2021,Coastal Suburbs,20013
PROP_10000,2025-11-07,444346,4,1.5,1867,5601,1.5,0,1964,0,Coastal Suburbs,20012
PROP_10001,2026-02-22,277160,1,2.5,1312,5248,1.0,0,1951,2023,Greenwood Valley,40081
PROP_10002,2025-11-22,1131968,5,4.0,3076,15380,3.0,0,1976,0,Greenwood Valley,40081
PROP_10003,2026-04-22,182404,3,1.5,1471,5884,1.5,0,1981,0,Greenwood Valley,40082
PROP_10004,2025-08-21,328971,3,1.0,1921,11526,1.0,0,1988,2019,Coastal Suburbs,20012
PROP_10005,2025-06-12,217560,1,1.0,888,5328,1.0,0,1965,0,Coastal Suburbs,20013
PROP_10006,2025-06-15,286104,1,1.0,1834,3668,1.5,0,1992,0,Coastal Suburbs,20011
PROP_10007,2026-03-04,837900,6,2.5,2940,8820,3.0,0,1953,2023,Metro City,10003
PROP_10008,2026-03-31,388191,3,1.0,1559,6236,2.0,0,1955,0,Greenwood Valley,40082
PROP_10009,2025-10-11,399847,2,2.0,1673,8365,1.5,0,1988,0,Greenwood Valley,40081
PROP_10010,2025-10-02,1503480,4,3.5,4422,17688,2.0,0,1994,0,Metro City,10003
PROP_10011,2025-11-03,219856,1,1.5,1208,4832,2.0,0,1974,0,Metro City,10002
PROP_10012,2026-01-03,192600,4,1.0,1284,6420,2.0,0,1956,0,Coastal Suburbs,20011
PROP_10013,2026-02-14,898671,4,3.0,4471,35768,2.5,0,1964,0,Coastal Suburbs,20012
PROP_10014,2025-07-27,1090645,4,2.5,3295,9885,2.5,0,2010,0,Greenwood Valley,40081
PROP_10015,2025-07-01,321816,1,2.5,1749,5247,1.5,0,1960,0,Metro City,10002
PROP_10016,2025-12-08,475540,2,1.0,1534,9204,1.0,0,1953,2018,Metro City,10001
PROP_10017,2025-10-11,381587,1,1.5,1715,8575,1.0,0,1988,2020,Tech Park District,30046
PROP_10018,2026-04-18,454400,3,2.5,2272,4544,1.0,0,2011,2025,Tech Park District,30045
PROP_10019,2026-02-15,298984,2,2.0,1967,3934,2.0,0,1956,0,Tech Park District,30046
PROP_10020,2025-11-29,283900,2,2.0,1700,6800,1.5,0,1950,0,Metro City,10004
PROP_10021,2025-08-03,1113030,5,3.0,4470,22350,3.0,0,1972,0,Metro City,10003
PROP_10022,2025-06-25,251714,4,2.0,1982,3964,1.0,0,1968,0,Coastal Suburbs,20011
PROP_10023,2026-04-30,426888,1,1.5,1764,7056,2.0,0,1963,0,Coastal Suburbs,20013
PROP_10024,2025-08-03,518640,1,2.5,2161,8644,1.5,0,1976,0,Tech Park District,30046
PROP_10025,2026-01-16,770352,5,3.0,2918,8754,2.5,0,1994,0,Metro City,10001
PROP_10026,2025-10-31,428688,1,1.0,1832,9160,1.5,0,1984,0,Coastal Suburbs,20012
PROP_10027,2026-03-21,201852,1,1.0,1602,3204,1.5,0,2000,0,Metro City,10001
PROP_10028,2025-06-03,636755,4,4.0,2599,12995,2.5,0,1978,0,Tech Park District,30046
PROP_10029,2026-01-19,1058560,6,3.5,3308,13232,2.5,0,1962,2017,Coastal Suburbs,20013
PROP_10030,2025-11-21,273600,4,1.0,1425,8550,1.5,0,1968,0,Greenwood Valley,40081
PROP_10031,2025-09-29,311751,1,2.5,2211,8844,1.5,0,1994,0,Greenwood Valley,40082
PROP_10032,2026-03-25,242060,2,1.5,988,4940,1.5,0,1958,2020,Tech Park District,30045
PROP_10033,2026-03-17,248651,4,1.0,1087,2174,1.0,0,2004,2022,Coastal Suburbs,20012
PROP_10034,2026-04-18,989520,5,2.5,2604,18228,2.0,0,1977,0,Coastal Suburbs,20011
PROP_10035,2026-05-07,1363635,6,4.0,4095,16380,2.5,0,1966,0,Tech Park District,30045
PROP_10036,2026-03-01,403488,1,2.5,1868,9340,1.0,0,1963,0,Coastal Suburbs,20011
PROP_10037,2026-04-01,215820,1,1.0,1199,5995,1.5,0,1965,0,Coastal Suburbs,20012
PROP_10038,2025-09-28,394142,3,1.0,1198,5990,1.5,1,2005,0,Coastal Suburbs,20013
PROP_10039,2025-11-27,177232,3,2.0,1166,2332,1.5,0,1973,0,Metro City,10001
PROP_10040,2025-11-01,188870,4,1.5,1111,2222,1.5,0,1976,2017,Greenwood Valley,40082
PROP_10041,2025-10-24,943251,4,2.5,4119,28833,2.0,0,1952,0,Greenwood Valley,40082
PROP_10042,2026-05-08,1070794,4,4.0,4087,16348,3.0,0,1981,0,Metro City,10003
PROP_10043,2026-03-21,201235,4,2.0,835,3340,1.0,0,1964,0,Coastal Suburbs,20012
PROP_10044,2026-05-11,179365,1,2.5,1237,2474,1.5,0,1988,0,Metro City,10004
PROP_10045,2025-08-11,771904,6,3.0,3446,17230,3.0,0,2000,0,Coastal Suburbs,20013
PROP_10046,2025-12-11,5819535,7,6.0,8185,106405,3.0,0,1981,0,Tech Park District,30045
PROP_10047,2026-02-22,189787,3,1.5,1123,2246,1.5,0,1985,0,Coastal Suburbs,20012
PROP_10048,2025-10-05,179887,4,2.0,1066,2132,1.5,0,1955,2022,Tech Park District,30046
PROP_10049,2025-07-24,251640,4,1.5,2097,8388,2.0,0,2000,0,Greenwood Valley,40082
PROP_10050,2025-11-15,212796,4,2.0,1542,7710,2.0,0,1966,0,Coastal Suburbs,20013
PROP_10051,2026-02-20,608497,4,1.0,2054,12324,2.0,0,1951,2020,Coastal Suburbs,20013
PROP_10052,2026-03-26,431970,1,2.5,2057,8228,2.0,0,1966,2023,Tech Park District,30045
PROP_10053,2025-09-07,187741,2,2.5,953,1906,2.0,0,2010,0,Coastal Suburbs,20011
PROP_10054,2025-12-02,128885,3,2.0,865,5190,1.5,0,1960,0,Tech Park District,30046
PROP_10055,2026-01-19,956622,4,2.5,3193,9579,2.0,1,2010,0,Greenwood Valley,40081
PROP_10056,2025-07-21,482608,2,1.0,2224,6672,1.0,0,2004,0,Tech Park District,30046
PROP_10057,2025-08-15,331670,1,2.0,1951,3902,1.5,0,2003,0,Tech Park District,30045
PROP_10058,2026-05-31,1560888,4,3.5,3097,24776,2.0,1,1989,0,Greenwood Valley,40082
PROP_10059,2026-01-04,280350,3,2.0,1335,2670,2.0,0,2008,0,Greenwood Valley,40081
PROP_10060,2025-12-28,124841,3,1.5,983,4915,1.0,0,2006,0,Coastal Suburbs,20013
PROP_10061,2025-07-12,1820192,5,3.5,4426,17704,3.0,0,1993,2023,Tech Park District,30046
PROP_10062,2025-07-18,251248,2,2.0,1532,6128,2.0,0,1958,0,Coastal Suburbs,20013
PROP_10063,2025-07-02,335580,1,1.5,2397,14382,2.0,0,2001,0,Coastal Suburbs,20012
PROP_10064,2026-01-04,208726,3,1.5,877,2631,1.5,0,1988,0,Coastal Suburbs,20012
PROP_10065,2025-08-06,476571,3,2.5,2371,7113,1.0,0,1983,0,Coastal Suburbs,20012
PROP_10066,2026-01-30,160890,2,2.0,1038,4152,2.0,0,1998,2018,Greenwood Valley,40081
PROP_10067,2025-09-18,869346,5,3.0,2841,11364,2.0,0,1955,0,Coastal Suburbs,20013
PROP_10068,2026-01-15,343434,1,1.5,1547,3094,2.0,0,1980,0,Greenwood Valley,40082
PROP_10069,2025-07-10,260205,4,1.0,1045,3135,2.0,0,2014,0,Greenwood Valley,40081
PROP_10070,2025-12-07,249210,2,1.0,1917,7668,1.0,0,2006,0,Greenwood Valley,40082
PROP_10071,2026-05-13,264407,1,1.5,1849,5547,1.5,0,1951,0,Metro City,10001
PROP_10072,2026-02-25,1336367,4,4.0,3163,22141,3.0,0,2010,2019,Greenwood Valley,40082
PROP_10073,2025-12-24,1496450,6,4.0,4325,21625,2.5,0,1963,0,Tech Park District,30045
PROP_10074,2026-03-29,203202,2,2.5,1278,3834,1.0,0,1981,0,Coastal Suburbs,20011
PROP_10075,2026-03-14,371306,1,1.5,1845,9225,1.0,0,1951,2024,Tech Park District,30046
PROP_10076,2026-02-21,275268,4,1.0,1356,5424,1.5,0,1980,0,Metro City,10004
PROP_10077,2025-12-20,459558,2,2.0,1899,3798,1.5,0,1988,0,Tech Park District,30045
PROP_10078,2025-10-14,1109500,4,2.5,4438,35504,3.0,0,1964,0,Coastal Suburbs,20013
PROP_10079,2026-03-27,218860,3,1.5,1412,8472,1.5,0,2007,2016,Coastal Suburbs,20012
PROP_10080,2026-02-11,160146,3,2.0,1271,7626,1.0,0,1956,0,Greenwood Valley,40081
PROP_10081,2026-04-22,1348050,5,2.5,4085,20425,2.5,0,1974,0,Metro City,10001
PROP_10082,2026-01-03,923232,6,3.5,2608,10432,2.0,0,1955,0,Metro City,10004
PROP_10083,2026-01-12,162274,3,2.5,1211,4844,1.0,0,1999,0,Coastal Suburbs,20013
PROP_10084,2026-05-19,996376,4,3.0,3704,14816,3.0,0,1969,0,Tech Park District,30045
PROP_10085,2026-02-06,1577094,4,4.0,4309,25854,2.0,0,2013,0,Coastal Suburbs,20012
PROP_10086,2025-12-31,444346,4,2.0,1867,9335,1.0,0,1952,0,Greenwood Valley,40082
PROP_10087,2025-08-23,170996,1,2.0,868,2604,2.0,0,1996,0,Tech Park District,30045
PROP_10088,2025-08-13,1087541,5,3.0,3367,20202,2.5,0,1984,0,Metro City,10003
PROP_10089,2026-02-14,295074,2,2.5,1261,5044,1.0,0,1961,0,Greenwood Valley,40082
PROP_10090,2025-08-05,238620,3,1.5,1455,7275,2.0,0,1983,0,Tech Park District,30045
PROP_10091,2026-02-04,1100837,5,4.0,3829,30632,2.0,0,1972,2024,Greenwood Valley,40081
PROP_10092,2026-05-31,1063368,5,4.0,3282,13128,2.5,0,2005,0,Metro City,10004
PROP_10093,2026-01-21,276828,4,2.0,1564,4692,1.5,0,1981,0,Metro City,10004
PROP_10094,2025-08-06,297745,2,1.0,1645,6580,1.0,0,1957,0,Greenwood Valley,40081
PROP_10095,2026-05-27,2189180,6,3.0,4115,20575,2.5,1,1955,2017,Greenwood Valley,40082
PROP_10096,2026-02-18,257217,4,2.0,1033,4132,2.0,0,1990,0,Tech Park District,30045
PROP_10097,2026-02-26,333195,3,1.0,1455,2910,1.5,0,1957,0,Coastal Suburbs,20013
PROP_10098,2025-07-31,3413401,6,5.0,4762,66668,2.5,1,1982,0,Greenwood Valley,40082
PROP_10099,2026-05-22,1523340,5,2.5,4340,21700,2.0,0,1979,0,Greenwood Valley,40081
PROP_10100,2025-09-17,1141288,5,4.0,3448,17240,2.5,0,2003,0,Tech Park District,30046
PROP_10101,2026-01-20,1191595,4,4.0,3557,17785,2.0,0,1958,0,Metro City,10003
PROP_10102,2026-01-29,307258,4,2.0,1291,6455,1.0,0,2006,0,Metro City,10002
PROP_10103,2025-06-17,1470840,4,3.0,4120,12360,2.0,0,2001,0,Greenwood Valley,40082
PROP_10104,2025-08-20,236165,1,1.0,1585,6340,1.0,0,1961,0,Greenwood Valley,40081
PROP_10105,2026-03-14,222112,3,1.5,1262,3786,1.5,0,1959,0,Tech Park District,30046
PROP_10106,2025-12-07,395271,3,1.0,1691,3382,1.5,0,1952,2025,Tech Park District,30045
PROP_10107,2025-07-31,203870,4,1.5,1073,3219,1.0,0,2008,2018,Greenwood Valley,40082
PROP_10108,2026-04-05,205506,4,1.0,882,4410,1.5,0,1982,0,Tech Park District,30046
PROP_10109,2025-12-27,304048,3,1.0,1226,6130,1.5,0,1970,0,Metro City,10003
PROP_10110,2025-07-27,226957,4,1.5,1179,5895,2.0,0,2001,2024,Tech Park District,30045
PROP_10111,2025-08-01,303020,4,1.5,1390,5560,1.5,0,1963,0,Tech Park District,30045
PROP_10112,2025-12-07,434362,1,2.5,1430,8580,1.5,0,1957,2022,Coastal Suburbs,20011
PROP_10113,2026-03-20,122220,3,2.5,873,5238,1.0,0,1956,0,Greenwood Valley,40081
PROP_10114,2025-10-27,754372,6,2.5,3662,10986,2.5,0,2002,0,Tech Park District,30046
PROP_10115,2025-06-21,210270,4,1.5,1630,6520,2.0,0,1992,0,Tech Park District,30046
PROP_10116,2026-02-23,542640,2,1.5,2261,13566,1.0,0,1977,0,Metro City,10003
PROP_10117,2025-08-18,455246,4,2.5,1663,6652,2.0,0,2011,2023,Coastal Suburbs,20013
PROP_10118,2025-07-31,880110,4,3.0,3810,15240,2.0,0,1974,0,Greenwood Valley,40081
PROP_10119,2025-12-08,342000,1,1.0,1710,3420,1.5,0,1959,0,Tech Park District,30046
PROP_10120,2025-11-04,910116,6,3.0,4293,30051,3.0,0,2013,0,Metro City,10001
PROP_10121,2025-12-09,671732,6,4.0,2753,11012,2.0,0,1980,0,Greenwood Valley,40081
PROP_10122,2025-11-03,217155,3,2.5,1401,2802,2.0,0,1976,0,Metro City,10004
PROP_10123,2025-10-29,1092930,5,4.0,4286,25716,3.0,0,1973,0,Greenwood Valley,40082
PROP_10124,2026-02-04,323575,4,1.5,1849,5547,1.0,0,1995,2023,Tech Park District,30046
PROP_10125,2025-06-15,177118,2,1.0,1121,5605,2.0,0,1961,0,Coastal Suburbs,20012
PROP_10126,2025-08-13,395166,3,1.5,1966,7864,1.0,0,1994,0,Coastal Suburbs,20011
PROP_10127,2025-08-12,311542,3,2.5,1666,4998,2.0,0,1954,0,Metro City,10002
PROP_10128,2026-03-29,313536,1,2.5,1633,9798,1.0,0,1972,0,Greenwood Valley,40082
PROP_10129,2026-01-02,224903,4,1.0,1691,8455,2.0,0,1952,0,Metro City,10002
PROP_10130,2025-06-25,425810,3,2.5,1738,3476,1.0,0,1971,0,Metro City,10004
PROP_10131,2025-11-04,387360,4,1.0,1614,4842,1.0,0,2007,2017,Metro City,10003
PROP_10132,2025-10-24,276500,2,2.0,1106,4424,1.0,0,2003,0,Metro City,10001
PROP_10133,2025-09-19,277024,4,1.0,1574,7870,1.5,0,1998,0,Coastal Suburbs,20013
PROP_10134,2025-09-02,1302652,5,2.5,3854,11562,3.0,0,1973,0,Greenwood Valley,40082
PROP_10135,2026-02-06,326439,2,1.5,1909,9545,2.0,0,1987,0,Tech Park District,30045
PROP_10136,2025-06-02,866546,4,4.0,3062,9186,2.5,0,1956,0,Metro City,10001
PROP_10137,2025-08-02,4081780,8,7.5,6428,51424,3.0,0,1961,0,Greenwood Valley,40081
PROP_10138,2026-03-08,477903,1,1.5,1983,3966,1.5,0,1969,0,Tech Park District,30046
PROP_10139,2025-11-26,272577,2,1.5,2113,6339,1.0,0,1974,0,Metro City,10003
PROP_10140,2025-07-05,348000,2,1.5,2320,4640,1.0,0,1963,0,Tech Park District,30046
PROP_10141,2025-06-23,441496,2,1.5,1903,5709,1.0,0,1991,0,Metro City,10001
PROP_10142,2025-12-31,395123,1,1.5,2183,6549,1.0,0,2000,0,Coastal Suburbs,20011
PROP_10143,2026-02-02,159676,1,1.0,836,2508,1.5,0,1959,0,Tech Park District,30046
PROP_10144,2026-03-21,1487398,5,2.5,3977,11931,3.0,0,1990,0,Tech Park District,30046
PROP_10145,2025-11-06,235814,3,2.0,1502,4506,2.0,0,1953,0,Coastal Suburbs,20011
PROP_10146,2026-03-17,188790,1,1.0,1085,2170,2.0,0,1961,0,Metro City,10001
PROP_10147,2026-01-18,293333,2,2.0,1489,8934,2.0,0,1971,0,Metro City,10001
PROP_10148,2025-11-20,2867241,8,6.0,5961,65571,4.0,0,1986,0,Coastal Suburbs,20011
PROP_10149,2025-12-11,1147230,6,3.5,3642,21852,3.0,1,1978,0,Greenwood Valley,40082
PROP_10150,2026-01-30,310980,2,2.0,2130,12780,1.0,0,2003,0,Coastal Suburbs,20013
PROP_10151,2026-04-07,389443,1,2.0,1957,9785,1.0,0,1961,0,Metro City,10003
PROP_10152,2025-08-07,476994,3,2.5,1939,11634,1.0,0,1999,0,Metro City,10003
PROP_10153,2025-08-10,171437,2,2.5,1289,7734,1.0,0,1991,0,Coastal Suburbs,20012
PROP_10154,2026-02-14,378392,4,1.0,1631,6524,1.5,0,1979,0,Tech Park District,30046
PROP_10155,2026-04-22,524037,4,2.0,1855,9275,1.5,0,2006,2021,Metro City,10003
PROP_10156,2026-01-22,192882,3,1.0,1054,3162,1.5,0,1982,0,Greenwood Valley,40081
PROP_10157,2026-01-17,163358,3,1.0,1339,4017,1.0,0,2008,0,Metro City,10001
PROP_10158,2026-05-08,803580,5,4.0,2832,22656,2.0,0,1998,2021,Coastal Suburbs,20011
PROP_10159,2026-01-16,416379,2,1.0,1599,9594,2.0,1,1993,0,Tech Park District,30045
PROP_10160,2025-08-16,291238,4,1.5,1306,7836,1.5,0,1968,0,Tech Park District,30046
PROP_10161,2025-11-14,191565,2,2.5,891,1782,1.0,0,1991,0,Tech Park District,30046
PROP_10162,2025-07-16,390744,2,2.5,1608,4824,1.0,0,1994,0,Coastal Suburbs,20013
PROP_10163,2026-04-16,226180,4,1.0,1315,2630,1.0,0,2015,0,Coastal Suburbs,20011
PROP_10164,2026-05-07,318997,3,1.5,1393,2786,1.0,0,1954,0,Tech Park District,30046
PROP_10165,2026-04-16,271414,4,1.5,1606,6424,2.0,0,2013,0,Coastal Suburbs,20012
PROP_10166,2025-12-27,256274,1,2.5,1321,3963,2.0,0,1971,0,Tech Park District,30046
PROP_10167,2025-12-16,205516,3,1.0,1076,3228,1.5,0,1967,0,Tech Park District,30046
PROP_10168,2025-09-28,234832,1,2.0,1278,2556,1.0,0,2012,2020,Tech Park District,30045
PROP_10169,2025-12-20,430540,2,1.5,2090,10450,1.5,0,1987,0,Tech Park District,30045
PROP_10170,2025-11-21,110360,2,1.5,890,2670,1.5,0,1988,0,Tech Park District,30045
PROP_10171,2026-03-04,249550,2,1.5,1610,8050,1.0,0,1953,0,Metro City,10003
PROP_10172,2025-06-24,434259,4,2.0,2373,4746,2.0,0,2010,0,Coastal Suburbs,20012
PROP_10173,2026-05-10,129794,4,2.0,1022,2044,1.5,0,2003,0,Greenwood Valley,40081
PROP_10174,2026-01-13,285936,4,1.0,2072,8288,1.0,0,1978,0,Coastal Suburbs,20013
PROP_10175,2025-10-21,409092,2,2.5,1868,11208,1.0,0,1969,0,Coastal Suburbs,20011
PROP_10176,2026-04-27,137616,2,1.5,1128,2256,2.0,0,2007,0,Greenwood Valley,40081
PROP_10177,2025-07-16,1867958,4,3.5,4332,17328,2.5,1,2004,0,Tech Park District,30046
PROP_10178,2025-08-24,732654,5,2.5,2418,12090,2.0,0,1958,0,Coastal Suburbs,20013
PROP_10179,2026-05-29,228798,3,1.5,1338,2676,1.0,0,1969,0,Greenwood Valley,40081
PROP_10180,2025-06-13,3312920,9,7.5,7202,50414,3.0,0,1983,0,Metro City,10003
PROP_10181,2026-03-20,380912,1,2.0,2128,10640,1.5,0,1979,0,Tech Park District,30046
PROP_10182,2026-04-19,155551,3,1.5,869,4345,2.0,0,1972,0,Greenwood Valley,40081
PROP_10183,2026-05-29,1643355,5,2.5,3948,31584,2.5,0,1991,2024,Metro City,10003
PROP_10184,2025-11-06,142065,3,2.5,924,4620,1.0,0,1975,2021,Metro City,10004
PROP_10185,2026-03-15,410642,4,1.5,1817,9085,2.0,0,1997,0,Coastal Suburbs,20011
PROP_10186,2026-04-27,526260,1,2.5,2148,10740,2.0,0,1957,0,Metro City,10001
PROP_10187,2025-08-03,991058,4,4.0,3617,21702,2.0,0,1953,0,Metro City,10004
PROP_10188,2026-04-26,236032,2,1.0,1844,3688,2.0,0,1980,0,Tech Park District,30045
PROP_10189,2026-03-14,534397,2,1.5,2106,10530,2.0,0,2013,2020,Coastal Suburbs,20012
PROP_10190,2025-07-14,317099,3,1.0,1643,4929,1.5,0,1990,0,Greenwood Valley,40081
PROP_10191,2025-09-07,1057789,5,2.5,2791,19537,2.0,0,1955,0,Metro City,10004
PROP_10192,2026-04-13,969361,6,4.0,2431,19448,2.5,0,1988,2023,Tech Park District,30045
PROP_10193,2026-03-05,562468,3,2.5,2195,4390,1.5,0,1967,2025,Greenwood Valley,40081
PROP_10194,2026-03-23,350294,1,1.0,1834,7336,2.0,0,1993,0,Metro City,10002
PROP_10195,2025-06-28,1203650,4,3.5,3325,23275,2.5,0,1954,0,Coastal Suburbs,20011
PROP_10196,2026-03-19,439675,3,2.0,2045,6135,1.0,0,1981,2020,Greenwood Valley,40081
PROP_10197,2026-02-23,206664,2,1.0,948,1896,1.0,0,2015,0,Metro City,10003
PROP_10198,2025-09-05,370230,2,1.5,1763,7052,1.0,0,1981,2024,Metro City,10001
PROP_10199,2026-01-30,197200,2,1.0,1360,5440,1.0,0,2010,0,Greenwood Valley,40081
PROP_10200,2026-02-13,624396,4,3.0,2559,17913,3.0,0,2015,0,Greenwood Valley,40082
PROP_10201,2025-06-10,215634,4,1.0,1299,6495,2.0,0,2011,0,Metro City,10002
PROP_10202,2025-08-01,331960,2,2.5,1930,3860,2.0,0,1988,0,Greenwood Valley,40082
PROP_10203,2026-05-04,204736,3,2.5,914,1828,2.0,0,1966,0,Coastal Suburbs,20011
PROP_10204,2026-02-28,275844,4,1.0,2172,6516,1.5,0,1969,0,Greenwood Valley,40082
PROP_10205,2025-09-01,309732,1,2.0,1461,4383,1.0,0,1995,0,Coastal Suburbs,20011
PROP_10206,2025-06-10,419144,2,2.5,1732,8660,1.0,0,1962,0,Tech Park District,30045
PROP_10207,2025-10-19,346558,2,1.0,1438,4314,1.5,0,1974,0,Greenwood Valley,40081
PROP_10208,2025-09-14,437546,3,1.0,1691,5073,2.0,0,1984,2021,Coastal Suburbs,20013
PROP_10209,2025-10-04,579348,2,1.0,2394,4788,1.5,0,1955,0,Metro City,10002
PROP_10210,2026-05-28,132888,1,1.5,904,5424,1.0,0,1996,0,Tech Park District,30045
PROP_10211,2026-03-24,916236,5,2.5,2463,17241,2.0,0,1999,0,Coastal Suburbs,20012
PROP_10212,2026-01-14,157930,4,2.0,929,5574,1.5,0,2001,2017,Greenwood Valley,40082
PROP_10213,2025-07-14,930240,6,3.5,2584,12920,2.0,0,2000,0,Greenwood Valley,40081
PROP_10214,2026-03-01,322542,4,2.0,1629,3258,1.0,0,1954,0,Greenwood Valley,40082
PROP_10215,2026-04-07,3544770,8,4.5,5190,31140,3.0,0,2002,0,Metro City,10004
PROP_10216,2025-11-12,137565,3,2.5,1019,5095,1.5,0,2001,0,Coastal Suburbs,20011
PROP_10217,2025-12-23,235172,3,2.0,1589,9534,1.5,0,1958,0,Metro City,10003
PROP_10218,2026-03-29,222796,3,1.0,1022,2044,1.5,0,2004,0,Metro City,10001
PROP_10219,2025-06-24,2326248,6,3.5,3853,15412,2.0,1,2002,2016,Tech Park District,30046
PROP_10220,2026-02-07,688387,4,4.0,2610,18270,2.5,0,1990,2022,Greenwood Valley,40081
PROP_10221,2025-06-12,386630,2,1.0,1681,3362,2.0,0,1977,2022,Metro City,10003
PROP_10222,2025-11-22,692711,4,1.5,2399,7197,1.0,0,2005,2019,Coastal Suburbs,20011
PROP_10223,2026-01-10,821826,6,4.0,3078,24624,2.5,0,1986,0,Tech Park District,30045
PROP_10224,2025-09-01,159182,4,1.5,1121,3363,1.5,0,1966,0,Greenwood Valley,40081
PROP_10225,2025-12-30,1223980,5,3.0,3221,16105,3.0,0,1952,0,Metro City,10003
PROP_10226,2025-06-13,349865,4,1.5,1676,6704,1.0,0,2002,2024,Coastal Suburbs,20013
PROP_10227,2026-02-26,1166928,5,3.0,4228,29596,2.5,0,2015,0,Coastal Suburbs,20011
PROP_10228,2025-11-10,269857,3,2.5,2029,4058,2.0,0,1988,0,Coastal Suburbs,20012
PROP_10229,2025-12-13,1036350,6,2.5,4410,17640,2.0,0,1970,0,Greenwood Valley,40081
PROP_10230,2025-10-10,322712,2,2.5,1391,2782,1.0,0,1998,0,Greenwood Valley,40081
PROP_10231,2025-07-17,390224,4,2.0,1682,3364,1.0,0,1988,0,Coastal Suburbs,20011
PROP_10232,2025-07-29,452160,4,1.0,1884,7536,2.0,0,1997,0,Metro City,10003
PROP_10233,2025-07-21,717429,6,3.5,2687,8061,2.5,0,1960,0,Greenwood Valley,40082
PROP_10234,2026-03-05,217566,3,2.0,918,3672,2.0,0,2002,0,Coastal Suburbs,20011
PROP_10235,2025-08-26,188470,1,1.5,802,1604,1.0,0,1995,0,Tech Park District,30046
PROP_10236,2025-10-25,323125,2,1.5,1375,4125,1.0,0,1990,0,Tech Park District,30045
PROP_10237,2025-08-13,545615,1,1.5,2227,13362,2.0,0,1979,2024,Greenwood Valley,40081
PROP_10238,2025-09-02,332724,3,2.5,1398,2796,1.0,0,1974,0,Greenwood Valley,40081
PROP_10239,2025-10-09,301140,4,1.0,1260,2520,1.5,0,1974,0,Tech Park District,30045
PROP_10240,2025-07-16,211140,2,1.5,1020,4080,1.5,0,1978,0,Coastal Suburbs,20012
PROP_10241,2025-08-18,3048868,6,5.0,5284,63408,3.0,0,1966,0,Greenwood Valley,40082
PROP_10242,2025-11-05,314127,4,2.0,1881,11286,1.5,0,1989,0,Coastal Suburbs,20012
PROP_10243,2025-12-26,346336,2,1.5,2192,10960,1.5,0,1992,0,Coastal Suburbs,20011
PROP_10244,2026-05-14,927009,4,4.0,3230,12920,2.5,1,1960,0,Coastal Suburbs,20012
PROP_10245,2025-08-26,358843,3,1.0,1567,4701,1.5,0,2002,0,Coastal Suburbs,20012
PROP_10246,2025-07-01,435050,4,2.0,1925,7700,2.0,0,1961,0,Greenwood Valley,40081
PROP_10247,2026-04-11,380090,3,2.0,1910,11460,1.5,0,1971,0,Greenwood Valley,40082
PROP_10248,2025-11-14,236924,2,2.5,971,4855,1.5,0,1974,0,Coastal Suburbs,20012
PROP_10249,2025-09-01,357204,2,1.0,1751,3502,1.0,0,1990,0,Metro City,10004
PROP_10250,2025-06-14,226083,1,2.0,1581,4743,2.0,0,1980,0,Tech Park District,30046
